replicate,seed,success,cost,nfev,Kcool_times_Kp,Kcool_times_Ki,independent_validation_rmse_C,C_th_J_K,K_cool_W_K,K_node_W_K,Kp_1_K,Ki_1_Ks,heat_a0_W,heat_a1_W_A,heat_a2_W_A2
0,20300715,True,57534.33319713378,29,3.6870941110353765,0.06999358753963934,0.34963704458403927,6914.059872942184,37.93560514653696,10.748904238995731,0.09719349663180374,0.0018450631608292367,7.321965843475137,15.784786991055594,0.7029322142797021
1,20300716,True,57819.79289491726,30,3.5476822487921966,0.07421229297154795,0.3279798609648959,6721.428809928543,38.28449411587343,11.168820247026554,0.09266629560402798,0.0019384425649437594,6.072826922157976,15.441352187965824,0.6710947360913716
2,20300717,True,58201.38864234797,24,5.624636869610008,0.06933544305191569,0.3579123204288924,8875.54369469736,42.42419192046423,13.024704013641111,0.13258088404264554,0.0016343373889573186,7.791195917615844e-10,24.17267193978716,0.5243378447804264
3,20300718,True,48282.07761734508,26,3.5480670532952816,0.07425359813631575,0.32789987922795544,6726.343753373917,38.29191565309384,11.157201138026096,0.09265838474729356,0.0019391455577468962,6.135667201815296,15.446911300627283,0.6711254843292933
4,20300719,True,53923.22665559982,19,3.262929173422895,0.07952401422507907,0.32758316016934136,6750.674822218233,36.51624433810482,11.13906387269286,0.08935555209926169,0.0021777708980355217,3.256446684015231e-10,17.743009330242824,0.6491071269742547
5,20300720,True,55876.62483513533,30,5.093301371098801,0.0697826040918431,0.32905456411592016,6807.387041535508,45.2860102839867,11.16641745712984,0.11246964215127185,0.0015409307124703473,28.895854312195283,16.645331136708318,0.4922449399148418
6,20300721,True,40879.173929053904,31,3.557668381579887,0.07424400480182448,0.32757490131939354,6721.179464915297,38.314862155216375,11.167864880903286,0.09285348247287191,0.0019377338355298388,6.17471950220248,15.439718749281386,0.6700671121823353
7,20300722,True,47792.55023390497,29,3.558599179074255,0.07425403542983669,0.327806587304934,6729.0876313119,38.31870139282428,11.148981340231012,0.09286847021753857,0.0019378014580562434,6.15226962812892,15.449004066784898,0.6710494002486247
8,20300723,True,52297.49513948368,36,3.4975721726206994,0.07664579417607956,0.3282643570180983,6945.245232211067,38.22977148648887,10.709079757367181,0.09148817888845628,0.0020048718889980194,8.677022850593248,15.762654351978867,0.6835739076376595
9,20300724,True,61753.48786233547,8,4.050094021571028,0.07294399157205594,0.4261771614073899,6907.858329726301,38.622080003405415,10.238603031557796,0.10486473077612393,0.00188866036126548,1.4139242329719423e-06,12.585374086569635,1.15804862595532
10,20300725,True,60409.47268930196,29,2.761392800526993,0.08465554281851806,0.27667026907985653,8011.276990578328,35.38562063258944,11.225742121223492,0.07803714478258454,0.002392371288255773,73.56205475147871,15.446557324985578,0.45219962219785503
11,20300726,True,54771.03436472601,18,3.5323242481325314,0.07399210363014348,0.29791014802099525,7476.547737295307,38.293109469947446,11.280968247984227,0.09224438278914672,0.0019322563420505908,79.11735442045172,18.063459471072278,0.0008053038971606074
12,20300727,True,69171.2211660785,18,4.226188806283195,0.07430752315906079,0.3049660537917724,7765.714912420157,37.95390557580333,11.31302776636802,0.11135056437979622,0.001957836012703628,6.434366425125535,27.31513240225255,7.76210942608882e-06
13,20300728,True,59495.467892811124,18,4.478371168808918,0.08217602254330973,0.35908420570466293,7536.9117877437375,44.09065321295417,11.418835564668132,0.10157189432369622,0.0018637968946934491,117.56026352767731,3.723019485102285e-08,1.428997241298287
14,20300729,True,50717.03953447897,22,4.587764724066824,0.09430652888292834,0.28919624424156226,8496.693905437627,42.84571051284515,13.72369516468953,0.10707640669633456,0.002201072820455509,9.461564573460343,26.350260108526726,0.24927579007601355
15,20300730,True,68288.4475966527,26,4.715666408005194,0.08915992187660411,0.3910492016390945,7637.037474662539,43.897727920215054,10.812781240170136,0.10742392901464072,0.0020310828396096934,1.9158683939673375,11.50467583867242,1.3813750176299757
16,20300731,True,63247.992172902836,25,3.5550888942313015,0.07670386188556932,0.3997198708139806,7543.279488642408,38.74651553837456,10.989171699792086,0.09175248005747356,0.0019796325119765105,3.921694324016743,14.291049466790517,1.0371633577231554
17,20300732,True,64722.4471072037,21,3.683225037050998,0.08247005341566714,0.4311231056761502,7213.679173203525,38.98367605658753,10.54978324064339,0.0944812139241189,0.0021155022244684187,8.862454099130499e-05,12.048476994844988,1.3518248361385516
18,20300733,True,52936.16312527478,32,4.601686250132201,0.07746235072999416,0.3127707724444963,6848.769241465121,42.64267900033863,11.389051805154741,0.10791269118189452,0.001816545126758547,35.32041188717737,15.49622962023809,0.5372130328809768
19,20300734,True,54812.025394460754,25,3.5479653007781415,0.07416185667968082,0.3281733238135637,6725.1134128675585,38.27752406765395,11.16161954605982,0.0926905641678197,0.0019374778929954505,6.106459003872227,15.44504168487944,0.6711695789069239
20,20300735,True,58236.93480212297,24,4.255715033464526,0.05077323553988839,0.4388496187355973,7360.316463305126,33.07078222576568,10.884735380075382,0.1286850430211133,0.0015352898275363624,5.26853695141846,16.14198969085643,0.7353693885305953
21,20300736,True,57111.983423528996,27,3.830504452114758,0.06864695426828825,0.34729425809197506,6818.042968924607,38.07421988959292,10.957920157237076,0.1006062491423961,0.0018029773024201077,6.760319349118205,15.646197159793115,0.6858731191250518
22,20300737,True,75697.85791563516,25,4.842904989733162,0.07769624556491035,0.3319762317543113,6896.616809564927,44.61293121725968,10.622489058454573,0.10855383983062646,0.0017415633415015673,14.646522754509526,16.667257061038185,0.7261474634834593
23,20300738,True,65791.7758483851,27,3.521684818618518,0.08525121741687107,0.31737157118809967,8029.146045881536,39.47432282646494,10.233168569900297,0.08921457206752789,0.002159662568288967,16.327228139495073,16.24819779663722,0.6782536062575611
24,20300739,True,53979.62241930961,31,3.1491214769296785,0.07525777673885162,0.3400402535521481,6983.372352524795,36.90128017261833,10.767765562289974,0.08533908477425683,0.0020394353905015677,6.759710345341899,15.711546641194996,0.70512120474488
25,20300740,True,49332.0110828094,26,4.287552491679705,0.07582693635340305,0.35503397528458197,6721.425258448473,41.52471896506701,10.91219643412956,0.10325301648125883,0.001826067418233295,1.8347186002769837,13.859608059565891,0.8951962243417392
26,20300741,True,44325.97534530795,13,4.657476430763574,0.0929637271526379,0.2900498917623612,9203.88487902154,42.63842387095973,14.289783176034922,0.10923190887305988,0.0021802805712045526,2.453837847835426e-10,30.376614411128283,1.8196368904650535e-10
27,20300742,True,57520.30085766024,24,3.56073735286825,0.07446872308855967,0.32752245655519413,6742.95077418386,38.35575536637838,11.115724466644119,0.09283449951267278,0.0019415266985938946,6.202280446620936,15.465376349739874,0.6723016616711934
28,20300743,True,53551.01361512589,28,3.5534741279001736,0.07492668579208384,0.32573599481495796,6713.931790464898,38.35369597154904,11.176734139286351,0.0926501094063049,0.0019535714588670887,6.05651088901467,15.437995314195327,0.6708754343739989
29,20300744,True,48808.75920668436,26,3.5913698432486614,0.07411863056078223,0.3283321121806707,6773.968962071825,38.380404370264294,11.0617153499598,0.09357300690742906,0.0019311581463744706,5.970090704155162,15.454219761854779,0.6731849582328913
30,20300745,True,65298.44258777285,32,3.937684944912533,0.06647600219496438,0.37264562661002965,7127.14355371088,36.91323287741805,10.642795172500525,0.10667407425377369,0.0018008718557845848,3.527025348549193,15.52418366118652,0.7588737076553704
31,20300746,True,75510.11707335981,33,4.29068935321072,0.06901866073422665,0.35342261627254806,7646.087904065684,38.063133978824986,10.750545875841567,0.11272559310533088,0.001813267945109896,16.493574574759624,16.428928933898177,0.6993952620679881
32,20300747,True,57538.31614687784,31,3.551888079007709,0.07440953519319173,0.3274565189708756,6723.2456900315965,38.32028245947516,11.159582962288791,0.09268950673220994,0.0019417794029018972,6.048769584159065,15.444829380794882,0.671494772006712
33,20300748,True,51657.72813260536,33,3.6819507999555228,0.07154703101233605,0.34888474788168494,7075.486643034386,37.79940190908614,10.70880796487666,0.09740764705249114,0.00189280854719391,2.9448041313225763,15.449707314125753,0.7260485670705671
34,20300749,True,56980.07650812034,32,5.092429169938438,0.10157622280844011,0.3084652732960562,8502.676478231931,44.18533015073087,11.501298104296003,0.11525158129556726,0.0022988675757752586,99.65689472291938,16.156934434214733,0.15075187556169126
35,20300750,True,41672.78426061164,31,3.569486219638827,0.07416212957503752,0.32788430096502674,6713.565230167232,38.3301637766357,11.181143299661285,0.09312473175015812,0.0019348242289599436,5.9067804783068665,15.428992823231358,0.6712535190394426
36,20300751,True,72099.6202232637,34,4.277877476893371,0.07132485853533652,0.37148143983139964,7666.745295442555,38.32026499591004,10.478761548999408,0.1116348615373603,0.0018612830193880207,7.5077741373821,16.495129743621746,0.8161065482754443
37,20300752,True,52382.92443245663,25,3.787273070795373,0.08064967986730139,0.31889449405731474,6612.739808784784,39.50062662984923,11.065875729543514,0.09587880988028338,0.0020417316571468584,10.070386160617339,16.0231301233604,0.6988942383828354
38,20300753,True,77872.88507226814,31,3.4641750996205336,0.09311051972651331,0.29626421821264676,7113.871301982227,39.047744024688434,10.320558919189308,0.08871639543196823,0.002384530068309273,9.750774791523169,16.038203851039224,0.7139601584819657
39,20300754,True,59970.899799836894,29,4.232675022598845,0.06640232161036826,0.3719725143687283,7533.055382297662,37.2110982586701,10.741214897852421,0.11374765112213912,0.0017844762642794793,10.563798318378556,16.40535609748243,0.7401293932026217
40,20300755,True,53761.632556291916,34,3.4661520530159864,0.07053573619703297,0.3439672396770681,6825.8376347113,37.48391712574941,11.062176610427251,0.09247037980016579,0.0018817600081763805,7.166711470097158,15.533447540857576,0.6721233395035231
41,20300756,True,55664.64580084123,8,3.5918490429268988,0.05438622032527392,0.4530028536914403,7190.465510357503,32.35936191154101,11.392319534464423,0.11099875988734689,0.0016806950790298804,4.892421153557419e-08,16.64179230638483,0.7500815795341266
42,20300757,True,46104.37069938479,34,3.748678123010175,0.069093045426724,0.3601180422478881,6826.607903955893,37.441123228360475,11.05146727573762,0.10012194613249928,0.0018453785428741672,2.750827879945388,15.59018342883934,0.7315147311607063
43,20300758,True,68619.90720740957,16,4.188993491075219,0.08152488910456505,0.31132368003163957,7480.758944323884,43.38865152200552,10.80974825716042,0.09654583270352797,0.0018789449831880095,19.95814034704825,16.340187412149586,0.6628739885223962
44,20300759,True,54531.82852456538,28,3.565868109224356,0.07417309537622205,0.3278573290216673,6729.50691494289,38.32303351053343,11.149286523351796,0.09304764739576905,0.001935470357685409,6.220049800844103,15.446394667222224,0.6704932470198581
45,20300760,True,57799.766667780095,16,4.647247070770339,0.0808263693286454,0.3225075081788938,7528.083891114965,45.098699932040645,11.169462754018289,0.1030461427440988,0.0017922106280323573,8.057729760189416e-06,18.63699830774312,0.6524774559226509
46,20300761,True,55664.102260038315,28,3.160753994555102,0.07237191370384703,0.39241433513584983,7007.16234848773,36.922182278827904,10.818334132967626,0.0856058282440027,0.001960120156422793,1.8741842446819172,14.764197878946423,0.8712995249505567
47,20300762,True,70760.99035771692,25,5.020651253920732,0.06120423656073585,0.37731286817900106,7264.768910083697,41.738316064161,10.812372236482197,0.1202887832418271,0.0014663801114221148,4.888056963339049,16.13228361530133,0.7376522439658413
48,20300763,True,53340.75846235159,28,4.9810441534450725,0.0934064827716191,0.3035499624299826,7339.526602297304,43.97733128423392,10.322702866180894,0.11326390228755878,0.0021239688731431905,3.8455292980466083,15.65212640494166,0.7767639311233038
49,20300764,True,58759.51450646036,19,3.7100135261407106,0.07261508271772642,0.4684957098705822,7537.942608238174,38.41436675917286,11.51932354179369,0.09657880212888859,0.0018903105489923731,1.3038472870221488e-07,14.30138529008073,1.1895314515260424
50,20300765,True,59446.11998695838,29,3.450228287666836,0.08075721886846593,0.3211772357745869,7240.566900417041,38.26045135359526,10.162347289398774,0.09017740684187264,0.0021107231099320874,7.763492541604115,15.887761035831373,0.7045932723286682
51,20300766,True,60468.09789338567,35,3.649581253929699,0.0712925391598227,0.3410805776146444,6942.6395396513535,38.0555268989009,10.72450928451373,0.09590147742863347,0.0018733820017581132,9.782092609692823,15.791739842866162,0.6834012306815699
52,20300767,True,52376.96655913643,31,3.5114393610937835,0.07338562180008971,0.33159459386016005,6748.231173103166,38.056053771640286,11.138623110442655,0.09227019128584844,0.0019283560571058825,6.167107045964543,15.469494754768357,0.6734021887420197
53,20300768,True,41402.64711548926,26,3.5035369185724137,0.07261393080472474,0.33430047388313266,6807.2088587106855,37.91443074935821,11.047277849231532,0.09240642281387065,0.0019152056187986919,6.5566047284731575,15.510841143454606,0.6726030231990783
54,20300769,True,71033.13081998532,19,4.5439490632978945,0.07462548258381553,0.33381404031869044,6977.477122964871,43.51012370689466,9.925110848350112,0.10443429427845675,0.0017151291751439056,1.0459787109617402e-07,18.8997849561243,0.6247477124493602
55,20300770,True,59373.495174757176,25,3.569208385543934,0.07445016161067769,0.32690405123899663,6723.205545398112,38.38067146674082,11.156729649487108,0.09299494378666276,0.001939782676162747,6.176118153308598,15.441951114697293,0.6701950284492385
56,20300771,True,61764.33504625908,24,4.7810551380858195,0.11105479628070997,0.3410061900922038,7924.99988696364,42.780223996323386,12.065960015645512,0.11175853446902738,0.0025959376998646437,129.87543779627595,14.149619115908155,0.0005464734722921606
57,20300772,True,51754.434186635204,26,3.528651467596756,0.07353021273305717,0.3306708143254039,6737.503446400282,38.126367490961336,11.153010116208721,0.09255147289951758,0.001928592141658632,6.099250192672251,15.457543651356549,0.6724788176322322
58,20300773,True,57905.64917445394,35,5.070214080719831,0.0640192429732979,0.5230090316534609,7170.515839190524,42.60379786770662,11.655076396844152,0.11900850005118951,0.001502665165488076,0.688201417868199,9.222737995405184,1.5958466721148064
59,20300774,True,49700.372377294,20,3.554155624365461,0.07436162442602738,0.3253704398218886,6726.872661710244,38.32543984353722,11.187445697087018,0.09273619921585309,0.0019402679976957108,5.430881262514953,15.341323175663447,0.6657073105525816
60,20300775,True,51119.49006101709,33,3.669782798331224,0.0714354009842432,0.340179585274912,6867.434706315421,38.129564526371325,10.854955937368123,0.09624507502028022,0.0018734911313984914,7.268869438775445,15.6846725322636,0.6877188129686364
61,20300776,True,62700.69194137653,37,3.9434372993787106,0.07134522572634241,0.35951163025927146,7285.448317176118,38.2288378180439,10.652200330183232,0.10315347063774509,0.0018662671898612537,3.3905952650302336,15.852981305031085,0.7707494039206078
62,20300777,True,50616.60001387028,36,3.335363760087621,0.06400680185384461,0.3805292995366606,7131.556588245641,36.05439390690477,10.633371377054743,0.0925092172870743,0.0017752843667020201,7.519554372757961,15.724698299894035,0.6876819422276308
63,20300778,True,64838.704171496676,8,3.960258821161617,0.07863955517302541,0.3395809549716743,7539.689353338287,38.548578762880865,10.553146354344314,0.10273423685791039,0.002040011790233597,2.8579616365293406e-11,17.576098028572574,0.7309315155236281
64,20300779,True,72912.61864002743,19,4.538768755908623,0.0874333431591258,0.2920508010003951,7380.516243858728,42.3487979886069,11.443849342051166,0.10717585791052886,0.002064600350230673,3.6884517788793005e-11,24.967761881659747,0.13965225547326515
65,20300780,True,54499.85044990367,45,3.549544870752262,0.07226139614401987,0.3338309352109193,6792.638822457153,37.973203991220664,11.07855185528992,0.09347499019500462,0.0019029575739968262,6.848377871461978,15.480446923705498,0.6685099807818431
66,20300781,True,62787.561101320076,11,5.4480400376193,0.07445754999357718,0.3594352175953886,5799.494590917357,46.25104082310648,9.334877483177262,0.11779280943008581,0.001609856744161724,74.66527104915768,1.1190796889209044e-06,1.395347442848366
67,20300782,True,37507.420954223984,19,3.5252607590612026,0.0736604878922957,0.32844673696872717,6742.924996777568,38.137032696246514,11.171598313673266,0.09243668187662021,0.0019314687767919983,5.545292956533347,15.370548474242476,0.667910698698755
68,20300783,True,50464.04628864314,31,3.5954550660352904,0.07425951097108283,0.32723073867026614,6715.5638797863985,38.416318084583786,11.170373959914942,0.09359187046814157,0.0019330199944612254,5.962854935676298,15.429565640475197,0.6705111351628559
69,20300784,True,52243.779525255464,26,4.037797155957527,0.06887352067908488,0.4010569243917802,7373.089981128432,36.606542471306774,10.769693449720112,0.11030260940711527,0.001881453861234501,3.6856156904026895,14.704940502995393,0.9438862158331743
70,20300785,True,51797.12568540904,23,3.5627327198067316,0.07435122129147498,0.3274315771522541,6727.759749324026,38.34604313868254,11.149193055481332,0.09291004829159896,0.0019389541972447038,6.161197087736042,15.446923045601274,0.6708874309954591
71,20300786,True,50466.26657214911,21,3.5542954358823424,0.07436747722103891,0.3253441018739498,6726.624195331026,38.326717109707054,11.187868459522646,0.0927367566000622,0.0019403560447968492,5.426758692094374,15.340833575860426,0.6656892872247476
72,20300787,True,57987.54939282859,35,3.501149240995927,0.08197983429003837,0.31158966356629214,6914.065522175838,38.53058966294374,10.744947678116441,0.09086674436137968,0.0021276558445426893,7.356278289032697,15.692434638390932,0.6851046081059335
73,20300788,True,53721.96489677231,35,4.499064188905303,0.07117403704277568,0.34270367257003215,7023.6212104822935,41.6127227300005,10.756817371781736,0.10811751535935242,0.0017103912547270811,2.3086014468139875,15.4661319911118,0.7249705274544018
74,20300789,True,58806.8814901027,40,3.5505165200191495,0.0713346226946682,0.3520963247609344,6991.682322022948,37.82450670176715,10.606049317158508,0.09386815135525008,0.0018859366298446787,7.464650160561733,15.8571672346143,0.7213722233391626
75,20300790,True,58586.57177478179,34,3.6846260648680786,0.081490340449221,0.31642647768194077,6877.209117414302,39.19461655134048,10.71378184825046,0.09400847333310784,0.002079120747168886,5.721250735258534,15.69700912961563,0.6985932251608039
76,20300791,True,46194.044912856014,29,3.538276712720508,0.07400839312428201,0.32888323273477055,6732.7016189034275,38.22693402806412,11.151675311908928,0.09255978285161189,0.0019360274373547484,6.168524671996327,15.45328552262124,0.6716093364081264
77,20300792,True,42615.38044692573,30,3.591855528446652,0.07429637370683219,0.3278902902862845,6763.375130888682,38.413203943544765,11.072357871432985,0.09350575218160768,0.001934136340619343,6.416515666458094,15.479216669360692,0.6723273073515733
78,20300793,True,59909.768649815014,34,3.851625417028762,0.07440584065166782,0.33157513426885477,6902.710791259346,39.130130788937294,10.659420345174125,0.09843119200914292,0.0019014973666457442,7.747542278046868,15.788162481634076,0.6960473137017426
79,20300794,True,66393.32966682731,26,4.065735127951733,0.06574907031944932,0.3767913805577575,7363.749465766646,36.59389056572614,10.786973585704091,0.11110420524019665,0.001796722603226833,6.134550061127164,16.22362634671433,0.7466679424472054
80,20300795,True,60878.75553186634,22,3.587299053806346,0.07455263840713648,0.3266269111419858,6728.421231354688,38.44653593114718,11.138551010979423,0.09330617094426241,0.0019391249849050301,6.132725990616258,15.445451064754067,0.6709238309229807
81,20300796,True,57022.52204740916,29,6.024003690598247,0.060121040003422534,0.3490649925888536,6874.657090104759,47.58008555625237,11.120104418448184,0.126607668316953,0.0012635757019046005,36.727662382532,15.552789002676459,0.48746601308324095
82,20300797,True,52496.025759088705,19,4.11786648450094,0.07803019445907515,0.466083879786394,8228.68877413432,41.075374798767285,12.584621338323768,0.10025146464700115,0.0018996830787632135,3.229200756611972e-08,14.307614532887346,1.344275573682012
83,20300798,True,34222.45189409952,22,3.3437005187495745,0.07456521789394051,0.33125009557134805,6717.705141165065,37.56491129924691,11.231211471469507,0.08901127150582698,0.0019849698911823433,6.4849703644859735,15.593884027907457,0.6809489853028918
84,20300799,True,51971.842295191986,39,3.77345475280929,0.07413982272367987,0.3243804410764378,6820.903690230215,38.87468024732949,10.95407686881491,0.09706715859273231,0.0019071493900910716,9.011487048821703,15.524681051142423,0.6632120828127914
85,20300800,True,59340.13431151903,9,3.416835349101097,0.06871505754879512,0.3177012216117109,7271.615153512762,36.76366390591356,10.708227204738145,0.09294055559439188,0.0018691025389812157,1.6523606569151302e-07,22.174568978854595,0.32316492394739016
86,20300801,True,65336.495169314876,32,3.87928245047296,0.07991421456030644,0.31524709937076106,6938.383226278011,39.780713349477004,10.548669736141614,0.09751666382634039,0.002008868314106214,9.025086325279057,15.83960357091898,0.6881781524775595
87,20300802,True,53917.20509613204,26,3.9864291251587542,0.062326338048087744,0.4126991549431062,7693.67558336789,35.4628278200762,10.697808057114216,0.11241148465046995,0.0017575117913412304,11.808739011601745,16.566089044021318,0.7960342723096612
88,20300803,True,62015.20044338139,29,5.164072812370048,0.06575971380821069,0.35717662085674057,7430.999188628982,44.34868588170381,10.793790736045532,0.1164425215697429,0.0014827883284663473,11.166428343466817,16.17052349524971,0.7112444498292878
89,20300804,True,65243.99339086824,25,3.9059933225401657,0.08641530108012486,0.2993705549521545,7127.0538594192785,39.73284304773385,10.757256229284165,0.09830641411307069,0.0021749085756664357,12.831194976302276,16.263619174382438,0.6628723420553407
90,20300805,True,54169.65567220104,28,3.0989429835299256,0.06648386985160629,0.38596289264242617,6913.055784382294,35.96803602531372,11.24072358797558,0.08615824843338513,0.0018484153486950472,2.5435444344731515,15.734358674094803,0.7252962454856103
91,20300806,True,64225.1918641981,34,4.462406416833503,0.08067111362449875,0.3514331569576205,7947.424360980348,40.87905941511229,10.417937822670686,0.10916118131582618,0.0019734092412771126,0.26530835341582665,17.938056562707626,0.8350213711191018
92,20300807,True,53702.65469176581,26,3.4954916215461838,0.08057561742239415,0.33403977170198407,7694.489034062815,38.85689546399094,10.70778232880952,0.08995807770555138,0.0020736504154600915,13.416084381559603,16.56874178723173,0.7368089148844809
93,20300808,True,50281.75367109948,23,3.55003893769528,0.07420952201653894,0.328038965364262,6725.786052417188,38.290625206039174,11.158340562628622,0.09271300530071705,0.0019380598153522616,6.097826409456358,15.446216233122291,0.6712669272877977
94,20300809,True,75095.00320768236,23,4.287589275869128,0.08083435670871857,0.3300418215691323,7571.160021435112,40.26692704067562,10.296658290181778,0.10647917760245329,0.002007462765337513,17.613038595696874,17.043313994491093,0.7493823311106041
95,20300810,True,51011.5608008959,36,3.8486784248650845,0.07566741472000743,0.3205488884130594,6789.960143764343,39.338706031342845,10.940980049432234,0.09783439297161112,0.0019234850953084206,7.610440494310129,15.521034019804825,0.6680338623721152
96,20300811,True,50221.242782218374,15,3.554252934373571,0.0743688748022728,0.32533568505612526,6726.540107145438,38.32684091182718,11.188080284975916,0.09273534812196778,0.00194038624193844,5.425922957655297,15.340625688991112,0.6656755841361108
97,20300812,True,64748.69470379061,16,3.5542775974053935,0.07436958490944906,0.32533329092213653,6726.537151544633,38.326983838467555,11.188076649842996,0.09273564578901405,0.0019403975335728534,5.425922092424725,15.34062116315558,0.6656752940309907
98,20300813,True,48943.70985188983,24,3.5461807818764464,0.07421987592673628,0.32798763086973887,6723.411073020716,38.281479887104865,11.164795250706675,0.09263437025774385,0.0019387932792989354,6.101604135572007,15.443954805184203,0.6710859589877071
99,20300814,True,57583.70706325156,25,3.5498248606948986,0.07424583732045431,0.32794373022234313,6724.529601934842,38.29561503936006,11.160291995673138,0.09269533488485313,0.0019387555793044394,6.075918669322623,15.444772007792968,0.6713784354257767
100,20300815,True,48526.36172597228,27,3.5586436834285764,0.07437758700240817,0.3273664023892316,6723.018691239363,38.33995284672624,11.15951295075392,0.09281815493240599,0.0019399498820395417,6.102764115953479,15.442463914230462,0.6709480667930937
101,20300816,True,66511.20678270662,39,3.592186077634112,0.08734593079108696,0.3043449334399176,7116.854786121905,39.1985524261163,10.229012127320992,0.09164078404183093,0.0022282948064401517,10.159049019105439,16.11088820272752,0.708324792549105
102,20300817,True,67407.54905015137,28,5.088549731264283,0.0723949910471503,0.3368611434752048,6440.8642152443,45.54394290094905,10.968771347572636,0.1117283530398561,0.001589563538769537,7.163837192469232,16.01271402485695,0.6949085016308195
103,20300818,True,57433.907635489646,27,4.198847497115656,0.07830802488283108,0.3161162092236272,7454.973338733344,40.74610519586959,10.867097932950822,0.10304905160705496,0.0019218530091747055,4.523088222706576,18.291803030451106,0.5903461551689174
104,20300819,True,69910.74917522448,24,5.236858450215848,0.0913863401223079,0.38110777879297797,7263.971654038157,45.566791389440205,10.372913879281372,0.11492708374962418,0.0020055469638243185,0.0008380532015245332,9.744974504651957,1.5453216984469078
105,20300820,True,60045.75131132956,17,4.527126997533342,0.07594154582483702,0.34672357888943295,7375.5177101421805,43.214546580056194,10.689116405517499,0.10475933119295164,0.0017573144192118992,0.007006496379164625,16.611233330254514,0.7875354113276427
106,20300821,True,62059.17247326582,22,3.3816032803162885,0.07866841232967683,0.30205520301163236,7366.439511139438,37.90140450332508,10.549625128632691,0.0892210545923073,0.0020756067845130984,0.012315413178416359,20.95882529021802,0.40025585582074236
107,20300822,True,56304.437159625886,38,3.389837365364876,0.07024011581468086,0.35238597645548053,6990.688208139334,37.22438892212121,10.689518848887634,0.09106495669967625,0.0018869380491815006,8.64830654053896,15.904099208038918,0.6936328135809705
108,20300823,True,54795.43165511829,30,3.569151830178299,0.06666661548847727,0.36614521023596547,6949.330486615005,37.07849851288552,10.7693765926545,0.09625934094763702,0.0017979858452280449,7.657927235945139,15.880481128127666,0.7043195438291141
109,20300824,True,79584.07881656573,30,4.160136061541243,0.08482167807275372,0.39770911725884267,7248.000236667015,41.01305065988641,11.111281443941898,0.10143444573388301,0.002068163101939529,2.497542437108187,12.232070441801769,1.2537733899362593
110,20300825,True,77317.68973718822,27,5.44608976751702,0.08240627306042062,0.46267328511873373,7437.002353152751,46.26195066144528,11.735043706211346,0.11772287354185851,0.0017812969812597637,0.3548222608735726,8.22342324194039,1.814087906209919
111,20300826,True,58252.80233097642,25,4.069458964674507,0.0769370473872784,0.31785521945775796,7049.610178581909,40.15545933048069,10.429581932793406,0.101342607768043,0.0019159797614088808,9.003575587049992,15.614021862640334,0.6642375635530737
112,20300827,True,61102.62703954951,12,4.46578301184684,0.06907415918586282,0.35292526658273277,7713.50965607257,37.83472595433187,12.013258154689842,0.11803397273809332,0.0018256814987701582,3.6422261414698724e-07,21.298130207113573,0.5584126955405082
113,20300828,True,63650.86708072059,31,5.144892440208668,0.06558957792632891,0.33410057920985625,7804.755343523183,43.55928403674171,11.337405358200822,0.11811241975118361,0.0015057542697672654,75.94657588171262,13.26192831520912,0.5178367210509113
114,20300829,True,44398.128500214814,18,3.5542733564138427,0.07436888127754487,0.32533533785328145,6726.535366984931,38.32689565255766,11.18810136794761,0.09273574851024116,0.0019403836395130018,5.425918581432914,15.340614582690934,0.6656751417085889
115,20300830,True,60351.60974727685,28,4.678543456164191,0.08597954715586634,0.3170400817086115,7851.206185173875,45.437494462546034,10.715046489704127,0.1029665810473044,0.0018922598654012267,13.203564614292258,16.83195054251482,0.7564545591711311
116,20300831,True,63158.97595469457,29,4.851318554665182,0.09293967521431902,0.2923078929708064,6648.05015165436,43.16485345953035,10.774813294720989,0.11239047896255655,0.0021531331109801073,22.5310924495174,15.751098141107256,0.4882918834182103
117,20300832,True,64999.68624660456,32,3.554136743814263,0.07563056495820457,0.33778138039546424,6679.1399590739875,38.39430978536038,10.985846192209628,0.0925693615455862,0.0019698378582922787,11.131048872828478,16.188791140661195,0.7090279791477351
118,20300833,True,46936.506948395414,30,4.025656852565749,0.07755621431505516,0.33613930098450834,7531.907426275671,39.47234435243679,10.71237127864815,0.1019867686758572,0.00196482412148057,7.962574159071984,16.27822592730476,0.7418041189642876
119,20300834,True,59249.5153177778,22,3.89510505710007,0.08528624025991899,0.28157866534524023,7356.485825193619,40.351797349075795,11.398864149819179,0.09652866323163378,0.0021135673219738835,48.9790375297106,16.239278936010788,0.46122540378191174
120,20300835,True,42981.2297336457,34,3.4717157844117765,0.055742764129436635,0.5830313314044782,7000.256030140657,33.481015706701776,12.48651218871183,0.10369206880772304,0.0016649066031255082,2.1432340226659528,13.071258077689837,1.210284912196857
121,20300836,True,51241.521062581036,25,3.5909306512778767,0.07643124452326383,0.3214200345639045,6721.961674837028,38.57622433007192,11.135552270044123,0.09308662819234444,0.0019813044394726364,6.155932878202209,15.452911311011672,0.671505587273001
122,20300837,True,59966.086213759576,38,3.5289644368954978,0.07950980129374592,0.4463255772877189,6849.911223450462,38.06090774165613,11.278725204662678,0.092718872099658,0.0020890148451905063,0.43396800389803475,10.468239013241675,1.386516070550142
123,20300838,True,62002.152161495855,24,4.43964334073937,0.07330596642213374,0.4089881674550739,7149.911075276792,41.8865485075602,11.007380817907926,0.10599210245117353,0.001750107589048608,3.900444194309837,13.26775428548941,1.114538430555127
124,20300839,True,58061.449401285885,21,3.3735461827031945,0.07253212014651889,0.32140191470203644,7508.591900972128,37.65472258788492,11.56565668149153,0.08959158243244113,0.0019262423186688265,6.049503454642521e-09,21.968720287123453,0.3700187902986567
125,20300840,True,68260.1696419243,34,3.936362015233721,0.10321128167616928,0.28773285292145306,7088.135465222763,40.56445738219973,10.492386358380939,0.09703968126937287,0.0025443772291518407,5.766267827903673,16.200221359334403,0.7610228270846582
126,20300841,True,52776.406457008175,34,3.577324723185791,0.07471496034577113,0.3260400246312476,6719.233438040473,38.42906713384086,11.160698583130326,0.0930890336402566,0.0019442303942886166,6.138995949767159,15.436982609841742,0.6702816632018702
127,20300842,True,44860.24896471458,25,3.5312793579889488,0.07361828372399838,0.3280993896149193,6742.524788699637,38.147291350533855,11.174876749310352,0.09256959624053439,0.001929843014213593,5.746802081275064,15.368859845828432,0.665956781430777
128,20300843,True,60879.788999473734,8,4.090226099817993,0.08183326858184975,0.2967706589187225,7871.368455136817,40.765580263944955,12.001278290493422,0.10033528465276347,0.002007410861123619,2.8735413803008435e-07,25.106823915469644,0.24022613415875424
129,20300844,True,72751.66335837581,33,4.855953644041146,0.10077477456338518,0.28749754570677916,8067.737049430424,43.6472318800096,10.61773955320227,0.11125456151241447,0.002308846866633482,21.041483057021704,16.910489368460485,0.697886538492823
130,20300845,True,66028.80610800268,28,3.555262712336071,0.07447667926253262,0.32721141331966797,6722.53293670534,38.33668223106163,11.159581132942012,0.09273788198227235,0.0019427001745651632,6.048452682717417,15.443537862072112,0.6714627837051639
131,20300846,True,66465.24323958914,36,3.447692150667207,0.0797488940397666,0.2773234647138375,8462.71446423728,37.8975886964225,10.930042802575974,0.09097391863859312,0.0021043263379787224,135.25067711779903,9.67957306151898,0.36145127679144756
132,20300847,True,64347.416429157754,36,3.535548404304331,0.07230017381020691,0.34237052434108617,6963.651747808636,37.94918465860534,10.662955725982856,0.09316533243363402,0.0019051838520544383,8.360463445652513,15.852226337011375,0.6959778776242163
133,20300848,True,42369.783323521246,31,3.5498109227736716,0.07371602861519619,0.3279668823158472,6742.872208754566,38.21073633947154,11.16265992720279,0.0929008771575734,0.001929196756646844,5.681092664842045,15.376841762013154,0.6671646675479527
134,20300849,True,45836.18559572455,27,3.618463328326801,0.07585662868993467,0.3232894573706721,6786.780685104991,38.640498792263955,11.01004529483614,0.09364432244469985,0.0019631379268096197,6.239953998096803,15.475932594010038,0.673650626969631
135,20300850,True,55449.17438493755,17,3.710708528706864,0.08364188288863164,0.36730652703301336,7710.063106041741,38.27409023694644,11.574921088498291,0.09695092700400419,0.0021853395435612764,1.7457986522932032e-09,17.11597806664922,0.9181921938600033
136,20300851,True,58628.5641707248,18,3.8509945351028274,0.07103899412745637,0.33765557625489695,7351.53433233907,37.36468458720836,10.337297532889492,0.10306508880369886,0.0019012336090152965,2.459492568254956e-10,18.24273243574609,0.5897556009097535
137,20300852,True,60548.3849520494,25,4.716515974542201,0.05107113642882437,0.3583302150559024,7468.477543055403,34.637403725869504,11.298241535049899,0.13616828824325522,0.001474450476514239,45.192685829061965,15.525646827066268,0.4468738149227001
138,20300853,True,44189.661947440065,23,4.033599039569844,0.07574315613433467,0.3253036537877153,7335.445041076923,39.59382027547704,10.91364945148601,0.10187445948649988,0.0019130044943212311,15.130910133046342,16.0380811914228,0.6706237008551486
139,20300854,True,65860.52801861113,29,3.910576207155233,0.06525416354631593,0.3096284400802489,6628.803025966316,37.05401955625165,10.616468856126229,0.10553716584562689,0.0017610549227258239,45.83686839844542,19.000886304178213,0.0014185753284261333
140,20300855,True,73139.41050047435,22,4.482941172002776,0.07608313863975974,0.3173784240439254,7116.742947643246,43.09197791138036,10.734366506973853,0.10403191938003048,0.0017655986642392339,32.7173064058947,16.43395737414087,0.6104174489017462
141,20300856,True,66686.83533777404,31,4.096723720611721,0.06507910820674626,0.3848097083747579,6957.933300213426,37.0391941114637,10.874576617585436,0.11060509870390992,0.0017570335901720968,1.8977517692208152,15.918195268304038,0.7892772937318373
142,20300857,True,70285.75400281206,25,4.487631447218255,0.0642267197096892,0.36009581381091715,7399.797074630262,39.192350887425015,10.820952572200703,0.11450273702918203,0.0016387564985364666,135.6919760078661,3.241864550946412e-11,1.1446746009680997
143,20300858,True,46163.737659652135,24,3.550762755336035,0.07411067441999902,0.32850741127183797,6729.672602776128,38.27684319999762,11.151182501495056,0.0927652977227823,0.0019361751969139303,6.057745333595305,15.44935636372278,0.671994565810612
144,20300859,True,47367.3145084969,27,3.1872033486727673,0.0747919620703975,0.5405474937769146,6787.0032044697755,37.103270940194065,12.22198538471008,0.0859008725621563,0.0020157781288596627,0.294463614314872,9.868620396443818,1.5115708193088295
145,20300860,True,54282.41464038568,38,3.348439170605511,0.07165732442368654,0.34543494367355787,7030.530581683763,37.329349106601704,10.63233593289632,0.08969990773327839,0.0019195974786234333,10.693454618339352,15.902612932333618,0.6843525582844799
146,20300861,True,51760.008798505354,25,4.303508108830487,0.0784761441611727,0.31167211513626364,7282.57940456513,42.314934049728734,10.877904860222891,0.10170187442034015,0.001854573235750459,21.028602941556795,16.025313534480215,0.6283832119333923
147,20300862,True,45745.86454957527,31,3.302388145137212,0.06320163430704477,0.37753370393520314,7051.648425869214,35.823256631339454,10.882337129261009,0.09218559270371209,0.001764262667614472,7.7978075322472735,15.527755524515808,0.670137677045492
148,20300863,True,53484.673781174584,34,3.5501671791152316,0.07426504096871381,0.32794097354758617,6730.811408121562,38.299519188996626,11.147027547736666,0.09269482370251758,0.0019390593548247468,6.1580360941576595,15.451569422978581,0.6714101898004605
149,20300864,True,64874.79281151796,18,3.449142950755449,0.079858880278955,0.32371076280746236,7469.839369376641,38.466185073207825,10.705609730616008,0.08966688389272634,0.0020760800720677056,15.589618486361365,16.2780584828173,0.6912809428035828
150,20300865,True,51844.27973593818,18,3.5542528120172645,0.07436822071043313,0.3253400334391609,6726.589188290966,38.326735187506394,11.187960312064504,0.09273560074002511,0.0019403745282920784,5.4264212314193605,15.340740903367712,0.6656825653618224
151,20300866,True,56822.6993161344,23,3.5543061639967903,0.07436883315490674,0.3253379342430935,6726.595321024803,38.32697342237258,11.1879201855573,0.09273641633080365,0.001940378446671071,5.426761914024641,15.340760838662948,0.6656822650048333
152,20300867,True,55909.955136042416,21,5.604220843465214,0.08513821531268992,0.3711825194787676,8931.424554443918,46.14919052235324,13.61446674660549,0.12143703454019855,0.0018448474252533553,133.85685425523565,1.829175092928932e-08,1.5894729912779848
153,20300868,True,75126.26950631542,25,5.0927454218969395,0.07059858722797432,0.5116211584868552,7708.095987324083,42.21724472174967,11.451556645299563,0.12063187580010962,0.0016722689434917816,3.7036863222154173,9.473578663366222,1.6621062516508713
154,20300869,True,56485.96813563549,21,3.533562617562048,0.07383394210950761,0.32959213981453067,6748.256373113617,38.1869473981289,11.12624683885717,0.09253325699804921,0.0019334863648495075,6.37908041197305,15.468565708496092,0.6716384906076249
155,20300870,True,47723.41871702555,18,3.5542816710725544,0.07436616942720506,0.32534788157890765,6726.643307147181,38.32647343342231,11.187861642677765,0.09273698706578806,0.0019403342589395301,5.427509742526724,15.340863354991257,0.6656869138123204
156,20300871,True,54063.30329137803,10,4.249269014507664,0.07820049072803169,0.4155299682618713,7502.330840752024,40.962984765225094,11.479189649319734,0.10373436015128998,0.0019090525550379037,3.6530361162013386e-05,13.186232697751874,1.2144211127446545
157,20300872,True,67865.55966988463,25,4.071568522067131,0.07375315709317676,0.3295393202099634,7456.247199176251,38.64450342273041,10.959864916812021,0.10535957669137144,0.001908503165026975,19.932834550296242,16.27749453066635,0.6534204460508356
158,20300873,True,59976.397740870925,32,3.8867783101323785,0.06792138648210436,0.31711202987295234,7442.937242899713,36.55056368607217,11.713026450106025,0.10633976382732124,0.0018582856085468866,153.1553687537236,8.792374702475307,0.1437245643900329
159,20300874,True,66287.13036858109,19,2.9914770765102494,0.07442885356900553,0.4105355172199634,7246.372087813791,36.35729321205591,10.751379202229652,0.08227997224827203,0.002047150571273146,6.383918927920519,14.859339884636874,0.9317395595704848
160,20300875,True,55392.91495113838,33,3.8140066276018483,0.07636030107165503,0.32449921149120353,6908.1433433498,39.36067530073836,10.656910020471319,0.09689891239061903,0.001940015014687073,8.35570576867335,15.773936583315619,0.6884770507337914
161,20300876,True,47944.87463091029,19,3.5542353322597235,0.07436526679253304,0.32534947007416287,6726.603790294246,38.3262172938058,11.187987382851361,0.09273639777735518,0.0019403236751087303,5.426765266428203,15.340772481417707,0.6656836482311832
162,20300877,True,56251.84444190652,33,3.61168520981874,0.07551296633183843,0.32356006047093255,6721.591909862772,38.5969401948807,11.138468484469843,0.09357439194876321,0.0019564495514557416,6.119096710832927,15.443499777080275,0.6704390784241687
163,20300878,True,60020.83066266942,27,3.2621603506646486,0.09319567140427372,0.38464664889806605,7485.614525750104,37.45254858345044,10.942619181795559,0.0871011579731622,0.0024883666113300258,0.13561532340546217,11.962091823327176,1.2694084582222598
164,20300879,True,71364.98218363198,21,3.542594458645311,0.07395281952378956,0.3290156196745228,6729.251560102934,38.23039448728275,11.157890281239142,0.0926643448532488,0.0019343985463814604,6.082392922650859,15.449029213095832,0.6717788263761663
165,20300880,True,57087.987492446555,24,3.659476950092995,0.08387450268544,0.29377393044550876,7239.632090353817,39.46408701289922,11.206154496845366,0.09272929458362636,0.002125337465884484,40.05615307020591,15.677789076279753,0.5561634983912364
166,20300881,True,61280.05368966941,12,3.2580475712377788,0.07536747649399034,0.3637499891684535,6788.48259769902,36.94742605594462,11.136494031585313,0.08818063716548337,0.002039857292896975,1.4402207423123406e-08,16.910526340076302,0.7637280636884892
167,20300882,True,56862.612325468304,34,3.62632769838616,0.0679743176993224,0.36920009954387406,6888.184020428957,36.80681296180913,11.06332009143935,0.09852327345344596,0.0018467862938813195,3.4479732228924727,15.651467006851904,0.7385828093496851
168,20300883,True,62270.18780785368,38,3.4953395568111394,0.07826230008532978,0.3581435595200512,7737.716393594814,38.6396032013979,10.513045327505123,0.09046002720557662,0.0020254426443617937,5.050435123173687,16.63542259484645,0.8032573229887418
169,20300884,True,46691.67787732458,25,3.5489651675460716,0.07365057579246836,0.33014267216407167,6748.8588444509205,38.198046534597,11.123191573333177,0.09290959851393653,0.001928124144405161,6.248278293377465,15.466621452831221,0.6723171750357897
170,20300885,True,61777.84719467296,20,5.214037450764394,0.09020997792157498,0.4025802864236967,7659.208395267239,45.883071137945976,11.27341401468871,0.11363749900455787,0.001966084128291273,1.2985063463530537,10.514731497667206,1.5255712445017766
171,20300886,True,35574.36800641776,20,3.5542436973076152,0.07436883085025658,0.3253359447049753,6726.542075887151,38.32681087926764,11.188077011085772,0.09273517978064369,0.0019403866156389592,5.425924043251096,15.34062919417631,0.665675748666203
172,20300887,True,48844.17954786696,34,3.5644236376977916,0.07321213080442016,0.33783791856244105,6957.001162389604,38.16600731268866,10.656015497020437,0.09339262575974941,0.0019182549069019347,8.55528315725217,15.843025750699463,0.6921846815045707
173,20300888,True,68189.9219529355,34,4.1491846782736,0.07918315573897415,0.31537710633640603,6883.804724525324,40.63311183180082,10.605406221572554,0.10211338711760468,0.0019487347182945214,8.989175071570346,15.769177786885507,0.6835314178826869
174,20300889,True,41411.8866246567,26,3.525407455683537,0.07471968629498517,0.32697184887808844,6725.308362547492,38.239533473508125,11.161694042757286,0.09219274231276633,0.0019539905304218745,6.08203493580752,15.45470681281916,0.6721775920390817
175,20300890,True,55440.07594315389,26,3.550555153135298,0.07425063443370505,0.3278950659619449,6728.095319808824,38.298383875475984,11.15311997159539,0.09270770183618278,0.001938740670497346,6.157865744523891,15.448167905865304,0.6711153737773002
176,20300891,True,54468.92207494566,33,3.7492387242672733,0.0610944009948185,0.36165488792562533,7361.432923993316,36.238549785733376,11.286658238361689,0.10345995483912267,0.0016858953064084958,37.679674542444786,16.13266073710803,0.560051758480779
177,20300892,True,68144.07261237776,32,3.4553381010455797,0.07633581662155728,0.33654247834224216,6682.842888668952,38.06233853305922,11.021740230370774,0.09078102487172274,0.0020055472039705456,10.731218647810095,16.165805478408856,0.7093613481033595
178,20300893,True,75810.2604384983,22,3.60708153821671,0.07474931491082101,0.3844957242583558,7664.200803363555,38.75888907440911,10.730551170004793,0.09306462657616046,0.0019285721726264565,8.217033701684949,15.346663108600103,0.8975371470142577
179,20300894,True,77998.25805437796,21,3.6550914242234587,0.07737187221766974,0.33089738462418067,6658.824513698014,38.85558632234479,10.994704441959756,0.09406862101889105,0.0019912676539171224,10.645230684645435,16.14319637289727,0.7078247023530169
180,20300895,True,59984.51586592348,23,3.562024452618577,0.07441018975315522,0.3273367700472395,6726.205295904124,38.354649102130395,11.15065247996106,0.09287073499574072,0.001940056590141562,6.096757681241093,15.445770760432072,0.671301576093994
181,20300896,True,81544.24144122282,27,4.562380623209199,0.06717164760559967,0.37308156816370125,6532.110695064611,41.948957503100026,10.917221528328296,0.10876028618522973,0.0016012709636618668,0.6293930293730415,16.530316254692316,0.782384793915467
182,20300897,True,42847.99645672501,35,4.449232096786705,0.07338910608317997,0.31120702381413373,6931.396304101183,40.86258942200459,11.411331915886878,0.10888277418833336,0.0017959974421899896,31.080046684031398,14.796086248757941,0.5813578392827735
183,20300898,True,64023.91409443384,19,3.5541503011696247,0.07436525836183201,0.32535352743325724,6726.683566377183,38.32600224723294,11.18782078922686,0.09273469949311572,0.0019403343422597914,5.427359916409103,15.34092994236483,0.6656938970180116
184,20300899,True,78009.97242911425,35,3.746540270618893,0.06899287368368529,0.3526941494429227,6940.962168619267,37.90184457457684,10.702318397271808,0.09884849438520293,0.0018203038521761856,8.284335154821813,15.878627780981303,0.6999363837221273
185,20300900,True,61172.640853571495,30,3.282813615758666,0.07666306435526608,0.3541649044197597,7200.655868741034,37.60380237829072,10.75740862310484,0.08730004436077685,0.002038705117744287,4.760544514004461,16.253245869546504,0.7626930346713037
186,20300901,True,66248.00840730578,27,4.279105019057342,0.08043198749177316,0.32270398834719366,7601.074009183463,41.769657528722156,10.766291083576814,0.10244529814770188,0.0019256080190857574,14.28147998967164,16.363296733721786,0.7200587915346301
187,20300902,True,62586.10524745852,26,3.558390549357071,0.07405635851617318,0.32845645806604873,6730.9857817279635,38.286290553201276,11.14919037151141,0.09294163780145943,0.0019342787573862,6.146323187630115,15.448717581079448,0.6712917898279986
188,20300903,True,64908.29963561728,39,3.5065805712810683,0.07170232643398929,0.34216955535064253,6922.023058518984,37.77813341914865,10.78338637408734,0.09282037660187,0.001897984890848139,8.009673898175336,15.754221546277417,0.6884740152174126
189,20300904,True,79055.90216873093,41,3.448315067764989,0.07079203649435926,0.3500250660875152,6994.389127228717,37.475094073513574,10.650037487709607,0.09201618176062616,0.0018890422624554062,8.861048536444537,15.899405804679724,0.6968148840388609
190,20300905,True,52866.195711287204,17,3.6290199046124707,0.07678977564723874,0.3540260116640743,7484.357992478068,38.72458758581583,11.195651025001867,0.09371358433631763,0.0019829720710922575,5.684290663829189e-08,18.63881971487566,0.7238196818154433
191,20300906,True,50687.01516821917,32,3.784286472977041,0.07495543361257347,0.32228872947775444,6830.8551496085665,39.04476433906238,10.910258414921302,0.09692173936854952,0.0019197307214269498,9.111818437211918,15.556407624538364,0.6635780216295993
192,20300907,True,61813.65617895406,24,3.5327132038190876,0.07185158872294088,0.44241865507937406,6941.819433751527,37.848364415549,11.125745385408202,0.09333859622128786,0.0018984067034987263,0.0698088737481752,12.947752219973259,1.1223757426738041
193,20300908,True,58509.9995544068,38,3.4900165267061536,0.07176281323278245,0.3442948211091103,6973.237714260095,37.74366147982407,10.670119785866847,0.09246629473326924,0.0019013209216902122,8.786400086799842,15.85944913149497,0.6928078292099924
194,20300909,True,47517.096496894825,34,3.5469178548114875,0.07267434059225124,0.3383063817761093,6852.558925736361,38.03420709768138,10.915672910196593,0.09325599573305454,0.0019107626039266525,7.093124495718192,15.617490970382029,0.6804549268667837
195,20300910,True,57887.87816181051,27,3.781923329828627,0.07761638298077508,0.3215271407894811,6927.40929797978,39.31637231051656,10.623691541076003,0.09619207234989524,0.001974149150073386,8.523032217739717,15.804532075338821,0.6891347344479081
196,20300911,True,78046.71799651896,28,4.03939687413645,0.0696924558155599,0.5796516739356519,7624.163826313041,37.697427712617106,11.189492744452535,0.10715311678373451,0.0018487323948693252,1.4551124953276156,9.2493103210159,1.694739559889683
197,20300912,True,72456.24093684927,26,4.772586396654957,0.0669406777728121,0.3665096137118245,7566.896006782966,40.871909044919846,10.572436343106673,0.11676935352859823,0.0016378162737454138,11.455036639956141,16.27161749411792,0.7598068347577732
198,20300913,True,67626.76903687847,25,4.075939111822092,0.08394262759122445,0.36118159325845517,7871.671328546598,40.820034228488645,10.49197361981776,0.09985143787501922,0.002056407574804045,8.297878218118845,15.165904979973234,0.9858748314474144
199,20300914,True,61672.77858681744,18,3.366682609846083,0.07091900886681328,0.39338628145045956,6861.375510638363,37.12205972907816,11.098907069903493,0.09069223621794131,0.001910427637485362,1.0379430908508877e-12,15.992171543183257,0.8450024297470335
