scenario_id,purpose,time_s,current_A,stack_voltage_V,ambient_C,fan_duty,T_zone_1_C,T_zone_2_C,T_zone_3_C,T_zone_4_C,T_zone_5_C,Tmax_C,Tmin_C,DeltaT_C,hotspot_zone_zero_based
final_prbs_seed1601,synthetic_final_confirmation,0.0,16.0,28.06,23.0,0.6,23.0,23.0,22.999999999999996,23.000000000000007,22.999999999999993,23.0,23.0,0.0,0
final_prbs_seed1601,synthetic_final_confirmation,20.0,16.0,28.06,23.0,0.6,32.82503064861527,33.49635024486864,34.374890430248605,35.21251948546113,35.77521723791551,37.00702188108914,31.507442327549207,5.499579553539931,4
final_prbs_seed1601,synthetic_final_confirmation,40.0,16.0,28.06,23.0,0.6,32.89399056549123,33.570075365558964,34.45495837875046,35.298603510048466,35.86522258300168,37.106470739685115,31.56791166831198,5.538559071373136,4
final_prbs_seed1601,synthetic_final_confirmation,60.0,16.0,28.06,23.0,0.6,32.96069183014681,33.641385934688046,34.532404332337286,35.38186876722542,35.95228084258573,37.20267825639228,31.626394272320894,5.576283984071388,4
final_prbs_seed1601,synthetic_final_confirmation,80.0,16.0,28.06,23.0,0.6,33.02520842637321,33.71036103603568,34.607314158253544,35.46240755939704,36.036488517915785,37.29575008788986,31.68295539898022,5.612794688909638,4
final_prbs_seed1601,synthetic_final_confirmation,100.0,16.0,28.06,23.0,0.6,33.08761191201565,33.777077160452194,34.67977090881456,35.54030916341267,36.11793894715983,37.385788442082784,31.737658163146975,5.64813027893581,4
final_prbs_seed1601,synthetic_final_confirmation,120.0,16.0,28.06,23.0,0.6,33.147971500955194,33.84160829347616,34.74985491651354,35.615659932779295,36.19672241226237,37.47289219509725,31.79056360717901,5.682328587918242,4
final_prbs_seed1601,synthetic_final_confirmation,140.0,16.0,28.06,23.0,0.6,33.2063541398924,33.90402599739453,34.81764388309264,35.68854339338566,36.27292623901574,37.55715699990335,31.8417307689648,5.715426230938547,4
final_prbs_seed1601,synthetic_final_confirmation,160.0,8.0,30.78,23.0,0.6,33.262824582615615,33.9643994906147,34.883212965697204,35.75904033609185,36.34663489385495,37.63867539139586,31.891216747721046,5.747458643674811,4
final_prbs_seed1601,synthetic_final_confirmation,180.0,8.0,30.78,23.0,0.6,28.08998269594328,28.39129164356684,28.780974188399284,29.1475985364293,29.38906947753707,30.00433645779679,27.41457416558894,2.5897622922078476,4
final_prbs_seed1601,synthetic_final_confirmation,200.0,8.0,30.78,23.0,0.6,28.105676460228118,28.40797327737542,28.79895049767825,29.166789678275336,29.4090462283509,30.026498053192885,27.428304950685927,2.598193102506958,4
final_prbs_seed1601,synthetic_final_confirmation,220.0,8.0,30.78,23.0,0.6,28.12085523197051,28.424108011814944,28.816338209361028,29.185353162408376,29.428370085566186,30.047938793093053,27.44158361087756,2.6063551822154913,4
final_prbs_seed1601,synthetic_final_confirmation,240.0,32.0,22.619999999999997,23.0,0.6,28.135535914935602,28.439713778740078,28.83315659440373,29.20330951163575,29.447062379885512,30.068682116331985,27.454425033814598,2.614257082517387,4
final_prbs_seed1601,synthetic_final_confirmation,260.0,32.0,22.619999999999997,23.0,0.6,45.45961211211226,47.47682373332438,50.17304779406294,52.791682355648035,54.59059964985651,57.711478854943934,42.43357326610332,15.27790558884061,4
final_prbs_seed1601,synthetic_final_confirmation,280.0,32.0,22.619999999999997,23.0,0.6,45.5998964485296,47.627822691101194,50.33852500206265,52.97102811105413,54.77904577211987,57.91985665575616,42.556452575320606,15.363404080435558,4
final_prbs_seed1601,synthetic_final_confirmation,300.0,32.0,22.619999999999997,23.0,0.6,45.73559646031629,47.77388243412294,50.498582669102426,53.14449360398966,54.96130889598398,58.12142808559972,42.675303863845215,15.446124221754502,4
final_prbs_seed1601,synthetic_final_confirmation,320.0,24.0,25.34,23.0,0.6,45.86686191753778,47.91516450612698,50.65339830238047,53.31227167667329,55.13759195599425,58.316415561077235,42.790259094987185,15.52615646609005,4
final_prbs_seed1601,synthetic_final_confirmation,340.0,24.0,25.34,23.0,0.6,39.70323193287101,41.016357886219936,42.75660953297947,44.43251928375958,45.570701031194176,47.78433338722118,37.46741764424809,10.316915742973094,4
final_prbs_seed1601,synthetic_final_confirmation,360.0,24.0,25.34,23.0,0.6,39.77889643673949,41.097470924295976,42.84502217667267,44.52788447552143,45.670610167804234,47.8949344211878,37.53366413846426,10.361270282723538,4
final_prbs_seed1601,synthetic_final_confirmation,380.0,24.0,25.34,23.0,0.6,39.85208496402583,41.17592879533854,42.93053944874795,44.62012536128498,45.7672452470045,48.00192757340852,37.59773586735342,10.404191706055101,4
final_prbs_seed1601,synthetic_final_confirmation,400.0,32.0,22.619999999999997,23.0,0.6,39.92287852735363,41.25181840887072,43.013256168477014,44.709344304605864,45.860713572175605,48.105430554919465,37.65970419691465,10.445726358004812,4
final_prbs_seed1601,synthetic_final_confirmation,420.0,32.0,22.619999999999997,23.0,0.6,46.28196125220565,48.360691108824625,51.139798108519,53.83766987328421,55.68850911836106,58.92625807036723,43.15366641797547,15.77259165239176,4
final_prbs_seed1601,synthetic_final_confirmation,440.0,32.0,22.619999999999997,23.0,0.6,46.39535915118269,48.48277100715856,51.273614229767546,53.98273017741831,55.84094804768816,59.09497552303715,43.25292812709741,15.842047395939737,4
final_prbs_seed1601,synthetic_final_confirmation,460.0,32.0,22.619999999999997,23.0,0.6,46.50505157561413,48.600857786663006,51.403047749093915,54.12303421300848,55.98838516475645,59.258181865056805,43.34893602595403,15.909245839102773,4
final_prbs_seed1601,synthetic_final_confirmation,480.0,32.0,22.619999999999997,23.0,0.6,46.611159572816135,48.71508204021042,51.528242208189354,54.25873796374756,56.1309846419564,59.41605718993063,43.44179671195585,15.97426047797478,4
final_prbs_seed1601,synthetic_final_confirmation,500.0,32.0,22.619999999999997,23.0,0.6,46.71380023554055,48.825570088642195,51.64933644520026,54.389992294456505,56.268905258974065,59.568775700147064,43.53161329162697,16.037162408520096,4
final_prbs_seed1601,synthetic_final_confirmation,520.0,32.0,22.619999999999997,23.0,0.6,46.81308683282567,48.932444122318024,51.76646475084772,54.51694312125155,56.402300582237274,59.71650590308791,43.618485495957856,16.098020407130058,4
final_prbs_seed1601,synthetic_final_confirmation,540.0,32.0,22.619999999999997,23.0,0.6,46.90912893480918,49.03582233614757,51.879757017377926,54.63973157391526,56.53131913615233,59.85941079731843,43.70250979082418,16.15690100649425,4
final_prbs_seed1601,synthetic_final_confirmation,560.0,32.0,22.619999999999997,23.0,0.6,47.00203253346922,49.135819060208576,51.989338882633234,54.75849415293858,56.656104568713744,59.99764805277956,43.78377948379703,16.213868568982527,4
final_prbs_seed1601,synthetic_final_confirmation,580.0,32.0,22.619999999999997,23.0,0.6,47.09190015942589,49.232544886096136,52.09533186940401,54.8733628814085,56.776795811672045,60.131370185082346,43.8623848274625,16.268985357619847,4
final_prbs_seed1601,synthetic_final_confirmation,600.0,32.0,22.619999999999997,23.0,0.6,47.178830994931985,49.326106789142244,52.197853520216,54.984465451910964,56.89352723543817,60.26072472409768,43.93841311936458,16.322311604733095,4
final_prbs_seed1601,synthetic_final_confirmation,620.0,32.0,22.619999999999997,23.0,0.6,47.262920983176926,49.41660824664067,52.29701752770242,55.091925368612635,57.006428798898085,60.38585437702835,44.01194879868133,16.37390557834702,4
final_prbs_seed1601,synthetic_final_confirmation,640.0,24.0,25.34,23.0,0.6,47.34426293402432,49.50414935220768,52.39293386070563,55.19586208467929,57.115626194304255,60.50689718614377,44.08307353974148,16.42382364640229,4
final_prbs_seed1601,synthetic_final_confirmation,660.0,24.0,25.34,23.0,0.6,41.13234086474344,42.55335964921599,44.439174829568785,46.25436157895951,47.48385080073644,49.90328584948921,38.717838077911594,11.185447771577614,4
final_prbs_seed1601,synthetic_final_confirmation,680.0,24.0,25.34,23.0,0.6,41.16129140957762,42.58418999533646,44.47248306884545,46.29000325411425,47.52100441713244,49.94469428552564,38.74307999173612,11.201614293789525,4
final_prbs_seed1601,synthetic_final_confirmation,700.0,24.0,25.34,23.0,0.6,41.18929254772429,42.6140099533011,44.50470068204224,46.32447882366071,47.55694304950757,49.984755046985086,38.7674910624335,11.217263984551586,4
final_prbs_seed1601,synthetic_final_confirmation,720.0,32.0,22.619999999999997,23.0,0.6,41.21637541980091,42.642852638892066,44.53586337830298,46.357826433265274,47.59170642028036,50.023511983762035,38.791098636946494,11.232413346815541,4
final_prbs_seed1601,synthetic_final_confirmation,740.0,32.0,22.619999999999997,23.0,0.6,47.53317590800086,49.70621736135826,52.61253975624729,55.43211253929968,57.362723142379885,60.78170835424551,44.24795742778397,16.533750926461536,4
final_prbs_seed1601,synthetic_final_confirmation,760.0,32.0,22.619999999999997,23.0,0.6,47.6056733571834,49.78427789952285,52.69812347540038,55.52490517778123,57.460246161787566,60.889840451347155,44.3113318468122,16.578508604534953,4
final_prbs_seed1601,synthetic_final_confirmation,780.0,32.0,22.619999999999997,23.0,0.6,47.67580197505015,49.85978524895967,52.7809042625965,55.61465524113181,57.55456914244189,60.99444037629094,44.372628759058045,16.621811617232893,4
final_prbs_seed1601,synthetic_final_confirmation,800.0,32.0,22.619999999999997,23.0,0.6,47.74363913964742,49.932822907431415,52.86097392149064,55.701462515316905,57.64579712338882,61.09562355723532,44.43191622924766,16.66370732798766,4
