scenario_id,purpose,time_s,current_A,stack_voltage_V,ambient_C,fan_duty,T_zone_1_C,T_zone_2_C,T_zone_3_C,T_zone_4_C,T_zone_5_C,Tmax_C,Tmin_C,DeltaT_C,hotspot_zone_zero_based,ROM_T_zone_1_C,zone_1_error_C,ROM_T_zone_2_C,zone_2_error_C,ROM_T_zone_3_C,zone_3_error_C,ROM_T_zone_4_C,zone_4_error_C,ROM_T_zone_5_C,zone_5_error_C,ROM_Tmax_C,ROM_Tmin_C,ROM_DeltaT_C,ROM_hotspot_zone_zero_based
calibration_staircase,calibration,0.0,5.0,31.8,23.0,0.6,23.0,23.0,23.0,23.000000000000007,22.999999999999996,23.0,23.0,0.0,0,23.0,0.0,23.0,0.0,23.0,0.0,23.000000000000007,0.0,22.999999999999996,0.0,23.500355801184057,22.516476132915948,0.9838796682681092,3
calibration_staircase,calibration,20.0,5.0,31.8,23.0,0.6,25.79614342594369,25.94837024405781,26.143114141630196,26.32490581631145,26.443749026706477,26.770326037555712,25.422764854309968,1.3475611832457446,4,24.34220576195267,-1.4539376639910202,23.392921054834584,-2.555449189223225,24.88627583168947,-1.2568383099407257,25.24608661951901,-1.0788191967924412,25.451968977801858,-0.9917800489046193,25.952324778985908,22.909397187750535,3.0429275912353724,4
calibration_staircase,calibration,40.0,5.0,31.8,23.0,0.6,25.81539812659898,25.96887453246622,26.16526458443648,26.34860679816761,26.46845581071189,26.797620014855426,25.439656204500206,1.3579638103552192,4,25.112026311654393,-0.7033718149445853,23.74945784145724,-2.2194166910089805,25.137338695231023,-1.0279258892054557,25.47836072118782,-0.8702460769797895,25.677665800241428,-0.790790010470463,26.178021601425478,23.26593397437319,2.912087627052287,4
calibration_staircase,calibration,60.0,5.0,31.8,23.0,0.6,25.834021350177505,25.988706806862726,26.18668971552934,26.37153231758528,26.492354611403144,26.824025568315207,25.455991845397453,1.3680337229177546,4,25.565469291721936,-0.26855205845556895,24.05010938500292,-1.9385974218598072,25.349156543877637,-0.8375331716517032,25.674358563646297,-0.6971737539389835,25.868130167809888,-0.6242244435932562,26.368485968993937,23.56658551791887,2.801900451075067,4
calibration_staircase,calibration,80.0,5.0,31.8,23.0,0.6,25.85203381224482,26.00788909590201,26.207413286066284,26.39370774459145,26.51547184818795,26.84957161347656,25.47179005853639,1.3777815549401673,4,25.841743350553074,-0.010290461691745634,24.30202226944079,-1.705866826461218,25.526700139995963,-0.6807131460703211,25.8386610137298,-0.5550467308616476,26.027803991410792,-0.48766785677715774,26.528159792594842,23.81849840235674,2.7096613902381,4
calibration_staircase,calibration,100.0,15.0,28.4,23.0,0.6,25.8694555479361,26.02644270530309,26.22745826865944,26.41515761847582,26.537833075919284,26.874286123683454,25.48706852364144,1.387217600042021,4,26.017036636189268,0.14758108825316896,24.512243199233964,-1.5141995060691258,25.674893892346986,-0.5525643763124535,25.975812659698004,-0.43934495877781643,26.16109722183303,-0.37673585408625243,27.66216462538518,23.061671597981828,4.600493027403353,4
calibration_staircase,calibration,120.0,15.0,28.4,23.0,0.6,32.22955337722003,32.84797737241295,33.65597522439391,34.42506795290129,34.94055153966081,36.09119714249364,30.993320132666668,5.097877009826973,4,28.93510790596015,-3.294445471259877,25.63053922790653,-7.217438144506417,30.494510692406124,-3.1614645319877894,31.72568404029108,-2.699383912610209,32.46077381634702,-2.479777723313788,33.96184121989917,24.179967626654395,9.781873593244775,4
calibration_staircase,calibration,140.0,15.0,28.4,23.0,0.6,32.290630308936315,32.91326432832376,33.7268638264262,34.501268179472845,35.02021321587772,36.17923454102783,31.04687052728321,5.1323640137446205,4,30.636360164312116,-1.6542701446241992,26.631017593244625,-6.282246735079138,31.199295879747822,-2.5275679466783743,32.37780818796133,-2.123459991511517,33.09447542153957,-1.925737794338147,34.59554282509172,25.18044599199249,9.41509683309923,4
calibration_staircase,calibration,160.0,15.0,28.4,23.0,0.6,32.34970667660112,32.976413028936314,33.79543104016359,34.5749733595874,35.09726662743042,36.26440269574542,31.09866139142208,5.165741304323337,4,31.65997806999337,-0.6897286066077513,27.470893866914967,-5.505519162021347,31.79116245873239,-2.0042685814312016,32.9255147335401,-1.6494586260473056,33.62674241985851,-1.4705242075719127,35.12780982341066,26.02032226566283,9.107487557747827,4
calibration_staircase,calibration,180.0,15.0,28.4,23.0,0.6,32.40684801350339,33.03749351015414,33.86175288733375,34.64626519140339,35.17179717524919,36.34679512694346,31.148750525407785,5.198044601535678,4,32.299981161974486,-0.10686685152890618,28.17261430955538,-4.864879200598761,32.285801656659864,-1.575951230673887,33.38328766654936,-1.2629775248540298,34.07163176974343,-1.1001654055057557,35.57269917329558,26.722042708303245,8.850656464992337,4
calibration_staircase,calibration,200.0,15.0,28.4,23.0,0.6,32.462117704520786,33.096573512149405,33.92590289819037,34.7152226959673,35.24388746198207,36.426502303594376,31.197193830355697,5.229308473238678,4,32.71802978577662,0.2559120812558362,28.757131070584634,-4.3394424415647705,32.69789512556213,-1.2280077726282457,33.76468824348821,-0.95053445247909,34.44230929797429,-0.801578164007779,35.94337670152644,27.3065594693325,8.636817232193941,4
calibration_staircase,calibration,220.0,15.0,28.4,23.0,0.6,32.5155770581388,33.153718556311354,33.98795219500762,34.78192230691656,35.313617385752785,36.50361174578437,31.244045371596066,5.259566374188303,4,33.00388192740046,0.48830486926165406,29.243071637841194,-3.91064691847016,33.04052866554036,-0.9474235294672653,34.081813610437734,-0.7001086964788286,34.750524663251994,-0.5630927225007909,36.25159206680414,27.792500036589058,8.459092030215086,4
calibration_staircase,calibration,240.0,15.0,28.4,23.0,0.6,32.56728537447473,33.208992017924416,34.04796957093838,34.846437955199484,35.38106422870963,36.5782081208444,31.289357438939863,5.288850681904531,4,33.208082290896996,0.6407969164222678,29.646551999540467,-3.562440018383949,33.32504037437983,-0.722929196558546,34.34515024301166,-0.5012877121878248,35.00646574892126,-0.374598479788375,36.50753315247341,28.19598039828833,8.311552754185076,4
calibration_staircase,calibration,260.0,30.0,23.3,23.0,0.6,32.617300011072906,33.262455196465645,34.10602156628989,34.908841151021164,35.44630274267515,36.65037333634697,31.333180604966987,5.317192731379986,4,33.359663862693,0.742363851620091,29.981291824499756,-3.2811633719658886,33.56109104727489,-0.5449305190149971,34.56363587133557,-0.3452052796855938,35.21881714645308,-0.2274855962220741,38.220951953557375,27.080148621995487,11.140803331561887,4
calibration_staircase,calibration,280.0,30.0,23.3,23.0,0.6,43.81790175827871,45.62877151503852,48.04406680606182,50.38544789385904,51.990211543111904,54.846544791493656,41.01572851198009,13.830816279513565,4,37.65516931251027,-6.162732445768441,32.07682097612089,-13.55195053891763,43.293851296492136,-4.750215509569685,46.31164173913609,-4.073806154722945,48.1978732652276,-3.792338277884305,51.2000080723319,29.175677773616624,22.024330298715274,4
calibration_staircase,calibration,300.0,30.0,23.3,23.0,0.6,43.94679323397811,45.767397376163885,48.1958253037468,50.54977285139674,52.16277657350662,55.03736564985872,41.12863438746548,13.90873126239324,4,40.20862104692555,-3.7381721870525624,33.95224391924821,-11.815153456915674,44.615386548723386,-3.5804387550234154,47.53455192632622,-3.0152209250705155,49.3862989539123,-2.776477619594317,52.3884337610166,31.051100716743942,21.337333044272658,4
calibration_staircase,calibration,320.0,30.0,23.3,23.0,0.6,44.07147156966728,45.901488099058994,48.34261363339209,50.70871085263464,52.3296809985473,55.22195516712576,41.23783815508431,13.984117012041452,4,41.782871091743544,-2.2886004779237368,35.52137589725673,-10.380112201802262,45.72137199517819,-2.6212416382139025,48.55808022304113,-2.1506306295935076,50.38100720526012,-1.9486737932871847,53.38314201236442,32.62023269475246,20.762909317611957,4
calibration_staircase,calibration,340.0,30.0,23.3,23.0,0.6,44.19207444986755,46.03119203480753,48.48459457970371,50.86243852977896,52.49111055568454,55.400516908549584,41.34346113852389,14.057055770025691,4,42.79526574981543,-1.3968087000521194,36.829605806264865,-9.201586228542666,46.643647505908255,-1.840947073795455,49.41165019765307,-1.4507883321258959,51.21057171709,-1.2805388385945449,54.212706524194296,33.92846260376059,20.284243920433703,4
calibration_staircase,calibration,360.0,30.0,23.3,23.0,0.6,44.308735057995264,46.1566526792749,48.6219255921706,51.01112671860507,52.64724488216277,55.57324778113232,41.44562068617259,14.127627094959728,4,43.47664477624316,-0.8320902817521016,37.917840950005775,-8.238811729269123,47.41092976017559,-1.2109958319950067,50.12180272940707,-0.8893239891979974,51.90076771859574,-0.7464771635670289,54.902902525700036,35.0166977475015,19.886204778198532,4
calibration_staircase,calibration,380.0,30.0,23.3,23.0,0.6,44.421582226413,46.27800883514234,48.75475896336635,51.15494065241312,52.79825771930361,55.74033825687195,41.54443030322001,14.19590795365194,4,43.956289910475704,-0.4652923159372975,38.82175114145862,-7.4562576936837175,48.04830290224188,-0.7064560611244701,50.7117346536895,-0.4432059987236201,52.47412985266411,-0.32412786663949333,55.47626465976841,35.92060793895435,19.555656720814063,4
calibration_staircase,calibration,400.0,30.0,23.3,23.0,0.6,44.53074057852734,46.39539476537557,48.88324199785946,51.29404014580008,52.94431710608461,55.90197258316648,41.63999977742709,14.261972805739385,4,44.30789833958825,-0.22284223893909427,39.57184586240608,-6.823548902969492,48.57724478354419,-0.30599721431526916,51.201314628537006,-0.09272551726307654,52.94996316472181,0.005646058637196916,55.952097971826106,36.670702659901806,19.2813953119243,4
calibration_staircase,calibration,420.0,30.0,23.3,23.0,0.6,44.63633066624798,46.50894034167613,49.00751717559089,51.42857977240224,53.08558556635989,56.05832898633422,41.73243530078368,14.32589368555054,4,44.5745123776666,-0.061818288581378056,40.19391684660304,-6.315023495073092,49.01592389790787,0.008406722316976811,51.60735343996097,0.1787736675587297,53.344603432957726,0.2590178665978371,56.346738240062024,37.292773644098766,19.053964595963258,4
calibration_staircase,calibration,440.0,40.0,19.9,23.0,0.6,44.73846910295941,46.61877118807938,49.12772230990007,51.55870903680572,53.22222028993136,56.20957986847619,41.82183958718839,14.387740281287796,4,44.782078501640974,0.04360939868156777,40.70960887283434,-5.909162315245041,49.37959373547912,0.25187142557904707,51.9439665723891,0.38525753558337783,53.67176827590049,0.4495479859691329,57.67461468537289,36.84141793616198,20.833196749210906,4
calibration_staircase,calibration,460.0,40.0,19.9,23.0,0.6,53.17695152196276,56.21807984487249,60.31368374059776,64.31583799677037,67.0839577964276,71.49157867603137,49.10556703202269,22.38601164400868,4,47.47147195026595,-5.705479571696813,42.62485317753537,-13.59322666733712,57.843417129026875,-2.470266611570885,62.207636496238806,-2.108201500531564,65.06437832036573,-2.019579476061864,69.06722472983813,38.756662240863015,30.310562488975116,4
calibration_staircase,calibration,480.0,40.0,19.9,23.0,0.6,53.33663004204988,56.39059684581186,60.50367266231599,64.52263932223225,67.30182438113474,71.73268603397705,49.24530851467159,22.48737751930545,4,49.13434083580647,-4.202289206243414,44.323700046588634,-12.066896799223223,59.040922205920246,-1.4627504563957459,63.31589113028885,-1.2067481919434044,66.14144385272294,-1.1603805284117925,70.14429026219534,40.45550910991628,29.688781152279063,4
calibration_staircase,calibration,500.0,40.0,19.9,23.0,0.6,53.49109703600415,56.55747460907335,60.68743887977404,64.72265547378467,67.51253496680101,71.96590904018444,49.3804749247129,22.585434115471543,4,50.207919665790925,-3.283177370213224,45.73973565022074,-10.817738958852615,60.03921218149484,-0.6482266982792027,64.23981690068767,-0.4828385730969984,67.03938764889563,-0.47314731790538644,71.04223405836802,41.87154471354838,29.170689344819642,4
calibration_staircase,calibration,520.0,40.0,19.9,23.0,0.6,53.64052251368305,56.71889742610984,60.86518621747595,64.91610914388428,67.71632470888485,72.19150566629426,49.51121593092586,22.680289735368405,4,50.933390502383446,-2.7071320112996062,46.91746433432888,-9.801433091780957,60.869600994527794,0.0044147770518421225,65.00837944088543,0.09227029700114997,67.78635338781426,0.07002867892940401,71.78919979728666,43.04927339765653,28.73992639963013,4
calibration_staircase,calibration,540.0,40.0,19.9,23.0,0.6,53.78507093975279,56.87504356495003,61.03711182058663,65.10321571068172,67.91342102822809,72.40972543345164,49.6376763088217,22.772049124629937,4,51.44600617212822,-2.3390647676245706,47.89561124808755,-8.979432316862486,61.55932452822532,0.5222127076386869,65.6467663686825,0.5435506580007825,68.40681015880912,0.4933891305810363,72.40965656828152,44.02742031141519,28.382236256866328,4
calibration_staircase,calibration,560.0,40.0,19.9,23.0,0.6,53.924901416782745,57.02608546951457,61.20340637655653,65.2841834812891,68.10404386868038,72.62080969359484,49.75999610199719,22.860813591597648,4,51.823010350733725,-2.1018910660490207,48.70725714195096,-8.318828327563608,62.131672371650346,0.9282659950938168,66.17652282761837,0.8923393463292655,68.92169219374848,0.8176483250681059,72.92453860322088,44.839066205278606,28.085472397942276,4
calibration_staircase,calibration,580.0,40.0,19.9,23.0,0.6,54.060167859950745,57.172189949827896,61.364254326663385,65.45921392401749,68.28840594306774,72.82499189711513,49.878310776628005,22.94668112048712,4,52.10962843244131,-1.9505394275094332,49.380345457586344,-7.791844492241552,62.60632961139073,1.242075284727342,66.61586312187049,1.1566491978529996,69.34869926700819,1.0602933239404422,73.35154567648058,45.51215452091399,27.839391155566595,4
calibration_staircase,calibration,600.0,40.0,19.9,23.0,0.6,54.1910191660605,57.31351836602029,61.51983407062343,65.62850189298378,68.46671297106387,73.02249785173967,49.99275137092418,23.02974648081549,4,52.33320836548528,-1.8578108005752227,49.93831511450861,-7.375203251511678,62.99981456236122,1.4799804917377912,66.98007333426817,1.351571441284392,69.7026866728149,1.2359737017510355,73.7055330822873,46.070124177836256,27.635408904451047,4
calibration_staircase,calibration,620.0,10.0,30.1,23.0,0.6,54.31759937705656,57.4502268063228,61.67031816450013,65.79223584533753,68.63916390923158,73.21354597292459,50.10344463971212,23.11010133321247,4,52.510950412697284,-1.806648964359276,50.400739392064494,-7.049487414258309,63.325924729885415,1.655606565385284,67.28192273910292,1.4896868937653949,69.9960643692934,1.3569004600618229,70.9967759716615,49.433691657896404,21.563084313765103,4
calibration_staircase,calibration,640.0,10.0,30.1,23.0,0.6,31.6566902622162,32.225364012266965,32.97343977023296,33.68341003416656,34.15219109117932,35.25983328028759,30.524407044070376,4.735426236217212,4,44.536738624482226,12.880048362266027,46.97998680756509,14.754622795298125,43.39055887136735,10.41711910113439,42.96643852435114,9.283028490184577,42.999416961072534,8.847225869893215,47.98069840993319,41.99939079018305,5.98130761975014,1
calibration_staircase,calibration,660.0,10.0,30.1,23.0,0.6,31.605515523343783,32.16981299708341,32.911887662452365,33.61605300486622,34.080997738141136,35.18156178866317,30.47942078642687,4.702141002236296,4,39.84065820493642,8.235142681592635,43.8560414765982,11.686228479514789,41.18947636961438,8.277588707162018,40.929690295757226,7.313637290891009,41.02013846229106,6.939140724149922,44.8567530789663,38.87361047076833,5.983142608197973,1
calibration_staircase,calibration,680.0,10.0,30.1,23.0,0.6,31.55600840486052,32.11607636208355,32.85235180178229,33.55090794157271,34.0121459729392,35.105853809937216,30.435904385217363,4.669949424719853,4,36.97838821718925,5.422379812328728,41.23864453514405,9.1225681730605,39.344777794577155,6.492425992794864,39.222567252683504,5.671659311110794,39.36110663226221,5.348960659323005,42.23935613751215,36.01134048302116,6.228015654490989,1
calibration_staircase,calibration,700.0,10.0,30.1,23.0,0.6,31.508114599004596,32.06409486296937,32.79476613144876,33.48790216605543,33.94555872171132,35.032625306135174,30.39380986533244,4.6388154408027376,4,35.16154337732567,3.653428778321075,39.05449857942135,6.990403716451979,37.80507690081679,5.010310769368033,37.79759063640744,4.309688470352015,37.97621771229105,4.030658990579731,40.05521018178945,34.19449564315758,5.860714538631868,1
calibration_staircase,calibration,720.0,10.0,30.1,23.0,0.6,31.461781571189174,32.0138111956268,32.73906676611771,33.4269653968812,33.881161457374425,34.96179500795171,30.35309081950473,4.608704188446975,4,33.95531835405341,2.4935367828642363,37.236599875824886,5.222788680198086,36.523372243907204,3.784305477789495,36.61133064323747,3.184365246356272,36.82330026341851,2.9421388060440847,38.237311478192986,32.98827061988532,5.249040858307666,1
calibration_staircase,calibration,740.0,10.0,30.1,23.0,0.6,31.41695849603081,31.96516992605799,32.68519191338018,33.368029662661584,33.8188821073834,34.89328431231583,30.313702353110894,4.57958195920493,4,33.117218793480504,1.7002602974496952,35.726056066491196,3.7608861404332075,35.45826665953413,2.773074746153952,35.62551013526815,2.2574804726065665,35.86517264533498,2.0462905379515774,36.86588424770308,32.15017105931241,4.715713188390666,4
calibration_staircase,calibration,760.0,10.0,30.1,23.0,0.6,31.373596201797355,31.91811742938161,32.63308180518177,33.31102922608378,33.758650972824526,34.82701719482439,30.27560103494313,4.551416159881264,4,32.5098225971861,1.1362263953887464,34.472255343881784,2.554137914500174,34.574140101964375,1.9410582967826073,34.80718062696637,1.4961514008825887,35.06982248617919,1.3111715133546653,36.07053408854729,31.54277486301801,4.52775922552928,4
calibration_staircase,calibration,780.0,10.0,30.1,23.0,0.6,31.331647116659408,31.872601830821694,32.5826786314989,33.25590051044159,33.70040065017824,34.76292012505487,30.23874484957998,4.524175275474889,4,32.053505625724185,0.7218585090647771,33.432287118300145,1.5596852874784517,33.84076994023646,1.258091308737562,34.12837945593805,0.8724789454964608,34.41007801451778,0.7096773643395409,35.41078961688588,31.086457891556094,4.324331725329785,4
calibration_staircase,calibration,800.0,10.0,30.1,23.0,0.6,31.29106521668661,31.828572948620145,32.53392647618813,33.202582028583834,33.64406595566301,34.700921984663,30.203093151304543,4.497828833358454,4,31.700755960565754,0.4096907438791426,32.5700741902255,0.7415012416053521,33.2327344960384,0.6988080198502686,33.56558234246475,0.36300031388091725,33.86307842923402,0.21901247357101283,34.86379003160212,30.733708226397663,4.130081805204458,4
calibration_triangular,calibration,0.0,8.0,30.78,23.0,0.6,23.0,23.0,23.0,23.000000000000007,22.999999999999996,23.0,23.0,0.0,0,23.0,0.0,23.0,0.0,23.0,0.0,23.000000000000007,0.0,22.999999999999996,0.0,23.800569281894486,22.226361812665523,1.5742074692289627,3
calibration_triangular,calibration,20.0,9.500000000000002,30.27,23.0,0.6,27.597567882722625,27.864846163998703,28.209229758439488,28.53288911560325,28.74635663796949,29.293821450837207,26.98293972550672,2.310881725330489,4,25.171029243057145,-2.4265386396654804,23.653731929071903,-4.2111142349268,26.163094748571087,-2.046135009868401,26.77290141721837,-1.7599876983848795,27.12411436806631,-1.6222422699031824,28.074790390316004,22.735036581612214,5.33975380870379,4
calibration_triangular,calibration,40.0,11.0,29.76,23.0,0.6,28.563535051013982,28.897578482730705,29.3294587329857,29.736597116660505,30.006156168814886,30.67555308664696,27.81968951777212,2.855863568874838,4,26.837434121450784,-1.7261009295631986,24.384303909772523,-4.513274572958181,27.260986419172283,-2.068472313813416,27.974540852665108,-1.7620562639953974,28.39391743304818,-1.6122387357667058,29.494700195653092,23.320551402187622,6.17414879346547,4
calibration_triangular,calibration,60.0,12.5,29.25,23.0,0.6,29.556736182306963,29.962887735956265,30.489666626743457,30.987686808849254,31.31859420918711,32.115556984989226,28.67993536982296,3.4356216151662657,4,28.237348441140327,-1.3193877411666364,25.151063867829468,-4.8118238681267975,28.40953225153577,-2.080134375207688,29.232055360443052,-1.755631448406202,29.723457299014033,-1.5951369101730783,30.974346801974157,23.942254200119354,7.032092601854803,4
calibration_triangular,calibration,80.0,13.999999999999998,28.74,23.0,0.6,30.576743973959157,31.06050185927241,31.68980662141376,32.286344756646315,32.684029273000014,33.61425302632135,29.563298978295364,4.050954048025986,4,29.498380044428924,-1.0783639295302336,25.9506121951666,-5.109889664105811,29.60659308622803,-2.0832135351857275,30.543600277654882,-1.7427444789914333,31.111041422711065,-1.5729878502889498,32.5120376660264,24.59674536733127,7.915292298695132,4
calibration_triangular,calibration,100.0,15.5,28.23,23.0,0.6,31.623129699400845,32.1901473702671,32.92983051101771,33.632756179790526,34.102818563687734,35.17205962176998,30.469400792036467,4.702658829733515,4,30.688790476907027,-0.9343392224938185,26.781216044745328,-5.40893132552177,30.851222597207897,-2.0786079138098152,31.908439472432292,-1.7243167073582342,32.55605676619212,-1.5467617974956127,34.107159749862674,25.282292056784787,8.824867693077888,4
calibration_triangular,calibration,120.0,17.0,27.72,23.0,0.6,32.69546325675596,33.35154941656652,34.20968874833931,35.027104997671984,35.57531801701786,36.78939376115712,31.39786005470413,5.391533706452982,4,31.844838982957185,-0.8506242737987719,27.642029050855026,-5.709520365711494,32.14311945415653,-2.066569294182777,33.32643975449545,-1.7006652431765303,34.0584794312352,-1.5168385857826578,35.75968915526097,25.998047902769272,9.7616412524917,4
calibration_triangular,calibration,140.0,18.5,27.21,23.0,0.6,33.79331321491024,34.544431821301146,35.52933048878041,36.46957387114689,37.10188234134845,38.46667105784916,32.34829484532396,6.118376212525192,4,32.985526436204836,-0.807786778705406,28.532672855195525,-6.011758966105621,33.482323067442806,-2.0470074213376037,34.797786522304214,-1.6717873488426775,35.61859684922133,-1.4832854921271164,37.46991331360232,26.74363454698456,10.72627876661776,4
calibration_triangular,calibration,160.0,20.0,26.7,23.0,0.6,34.916246858032125,35.76851712706001,36.88870363278181,37.96034424301198,38.68286505661387,40.20430579220003,33.320322117478,6.883983674722032,4,34.12054550523456,-0.7957013527975647,29.453013185732015,-6.315503941327993,34.86905074694097,-2.0196528858408413,36.322831562928855,-1.6375126800831268,37.23685907734979,-1.4460059792640791,39.23828228208599,27.518917717395833,11.719364564690157,4
calibration_triangular,calibration,180.0,21.5,26.19,23.0,0.6,36.0638302285982,37.023526638383885,38.28775486685785,39.49959637718136,40.31861853207946,42.00271095363166,34.31355773717122,7.68915321646044,4,35.25456768648126,-0.8092625421169402,30.40304054016122,-6.620486098222663,36.303610900856754,-1.984143966001099,37.90201191397461,-1.5975844632067506,38.91379951976315,-1.4048190123163096,41.06532946485457,28.323887911699828,12.741441553154743,4
calibration_triangular,calibration,200.0,23.0,25.68,23.0,0.6,37.23562816897372,38.309180462845774,39.72642970328931,41.08750939660705,42.00949402290353,43.86229828139439,35.327616519420744,8.534681761973644,4,36.389555180980985,-0.8460729879927342,31.382807026533783,-6.926373436311991,37.78635706202835,-1.9400726412609615,39.53580688174193,-1.55170251486512,40.64999292665299,-1.3595010962505398,42.95162961209962,29.158597237947177,13.793032374152446,4
calibration_triangular,calibration,220.0,24.5,25.17,23.0,0.6,38.43120436159683,39.62519755076582,41.20467251851878,42.724261319983455,43.75584170554415,45.78347830404836,36.362112263610896,9.421366040437462,4,37.5260077447908,-0.9051966168060304,32.392393281082484,-7.232804269683335,39.31766378539456,-1.887008733124219,41.224715500849804,-1.499545819133651,42.446033364983165,-1.3098083405609842,44.89777679078501,30.023126332370662,14.874650458414347,4
calibration_triangular,calibration,240.0,26.0,24.66,23.0,0.6,39.65012136781372,40.97129573360628,42.72242659029087,44.41002909727471,45.55801071204699,47.76666037770576,37.41665778765576,10.350002590050003,4,38.66363524466894,-0.986486123144779,33.43189143615065,-7.539404297455633,40.897914220241105,-1.8245123700497672,42.96924490652826,-1.4407841907464487,44.30252285160933,-1.2554878604376611,46.904373017766396,30.917567327313616,15.98680569045278,4
calibration_triangular,calibration,260.0,27.5,24.15,23.0,0.6,40.89194066540958,42.347191761090144,44.2796341335781,46.14498864410235,47.41634916324928,49.812252723072575,38.49086496100981,11.321387762062765,4,39.801720519405016,-1.0902201460045617,34.50139660377505,-7.845795157315095,42.52749387973793,-1.7521402538401674,44.76990450053331,-1.3750841435690404,46.22006564760807,-1.1962835156412126,48.97202255412034,31.842015334812803,17.13000721930754,4
calibration_triangular,calibration,280.0,29.0,23.64,23.0,0.6,42.15622268488013,43.75260133708643,45.876236335332415,47.92931487502975,49.3312042009339,51.92066246132682,39.58434473656523,12.336317724761592,4,40.93931522115988,-1.216907463720247,35.6010028362531,-8.15159850083333,44.20678767122824,-1.6694486641041735,46.62720316617902,-1.302111708850731,48.19926553243042,-1.13193866850348,51.101329179297906,32.79656440716564,18.304764772132266,4
calibration_triangular,calibration,300.0,30.5,23.13,23.0,0.6,43.44252684448541,45.18723915430292,47.51217338810065,49.76318173577904,51.30292201896695,54.09229564887045,40.69670718147404,13.395588467396417,4,42.07534557021539,-1.367181274270017,36.730801405781556,-8.456437748521367,45.93617861773657,-1.5759947703640762,48.541648065445045,-1.2215336703339972,50.24072462450211,-1.062197394464846,53.29289501172481,33.78130581656888,19.511589195155928,4
calibration_triangular,calibration,320.0,32.0,22.62,23.0,0.6,44.75041158412672,46.65081892782537,49.18738452254029,51.646762234413096,53.33184789344925,56.32755731098823,41.82756150693048,14.499995804057754,4,43.20866950947787,-1.5417420746488446,37.890880255945795,-8.759938671879574,47.71604743596731,-1.47133708657298,50.51374423785033,-1.1330179965627636,52.345042985819966,-0.9868049076292849,55.54732011339789,34.79632750660791,20.75099260678998,4
calibration_triangular,calibration,340.0,33.5,22.11,23.0,0.6,46.07943439808867,48.143053427544885,50.901808038874975,53.58022847152013,55.41832621191736,58.62685147445253,42.97651609695125,15.650335377501284,4,44.33810763191516,-1.7413267661735148,39.08132401998694,-9.061729407557948,49.54677253023546,-1.3550355086395172,52.5439945891691,-1.036233882351027,54.512818608003116,-0.9055076039142449,57.86520247593625,35.84171411052384,22.023488365412412,4
calibration_triangular,calibration,360.0,35.0,21.6,23.0,0.6,47.42915186667687,49.66365450950125,52.65538133731432,55.56375166942141,57.56270050161197,60.9905811990938,44.14317853618074,16.847402662913062,4,45.46245994793192,-1.9666919187449494,40.30221429076928,-9.361440218731971,51.42873017263105,-1.2266511646832683,54.63290005513585,-0.9308516142855581,56.74464756979516,-0.8180529318168084,60.24713817808351,36.91754722118097,23.329590956902543,4
calibration_triangular,calibration,380.0,36.5,21.09,23.0,0.6,48.79911968680574,51.21233314619792,54.44804094749343,57.59750220045714,59.7653134568681,63.4191486083972,45.32715563676915,18.091992971628045,4,46.58051500219003,-2.2186046846157055,41.553629981815604,-9.658703164382317,53.36229475211816,-1.0857461953752718,56.780959830365134,-0.8165423700920087,59.04112425869212,-0.7241891981759778,62.69372160733569,38.023905752102074,24.669815855233615,4
calibration_triangular,calibration,400.0,38.0,20.58,23.0,0.6,50.188892701542855,52.78879945589094,56.27972255692916,59.68164961434122,62.02650696561395,65.9129549191095,46.52805346432987,19.384901454779623,4,47.691054852356025,-2.49783784918683,42.83564770046532,-9.953151755425615,55.34783903474075,-0.9318835221884072,58.98867160831722,-0.6929780060239992,61.40284160370914,-0.6236653619048056,65.20554569270793,39.16086631062658,26.04467938208135,4
calibration_triangular,calibration,420.0,36.5,21.09,23.0,0.6,51.59802492867989,54.392762730924254,58.15036103856728,61.81636266466148,64.34662213505545,68.47240046994307,47.745477363037416,20.72692310690565,4,48.792857805848016,-2.8051671228318753,44.14834209693167,-10.244420633992583,57.38573440816671,-0.7646266304005707,61.25653180716529,-0.5598308574961948,63.830391294653325,-0.5162308404021303,67.48298864329689,40.61861786721814,26.86437077607875,4
calibration_triangular,calibration,440.0,35.0,21.6,23.0,0.6,50.46696795872554,53.088841834173024,56.60958939446721,60.04017103133573,62.40386771770943,66.33064954615338,46.77140243285511,19.55924711329827,4,49.156642224367594,-1.3103257343579457,45.02526061462839,-8.063581219544638,56.891632401706815,0.28204300723960785,60.41750793065293,0.37733689931719994,62.791519887911086,0.38765217020165466,66.29401049619943,41.640593545040076,24.653416951159357,4
calibration_triangular,calibration,460.0,33.5,22.11,23.0,0.6,49.33535703433981,51.790726369202005,55.08363078009054,58.28802145900357,60.49193613867708,64.22346670629433,45.79642823032012,18.42703847597421,4,49.064971639072816,-0.2703853952669917,45.51146344018659,-6.279262929015417,56.152861409210495,1.0692306291199571,59.36375412785658,1.0757326688530071,61.55134068369151,1.0594045450144236,64.90372455162465,42.27185353072349,22.63187102090116,4
calibration_triangular,calibration,480.0,32.0,22.62,23.0,0.6,48.20425766004757,50.49940128372168,53.57335075243274,56.56065061142938,58.61146207276762,62.15152841667734,44.82149113123088,17.33003728544646,4,48.679616054327326,0.475358394279759,45.67685806798749,-4.822543215734193,55.21834177892049,1.6449910264877516,58.14038128790331,1.579730676473929,60.15358039758717,1.5421183248195476,63.35585752516509,42.5823053186496,20.77355220651549,4
calibration_triangular,calibration,500.0,30.5,23.13,23.0,0.6,47.074716171100725,49.21582977649908,52.07958942307418,54.85876603324563,56.76304860371012,60.11547643254684,43.84751070552058,16.267965727026265,4,48.09592297412113,1.0212068030204051,45.58046239897983,-3.6353673775192448,54.1293314948973,2.0497420718231183,56.7854122800307,1.9266462467850687,58.63507865493622,1.8720300512261048,61.687249042158925,42.63096680976716,19.056282232391766,4
calibration_triangular,calibration,520.0,29.0,23.64,23.0,0.6,45.94776034931656,47.940954002997394,50.60316229314568,53.18304711387708,54.94726827509852,58.11591894911919,42.87539025808652,15.240528691032672,4,47.372129262377754,1.424368913061194,45.27175770678454,-2.669196296212853,52.92038364334776,2.3172213502020824,55.330670014288465,2.1476229004113847,57.026652356622094,2.079384081523571,59.92871600348958,42.46731927769708,17.461396725792504,4
calibration_triangular,calibration,540.0,27.5,24.15,23.0,0.6,44.82440001848725,46.675695757396966,49.14486106006293,51.53414601862292,53.16466410537637,56.15343171306856,41.90601735181898,14.247414361249575,4,46.545388009732484,1.7209879912452308,44.792047312575,-1.883648444821965,51.620295068015416,2.4754340079524866,53.80265267964375,2.2685066610208295,55.35394485694299,2.1892807515666206,58.105901763455265,42.13266604361275,15.973235719842513,4
calibration_triangular,calibration,560.0,26.0,24.66,23.0,0.6,43.70562762073258,45.420957132529374,47.70545439779104,49.91268858888402,51.41575056899907,54.22855909709152,40.940264313864375,13.288294783227144,4,45.64059425408272,1.9349666333501432,44.17571020254166,-1.2452469299877151,50.25298532796224,2.547530930171206,52.223345782429575,2.310657193545552,53.63821440639698,2.2224638373979104,56.24006457255405,41.66138609370462,14.578678478849426,4
calibration_triangular,calibration,580.0,24.5,25.17,23.0,0.6,42.59241877443066,44.1776211584703,46.28568871154243,48.31927521259714,49.70101454494312,52.34181513882403,39.97898872568175,12.362826413142288,4,44.67529636935599,2.0828775949253284,43.451308576297066,-0.7263125821732359,48.838275010594515,2.552586299052088,50.61094173482574,2.2916665222285957,51.897033111424676,2.1960185664815555,54.34877653722652,41.08204162758525,13.266734909641272,4
calibration_triangular,calibration,600.0,23.0,25.68,23.0,0.6,41.48573281429653,42.94655242046024,44.8862888677244,46.75448166584007,48.02091623362688,50.49368454526885,39.02303389739386,11.47065064787499,4,43.662470723439924,2.176737909143391,42.642542561083665,-0.30400985937657765,47.39255753739329,2.5062686696688843,48.98046124057498,2.2259795747349145,50.14489064802042,2.123974414393544,52.44652733346705,40.41833277249706,12.028194560969993,4
calibration_triangular,calibration,620.0,21.5,26.19,23.0,0.6,40.38651331418539,41.72859765683106,43.507958899959405,45.218859926575824,46.3758900433092,48.68462366389507,38.073229326941785,10.611394336953282,4,42.61212254353727,2.2256092293518748,41.76906115756376,0.040463500732698776,45.92937026739716,2.4214113674377558,47.344281675216564,2.12542174864074,48.39370768806863,2.0178176447594325,50.54523763316005,39.68990852910237,10.855329104057681,4
calibration_triangular,calibration,640.0,20.0,26.7,23.0,0.6,39.295688593167874,40.52458633757995,42.15138269195761,43.712938961454974,44.76634544697959,46.91506142151314,37.13039114452372,9.784670276989424,4,41.532235909029275,2.236547315861401,40.847144836699975,0.3225584991200279,44.45987545552484,2.30849276356723,45.71258213774382,1.9996431762888491,46.65326839383938,1.8869229468597908,48.65469159857558,38.913049368363794,9.741642230211788,4
calibration_triangular,calibration,660.0,18.5,27.21,23.0,0.6,38.21417220541085,39.33533122421712,40.81722463800264,42.237225486570736,43.1926678107256,45.18540023199867,36.19532254278916,8.990077689209514,4,40.42935790530071,2.215185699889865,39.89027682556377,0.5549456013466454,42.9932629103373,2.176038272334658,44.093716086044445,1.8564905994737089,44.93158255986323,1.7389147491376278,46.782899024244216,38.1012385173528,8.681660506891419,4
calibration_triangular,calibration,680.0,17.0,27.72,23.0,0.6,37.14286341438002,38.16162891149207,39.50613028178388,40.79220470303012,41.655219194528485,43.496016873900935,35.26881419324196,8.227202680658976,4,39.30897317949884,2.1661097651188257,38.90961949524099,0.7479905837489156,41.53708583423608,2.0309555524521983,42.49452215738103,1.7023174543509043,43.23518769145397,1.5799684969254884,44.936397415479746,37.26563834715523,7.670759068324514,4
calibration_triangular,calibration,700.0,15.5,28.23,23.0,0.6,36.08264765186401,37.00426035158391,38.2187269342856,39.37834100817609,40.15433912640691,41.84726333893778,34.35164464929284,7.495618689644942,4,38.17575525843563,2.093107606571621,37.914410686904795,0.9101503353208855,40.097540259247424,1.8788133249618255,40.92058279757336,1.5422417893972664,41.56940036565092,1.415061239244011,43.120503349321474,36.41548669894426,6.7050166503772175,4
calibration_triangular,calibration,720.0,13.999999999999998,28.74,23.0,0.6,35.03439696230356,35.86399136132207,36.95562427141955,37.9960786832681,38.69034535079783,40.23946765234497,33.444580736387,6.794886915957974,4,37.033742947245635,1.9993459849420745,36.91229293438136,1.048301573059291,38.67969719030609,1.7240729188865416,39.376439124987215,1.3803604417191124,39.93852506002341,1.2481797092255817,41.33952130333875,35.55842610654604,5.781095196792712,4
calibration_triangular,calibration,740.0,12.5,29.25,23.0,0.6,33.99897043289471,34.741573112986124,35.71741491206518,36.64584255840103,37.263534552033256,38.67293466601607,32.54837792961981,6.124556736396258,4,35.88646931505556,1.8874988821608483,35.90958667800551,1.1680135650193861,37.28769526602876,1.5702803539635823,37.86576925403469,1.21992669563366,38.346027469029416,1.0824929169961592,39.59691697198954,34.67765964734544,4.9192573246441,4
calibration_triangular,calibration,760.0,11.0,29.76,23.0,0.6,32.977214609919365,33.63774260921504,34.50467497716005,35.328038655417465,35.874183053743884,37.14794682533744,31.66378071923969,5.4841661060977565,4,34.737059302872495,1.7598446929531306,34.91151685477079,1.2737742455557495,35.92490054783896,1.4202255706789089,36.391536194959144,1.0634975395416788,36.79467825182932,0.9204951980854332,37.895461014434225,33.673306795287594,4.222154219146631,4
calibration_triangular,calibration,780.0,9.500000000000002,30.27,23.0,0.6,31.969963901742616,32.553223142539565,33.31796463046155,34.04305480954235,34.52254749499196,35.66476491059285,30.79152296442505,4.873241946167802,4,33.58830559726959,1.618341695526972,33.922400743874555,1.3691776013349894,34.594038989874164,1.2760743594126112,34.9561104680529,0.9130556585105509,35.286672204857645,0.7641247098656834,36.23734822710734,32.6696102498099,3.5677379772974405,4
calibration_triangular,calibration,800.0,8.0,30.78,23.0,0.6,30.978040968902143,31.488724740034584,32.15782860158114,32.79126127044543,33.20886548390928,34.22362875378323,29.932328235709903,4.291300518073328,4,32.442728795996445,1.464687827094302,32.945803651018196,1.4570789109836113,33.29730623023911,1.1394776286579713,33.561371726999106,0.7701104565536738,33.8237270329718,0.6148615490625247,34.624296314866285,31.66909060866197,2.955205706204314,4
validation_multisine,validation,0.0,23.0,25.68,23.0,0.6,23.0,23.0,23.0,23.000000000000007,22.999999999999996,23.0,23.0,0.0,0,23.0,0.0,23.0,0.0,23.0,0.0,23.000000000000007,0.0,22.999999999999996,0.0,25.30163668544664,20.77579021141339,4.525846474033248,3
validation_multisine,validation,20.0,30.73599173599105,23.04976280976304,23.0,0.6,37.864241055488,39.01891927050919,40.5460333637804,42.01594146481504,43.01513332364673,44.96462456698812,35.865141992352015,9.099482574636106,4,29.40479621766057,-8.45944483782743,25.24481480616037,-13.774104464348817,34.28027336466235,-6.265759999118053,36.563036484116495,-5.452904980698548,37.915692072645385,-5.099441251001345,40.99147842669501,22.27249768959044,18.71898073710457,4
validation_multisine,validation,40.0,34.94570737277459,21.61845949325664,23.0,0.6,43.9886781752699,45.84499938428131,48.32313983147343,50.728062987472285,52.37908726612758,55.27254023328277,41.15774726013012,14.114792973152646,4,35.2334152610578,-8.755262914212096,28.290387981872804,-17.554611402408504,41.10224514355142,-7.220894687922012,44.4448450701462,-6.283217917326084,46.47702951349003,-5.902057752637546,49.97408699557963,24.91097126849853,25.063115727081104,4
validation_multisine,validation,60.0,34.40821402070066,21.80120723296177,23.0,0.6,47.58914465333324,49.91166843192173,53.02559529979488,56.05866645796459,58.14994955910768,61.63249244252033,44.26787214838862,17.36462029413171,4,39.801636193051635,-7.787508460281607,31.52100226263197,-18.390666169289762,46.2502902716555,-6.775305028139378,50.18540390922524,-5.873262548739348,52.62327572692011,-5.526673832187569,56.066545625648104,28.193563722083045,27.87298190356506,4
validation_multisine,validation,80.0,30.83058130441221,23.01760235649985,23.0,0.6,47.310385602957794,49.584536877192335,52.632182306540926,55.59906896932397,57.64303571738239,61.07443053510337,44.02947468748621,17.044955847617153,4,42.47316636078186,-4.837219242175934,34.18441306341944,-15.400123813772893,47.74775388943897,-4.884428417101958,51.44155768436525,-4.157511284958723,53.76847902348176,-3.8745566939006295,56.853731065389596,31.202948684067753,25.650782381321843,4
validation_multisine,validation,100.0,27.36415576420375,24.196187040170724,23.0,0.6,44.54049293816959,46.44262211896353,48.98273552992587,51.44738950780959,53.13817502630685,56.11124181610985,41.64022899213386,14.47101282397599,4,43.259582411585555,-1.2809105265840373,35.886654161317196,-10.555967957646331,46.5181576867981,-2.4645778431277705,49.47788962201472,-1.9694998857948676,51.38046902526445,-1.7577060010423935,54.11883184148912,33.240409678397604,20.878422163091514,4
validation_multisine,validation,120.0,26.161910399525325,24.60495046416139,23.0,0.6,41.918542307520696,43.49658325053805,45.596160085741815,47.626243937678346,49.01257114257375,51.56895545712166,39.377232252544346,12.191723204577317,4,42.921723376035246,1.0031810685145501,36.795463061289325,-6.701120189248726,44.965163365111266,-0.6309967206305487,47.30100247674319,-0.32524146093515327,48.83797083918144,-0.17460030339231025,51.456023566873405,34.26548144395237,17.190542122921038,4
validation_multisine,validation,140.0,26.8268343236509,24.378876329958693,23.0,0.6,41.09086800887341,42.56937303168437,44.53394601457761,46.43096706825286,47.724057034913095,50.15145069400347,38.663421380543,11.488029313460473,4,42.49797461424141,1.407106605368,37.35657326467316,-5.212799767011212,44.636282093016234,0.10233607843862558,46.753721561055144,0.3227544928022823,48.166525545057155,0.4424685101440602,50.85111798130558,34.76229032991422,16.088827651391355,4
validation_multisine,validation,160.0,26.909157412340143,24.350886479804352,23.0,0.6,41.70320937506497,43.24755714839283,45.30124054666959,47.28557962169727,48.63916186901309,51.159392424583245,39.19363581852387,11.965756606059372,4,42.506495557736464,0.8032861826714921,37.892917259870664,-5.354639888522165,45.41331362495852,0.11207307828892965,47.6065135577815,0.3209339360842236,49.07207031110308,0.432908442089996,51.76490091435092,35.29067328947306,16.474227624877855,4
validation_multisine,validation,180.0,24.047805237258224,25.323746219332204,23.0,0.6,41.86462287885526,43.42342612246273,45.49660626823385,47.49983386264503,48.86619762511995,51.41004137106971,39.33424057534262,12.07580079572709,4,42.58860809031853,0.7239852114632725,38.351814790399196,-5.071611332063533,45.78674884778005,0.29014257954620604,47.9688644259694,0.46903056332436677,49.43384448677338,0.5676468616534294,51.840336258014645,36.026277233758584,15.81405902425606,4
validation_multisine,validation,200.0,18.09835088372232,27.34656069953441,23.0,0.6,39.762148990052346,41.083055950938544,42.83423286965716,44.52098408873845,45.66659492412477,47.88986644541752,37.51854328880293,10.371323156614594,4,41.889672655523626,2.12752366547128,38.366672083231535,-2.716383867707009,44.11874134972798,1.2845084800708264,45.86412405114284,1.3431399624043863,47.06681780021429,1.400222876089515,48.877940771521274,36.616475161803265,12.261465609718009,4
validation_multisine,validation,220.0,11.591785979299344,29.558792767038224,23.0,0.6,35.47660156090298,36.36713469408299,37.53937572150488,38.660355031222494,39.41413066221516,41.01616993434546,33.81410832056207,7.202061613783393,4,39.835730654622935,4.359129093719957,37.64835203722679,1.2812173431438012,40.44673979564857,2.907364074143686,41.419454448607134,2.7590994173846397,42.15316829956609,2.7390376373509326,43.31317177173136,36.52737100060251,6.785800771128855,4
validation_multisine,validation,240.0,8.125360439090883,30.7373774507091,23.0,0.6,31.095729863802056,31.616614189729106,32.29704786716863,32.94206255358235,33.37009158941826,34.38011686140425,30.02399520136873,4.356121660035512,4,36.80041177027732,5.704681906475265,36.31545707114658,4.698842881417477,36.52728837020742,4.230240503038793,36.824398892252844,3.882336338670491,37.146201317987256,3.776109728568997,37.95931556446936,35.52969593095439,2.4296196335149673,4
validation_multisine,validation,260.0,9.85204726254698,30.150303930734022,23.0,0.6,28.907748893836715,29.27094598055309,29.744051840783435,30.190562083709587,30.48455082627812,31.215511685299354,28.129778253215477,3.085733432083881,4,34.04256699860601,5.134818104769298,34.824722351064025,5.553776370510935,34.086131304944,4.3420794641605625,34.12086036991614,3.9302982862065505,34.2737325906206,3.7891817643424766,35.81062815133499,33.08982700038971,2.7208011509452774,1
validation_multisine,validation,280.0,15.92893218813452,28.084163056034264,23.0,0.6,29.979107135713004,30.41678693780335,30.987467110302287,31.527131832703027,31.883837819127663,32.7500399082356,29.05724508870786,3.692794819527741,4,32.877459817951305,2.8983526822383006,33.71221720190553,3.2954302641021798,33.97825398704618,2.9907868767438934,34.2364984292079,2.7093665965048714,34.50461284283772,2.6207750237100598,36.098639568237815,31.33705603992604,4.761583528311775,4
validation_multisine,validation,300.0,23.082323088689243,25.65201014984566,23.0,0.6,34.00088593156207,34.75750186053244,35.750616059745354,36.697450237458895,37.33142610754136,38.72933194571722,32.53778974682965,6.191542198887568,4,33.85273937012283,-0.14814656143923344,33.40368379309345,-1.3538180674389935,36.40724379415937,0.6566277344140161,37.33870528517238,0.6412550477134857,37.99476679993769,0.6633406923963321,40.30464165238374,31.17151296886818,9.133128683515558,4
validation_multisine,validation,320.0,27.87463956090912,24.0226225492909,23.0,0.6,39.17931369629649,40.43180292703103,42.09023484663307,43.68559207220066,44.7671858010342,46.90260599477559,37.01615178360993,9.886454211165663,4,36.37436738374144,-2.804946312555046,34.012347573107355,-6.419455353923674,40.50694207132426,-1.5832927753088057,42.341041110430936,-1.3445509617697269,43.539863318916325,-1.2273224821178772,46.32931084095939,31.31673687029442,15.012573970664967,4
validation_multisine,validation,340.0,28.996253019238694,23.641273973458844,23.0,0.6,42.92385056607526,44.59105766080964,46.81062754545181,48.95685007615799,50.42179521258318,53.125751129004456,40.25261031787608,12.87314081112838,4,39.13123703697939,-3.792613529095867,35.19628537628008,-9.394772284529559,44.15270122786975,-2.65792631758206,46.65480665616486,-2.302043419993133,48.27077668034305,-2.15101853224013,51.17246536249837,32.39220929811814,18.780256064380232,4
validation_multisine,validation,360.0,27.90164911627769,24.013439300465585,23.0,0.6,43.90003890557028,45.67971162722614,48.05191890406978,50.34821152934202,51.91764642800182,54.7734726219221,41.096886223704615,13.676586398217488,4,41.05353023046473,-2.8465086751055466,36.38439971765698,-9.295311909569158,45.69006988403634,-2.361849020033439,48.313214583050694,-2.034996946291322,50.01832837913986,-1.8993180488619572,52.810478778726136,33.68617706191204,19.124301716814095,4
validation_multisine,validation,380.0,27.36415576420375,24.196187040170724,23.0,0.6,43.12940586471113,44.81282260454594,47.05424041331148,49.22143606868013,50.70026336527015,53.43379726385631,40.43231030452908,13.001486959327224,4,41.92083256192122,-1.2085733027899082,37.24347722982953,-7.569345374716413,45.61189832947244,-1.4423420838390442,48.01069537647234,-1.2107406922077857,49.591650308871756,-1.1086130563983971,52.33001312509642,34.59723274690994,17.732780378186483,4
validation_multisine,validation,400.0,29.09084258765985,23.60911352019565,23.0,0.6,42.79246803127302,44.4327430397163,46.61555793959562,48.72483246509251,50.16287327881757,52.84290349643307,40.14219625243719,12.70070724399588,4,42.33064499808293,-0.4618230331900861,37.87943461606144,-6.553308423654862,45.73020088449556,-0.8853570551000587,48.009304432717556,-0.7155280323749551,49.5264875144495,-0.6363857643680717,52.43764188446303,35.06621127511774,17.37143060934529,4
validation_multisine,validation,420.0,32.23879532511286,22.53880958946163,23.0,0.6,44.23215518059804,46.03997178186978,48.45016845157581,50.78312179273058,52.377104319362914,55.28148312207495,41.38670825552164,13.894774866553306,4,43.08479729143021,-1.1473578891678287,38.634220389149924,-7.405751392719857,47.33577322581441,-1.114395225761406,49.856425351391394,-0.9266964413391889,51.52974271456529,-0.8473616047976265,54.75591636738638,35.516574992004,19.239341375382374,4
validation_multisine,validation,440.0,33.98022522420562,21.946723423770088,23.0,0.6,46.85420620116313,48.9870155072522,51.8395026789927,54.60870324081091,56.50788022110055,59.83230117422353,43.65193944023945,16.18036173398408,4,44.407403492613795,-2.4468027085493347,39.71575391176583,-9.271261595486372,50.154880235527294,-1.6846224434654076,53.16138885323703,-1.4473143875738828,55.14452218284556,-1.3633580382549866,58.54496274613994,36.42970393080689,22.11525881533305,4
validation_multisine,validation,460.0,31.70147388456001,22.721498879249594,23.0,0.6,48.3885272311536,50.71894441386722,53.84096295069176,56.87638764584337,58.96201385057864,62.5375122570027,44.97765777403552,17.559854482967182,4,45.68801773393249,-2.7005094972211126,40.898725956586894,-9.820218457280326,52.18273115044714,-1.6582318002446215,55.444322144423104,-1.4320655014202686,57.59934921999542,-1.3626646305832253,60.77175249284027,37.83304210760163,22.938710385238643,4
validation_multisine,validation,480.0,25.1694186955878,24.94239764350015,23.0,0.6,46.62918567091065,48.72181130211075,51.51936793383712,54.233644259527786,56.09334597867239,59.37712392023936,43.46014320206256,15.91698071817681,4,45.91217262998668,-0.7170130409239732,41.57381977003464,-7.147991532076112,51.104462880514916,-0.41490505332220096,53.91796743608431,-0.31567682344347503,55.808893671557165,-0.28445230711522385,58.32762660291069,39.13981683804502,19.18780976486567,4
validation_multisine,validation,500.0,17.00374698076133,27.718726026541148,23.0,0.6,41.56375555962207,43.04687895964476,45.01667136670788,46.91535179757531,48.204702666831096,50.6919972275041,39.08571982309685,11.606277404407251,4,44.33373204637995,2.7699764867578835,41.235602328354354,-1.8112766312904043,46.786992389144,1.7703210224361143,48.54894402102232,1.6335922234470104,49.79931143605852,1.5946087692274205,51.500896124796455,39.591258829343076,11.90963729545338,4
validation_multisine,validation,520.0,11.054292627225418,29.74154050674336,23.0,0.6,35.629572878727856,36.51748708008496,37.6865737915909,38.802831066222005,39.550445128188,41.17739058007213,33.95557914943089,7.221811430641239,4,41.14188584643244,5.512312967704581,39.92443571452549,3.406948634440525,41.51554596364229,3.8289721720513867,42.233297335320735,3.43046626909873,42.84539946275629,3.2949543345682883,43.95161535155995,38.85543285072655,5.0961825008334,4
validation_multisine,validation,540.0,9.852047262546984,30.150303930734022,23.0,0.6,31.635092520414823,32.19441708216995,32.92704599465516,33.62159141279584,34.08121641767759,35.1733373905683,30.499012880204152,4.674324510364148,4,37.58669913784159,5.951606617426769,38.14570807684577,5.951290994675823,37.59345264301991,4.666406648364749,37.739169290925105,4.117577878129268,37.99538713562261,3.9141707179450194,39.131613877116735,36.63395913962529,2.4976547374914446,1
validation_multisine,validation,560.0,12.999999999999996,29.08,23.0,0.6,30.842926386666917,31.34384023852865,31.99945063040318,32.6201365190523,33.02984822480178,34.02004269857139,29.812889781862427,4.20715291670896,4,35.136988663567784,4.294062276900867,36.49818662062928,5.154346382100634,35.9422529452224,3.942802314819218,36.05417256102555,3.4340360419732505,36.27115946187746,3.241311237075678,37.799111703707815,33.87982660914927,3.9192850945585462,1
validation_multisine,validation,580.0,17.67036208722728,27.492076890342723,23.0,0.6,32.855514961765984,33.50857172841858,34.36488238675587,35.17838928372653,35.71894243088574,36.97047114229292,31.554564521403517,5.415906620889402,4,34.52925892148821,1.6737439597222235,35.417958078055875,1.9093863496372947,36.49922122122265,2.1343388344667744,36.993150736006704,1.8147614522801732,37.418334842201574,1.6993924113158343,39.18662847807495,32.82045055964992,6.366177918425031,4
validation_multisine,validation,600.0,20.803571749043638,26.426785605325165,23.0,0.6,36.03736027510874,36.96182001684387,38.17946584113034,39.342879058616646,40.12309463652485,41.80702846166035,34.30724473152251,7.499783730137842,4,35.41715900126845,-0.6202012738402871,35.03226952514322,-1.9295504917006525,38.39257602905004,0.21311018791970326,39.44952760809193,0.10664854947528113,40.19986564535601,0.07677100883116594,42.281703207352535,33.020464832891626,9.261238374460909,4
validation_multisine,validation,620.0,21.342584371936887,26.243521313541457,23.0,0.6,38.297048334814,39.43593793487979,40.94110383609666,42.384640223048144,43.35810019619042,45.36280009828138,36.26144097566694,9.10135912261444,4,36.748930737691154,-1.5481175971228467,35.10739274098169,-4.328545193898101,40.04241450728695,-0.8986893288097093,41.501556916512484,-0.88308330653566,42.49103445905499,-0.8670657371354338,44.62681163960672,33.0434629551644,11.58334868444232,4
validation_multisine,validation,640.0,20.83058130441221,26.41760235649985,23.0,0.6,38.71863590412296,39.89868085489424,41.45915429230222,42.95664050264843,43.96734308953371,46.03307198091812,36.62617152182745,9.406900459090672,4,37.63270325515241,-1.0859326489705552,35.265287688592096,-4.633393166302142,40.440081619171565,-1.0190726731306583,41.96423943292,-0.9924010697284302,42.99443510993428,-0.9729079795994338,45.07897554947401,33.250871043408495,11.828104506065515,4
validation_multisine,validation,660.0,21.95219476274177,26.0362537806678,23.0,0.6,38.3716359777541,39.51608423430276,41.02863675631214,42.47922690578304,43.45737377163066,45.47281738655414,36.32640604515581,9.146411341398334,4,37.984041388478545,-0.3875945892755581,35.346276140097984,-4.169808094204775,40.22448317104523,-0.8041535852669099,41.674593492342034,-0.8046334134410031,42.66178330763256,-0.7955904639980957,44.85856490728455,33.22339411956538,11.635170787719176,4
validation_multisine,validation,680.0,26.161910399525325,24.60495046416139,23.0,0.6,39.22160979001143,40.45070878844849,42.07712711585377,43.63892238039069,44.693978650364194,46.83292526380694,37.06147112841907,9.77145413538787,4,38.497832092014264,-0.7237776979971642,35.545570435705685,-4.905138352742803,40.96592795191699,-1.1111991639367815,42.55956128134514,-1.079361099045549,43.63477548796941,-1.0592031623947875,46.252828215661374,33.01558881836873,13.237239397292647,4
validation_multisine,validation,700.0,32.23879532511284,22.53880958946164,23.0,0.6,42.437791125491415,44.01194161904805,46.10439105666609,48.123030793004574,49.495514785477376,52.11567214252633,39.84141286754886,12.274259274977467,4,39.968414914470266,-2.4693762110211495,36.246663339461,-7.765278279587051,43.85481382106379,-2.2495772356022954,46.03076596572794,-2.0922648272766367,47.46405782057343,-2.0314569649039456,50.69023147339452,33.12901794231508,17.56121353107944,4
validation_multisine,validation,720.0,36.90915741234014,20.95088647980435,23.0,0.6,47.32220066020485,49.48788034327979,52.38424407770566,55.19512422941108,57.12148264606445,60.514104365877415,44.06064437679382,16.453459989083598,4,42.473355807786895,-4.848844852417955,37.695146338048296,-11.792734005231495,48.73060343858971,-3.653640639115949,51.84327681975308,-3.3518474096579993,53.86351278233336,-3.257969863731091,57.55705498794929,34.12585463348261,23.431200354466682,4
validation_multisine,validation,740.0,37.11343488602199,20.881432138752523,23.0,0.6,51.29354395791541,53.99742134491821,57.62906215832594,61.16764281963384,63.60519191129683,67.66178320595438,47.48923750269556,20.17254570325882,4,45.17191522184983,-6.121628736065581,39.65350054261909,-14.343920802299117,53.4049106773619,-4.224151480964039,57.29346329231139,-3.874179527322454,59.81553290169072,-3.7896590096061047,63.52951739110824,36.06445423124684,27.4650631598614,4
validation_multisine,validation,760.0,32.24048650745327,22.538234587465887,23.0,0.6,51.5807590950441,54.31870854482855,57.99692167149783,61.58132278453283,64.0505937665387,68.15363640068017,47.73842378345928,20.415212617220888,4,46.888595989988744,-4.692163105055357,41.36790952880305,-12.950799016025506,54.764163404409445,-3.2327582670883857,58.603135073118416,-2.9781877114144137,61.11861293379543,-2.931980832743264,64.3449558251955,38.25010058625209,26.09485523894341,4
validation_multisine,validation,780.0,24.657415628063124,25.11647868645853,23.0,0.6,47.63676435004595,49.82754741486143,52.758028500835096,55.60171519747064,57.54966245377394,60.98818498476651,44.33582592348097,16.652359061285544,4,46.75528372008084,-0.881480629965111,42.07784538580866,-7.74970202905277,51.82097900121339,-0.9370494996217076,54.70367947166862,-0.8980357258020177,56.64362226639852,-0.9060401873754174,59.11111845674005,39.693355594452726,19.417762862287326,4
validation_multisine,validation,800.0,18.12536043909089,27.3373774507091,23.0,0.6,41.7260531432506,43.206541014598734,45.17237082854541,47.06565191956539,48.34908009937868,50.85838011626343,39.23108396125083,11.6272961550126,4,44.70055707041865,2.974503927168044,41.59872980643364,-1.6078112081650957,46.746175277367584,1.5738044488221732,48.41211034591727,1.3464584263518802,49.60962912356205,1.2605490241833692,51.42345497241225,39.84592093207336,11.57753404033889,4
final_prbs_seed1601,synthetic_final_confirmation,0.0,16.0,28.06,23.0,0.6,23.0,23.0,23.0,23.000000000000007,22.999999999999996,23.0,23.0,0.0,0,23.0,0.0,23.0,0.0,23.0,0.0,23.000000000000007,0.0,22.999999999999996,0.0,24.601138563788968,21.45272362533105,3.1484149384579183,3
final_prbs_seed1601,synthetic_final_confirmation,20.0,16.0,28.06,23.0,0.6,32.82503064861527,33.49635024486864,34.374890430248605,35.21251948546113,35.77521723791551,37.00702188108914,31.507442327549207,5.499579553539931,4,27.427776200579085,-5.397254448036183,24.44226942120432,-9.054080823664318,30.12276041137222,-4.252130018876386,31.533188926459594,-3.679330559001535,32.358582333959774,-3.416634903955739,33.95972089774873,22.894993046535372,11.064727851213359,4
final_prbs_seed1601,synthetic_final_confirmation,40.0,16.0,28.06,23.0,0.6,32.89399056549123,33.570075365558964,34.45495837875046,35.298603510048466,35.86522258300168,37.10647073968512,31.56791166831198,5.538559071373136,4,29.983365918537153,-2.9106246469540764,25.749935217656667,-7.820140147902297,31.043747185026028,-3.4112111937244336,32.38530184992088,-2.913301660127587,33.186592385583964,-2.678630197417718,34.78773094937292,24.20265884298772,10.585072106385201,4
final_prbs_seed1601,synthetic_final_confirmation,60.0,16.0,28.06,23.0,0.6,32.96069183014681,33.641385934688046,34.532404332337286,35.38186876722542,35.95228084258573,37.20267825639228,31.62639427232089,5.576283984071388,4,31.50124202803341,-1.4594498021133973,26.850423719823056,-6.79096221486499,31.81916068078958,-2.7132436515477067,33.10282819944922,-2.2790405677761996,33.88387500359386,-2.068405838991872,35.485013567382815,25.30314734515411,10.181866222228706,4
final_prbs_seed1601,synthetic_final_confirmation,80.0,16.0,28.06,23.0,0.6,33.02520842637321,33.71036103603568,34.607314158253544,35.46240755939704,36.036488517915785,37.29575008788986,31.68295539898022,5.612794688909638,4,32.43558746858646,-0.5896209577867495,27.771342572717327,-5.939018463318352,32.468253831337265,-2.1390603269162796,33.703526060442464,-1.7588814989545796,34.46765768042665,-1.5688308374891378,36.068796244215605,26.22406619804838,9.844730046167225,4
final_prbs_seed1601,synthetic_final_confirmation,100.0,16.0,28.06,23.0,0.6,33.08761191201565,33.777077160452194,34.67977090881456,35.54030916341267,36.11793894715983,37.385788442082784,31.73765816314697,5.64813027893581,4,33.035408982614065,-0.052202929401587994,28.539224683368708,-5.237852477083486,33.00959169683236,-1.6701792119822017,34.20453557250125,-1.3357735909114226,34.954576461123764,-1.163362486036064,36.55571502491272,26.99194830869976,9.56376671621296,4
final_prbs_seed1601,synthetic_final_confirmation,120.0,16.0,28.06,23.0,0.6,33.147971500955194,33.84160829347616,34.74985491651354,35.615659932779295,36.19672241226237,37.47289219509725,31.79056360717901,5.682328587918242,4,33.438379883841534,0.29040838288634063,29.178024098586324,-4.6635841948898396,33.45998833907697,-1.2898665774365696,34.62139637197387,-0.9942635608054218,35.359722452518575,-0.8369999597437925,36.96086101630753,27.630747723917377,9.330113292390156,4
final_prbs_seed1601,synthetic_final_confirmation,140.0,16.0,28.06,23.0,0.6,33.2063541398924,33.90402599739453,34.81764388309264,35.68854339338566,36.27292623901574,37.55715699990335,31.8417307689648,5.715426230938547,4,33.721559166129566,0.5152050262371688,29.7086485629568,-4.195377434437727,33.83414596198428,-0.9834979211083663,34.96770424641067,-0.7208391469749884,35.69630320360421,-0.5766230354115294,37.29744176739317,28.161372188287853,9.136069579105314,4
final_prbs_seed1601,synthetic_final_confirmation,160.0,8.0,30.78,23.0,0.6,33.262824582615615,33.9643994906147,34.883212965697204,35.75904033609185,36.34663489385495,37.63867539139586,31.89121674772105,5.747458643674811,4,33.92883857432781,0.6660139917121981,30.14899166651335,-3.815407824101353,34.144660759663026,-0.7385522060341785,35.25511151752616,-0.50392881856569,35.97564043094877,-0.3709944629061752,36.776209712843254,29.375353479178877,7.400856233664378,4
final_prbs_seed1601,synthetic_final_confirmation,180.0,8.0,30.78,23.0,0.6,28.08998269594328,28.39129164356684,28.780974188399284,29.1475985364293,29.38906947753707,30.00433645779679,27.41457416558894,2.589762292207848,4,31.82907775020651,3.7390950542632275,29.72564809469037,1.3343564511235293,30.442526425839578,1.6615522374402936,30.733193407949287,1.5855948715199872,30.972850183710857,1.583780706173787,32.62964703210099,28.952009907355897,3.677637124745093,0
final_prbs_seed1601,synthetic_final_confirmation,200.0,8.0,30.78,23.0,0.6,28.10567646022812,28.40797327737542,28.79895049767825,29.166789678275336,29.4090462283509,30.026498053192885,27.428304950685927,2.598193102506958,4,30.642783418456265,2.5371069582281436,29.313795089638802,0.9058218122633832,30.152679368074363,1.3537288703961146,30.465087307613622,1.2982976293382862,30.712361998344882,1.3033157699939828,31.51293128023936,28.54015690230433,2.972774377935032,4
final_prbs_seed1601,synthetic_final_confirmation,220.0,8.0,30.78,23.0,0.6,28.12085523197051,28.424108011814944,28.816338209361028,29.185353162408376,29.428370085566183,30.047938793093053,27.44158361087756,2.606355182215492,4,29.957967789283853,1.8371125573133433,28.964049623014642,0.5399416111996977,29.906369882297685,1.0900316729366573,30.237202773389477,1.051849610981101,30.49092637262423,1.0625562870580474,31.29149565451871,28.19041143568017,3.1010842188385404,4
final_prbs_seed1601,synthetic_final_confirmation,240.0,32.0,22.62,23.0,0.6,28.1355359149356,28.43971377874008,28.83315659440373,29.20330951163575,29.447062379885512,30.068682116331985,27.4544250338146,2.614257082517387,4,29.551293533472023,1.415757618536425,28.66970480684346,0.22999102810337746,29.698972462526868,0.8658158681231392,30.045288374373925,0.8419788627381735,30.30442656435868,0.8573641844731661,33.5067036919366,25.575152057505573,7.9315516344310275,4
final_prbs_seed1601,synthetic_final_confirmation,260.0,32.0,22.62,23.0,0.6,45.45961211211226,47.47682373332438,50.17304779406294,52.79168235564804,54.59059964985651,57.711478854943934,42.43357326610332,15.27790558884061,4,35.9826681154208,-9.47694399669146,31.20355016529198,-16.2732735680324,43.99438148040027,-6.178666313662667,47.40561117037501,-5.386071185273032,49.51914287984842,-5.071456770008091,52.72142000742634,28.108997415954093,24.612422591472246,4
final_prbs_seed1601,synthetic_final_confirmation,280.0,32.0,22.62,23.0,0.6,45.5998964485296,47.6278226911012,50.33852500206265,52.97102811105413,54.77904577211987,57.91985665575616,42.556452575320606,15.363404080435558,4,39.74481092961137,-5.85508551891823,33.514957911774985,-14.112864779326216,45.62278185726369,-4.715743144798964,48.91237975202461,-4.058648359029519,50.983367190762266,-3.795678581357606,54.18564431834019,30.4204051624371,23.76523915590309,4
final_prbs_seed1601,synthetic_final_confirmation,300.0,32.0,22.62,23.0,0.6,45.73559646031629,47.77388243412294,50.498582669102426,53.14449360398966,54.96130889598398,58.12142808559972,42.675303863845215,15.446124221754502,4,42.0184630829154,-3.7171333774008843,35.45393988028178,-12.319942553841159,46.989250666367035,-3.509332002735391,50.17691074556777,-2.967582858421892,52.21226039424727,-2.7490485017367163,55.41453752182519,32.359387130943894,23.055150390881295,4
final_prbs_seed1601,synthetic_final_confirmation,320.0,24.0,25.34,23.0,0.6,45.86686191753778,47.91516450612698,50.65339830238047,53.31227167667329,55.13759195599425,58.31641556107724,42.79025909498719,15.52615646609005,4,43.447476479180885,-2.4193854383568976,37.073230300692074,-10.841934205434903,48.130709656674995,-2.522688645705472,51.23330371714544,-2.0789679595278514,53.23892681193056,-1.898665144063692,55.640634657614,34.75231573868866,20.888318918925343,4
final_prbs_seed1601,synthetic_final_confirmation,340.0,24.0,25.34,23.0,0.6,39.70323193287101,41.016357886219936,42.75660953297947,44.43251928375958,45.570701031194176,47.78433338722118,37.46741764424809,10.316915742973094,4,42.21734288644319,2.514110953572178,37.35591514912976,-3.660442737090179,43.37835114737693,0.6217416143974646,45.16964667548162,0.7371273917220407,46.38660003123328,0.8158990000391029,48.78830787691672,35.03500058712634,13.753307289790378,4
final_prbs_seed1601,synthetic_final_confirmation,360.0,24.0,25.34,23.0,0.6,39.77889643673949,41.097470924295976,42.84502217667267,44.52788447552143,45.67061016780424,47.8949344211878,37.53366413846426,10.361270282723538,4,41.57159273221219,1.7926962954727017,37.51276637139836,-3.5847045528976196,43.489352716135734,0.6443305394630627,45.27250431024203,0.744619834720595,46.48663023971304,0.8160200719087953,48.88833808539648,35.19185180939494,13.696486276001536,4
final_prbs_seed1601,synthetic_final_confirmation,380.0,24.0,25.34,23.0,0.6,39.85208496402583,41.17592879533854,42.93053944874795,44.62012536128498,45.7672452470045,48.00192757340852,37.59773586735342,10.4041917060551,4,41.23743077756662,1.3853458135407948,37.6369182096403,-3.539010585698243,43.577141063397875,0.6466016146499243,45.35383171472513,0.7337063534401551,46.56571195095146,0.7984667039469571,48.9674197966349,35.31600364763688,13.651416148998017,4
final_prbs_seed1601,synthetic_final_confirmation,400.0,32.0,22.62,23.0,0.6,39.92287852735363,41.25181840887072,43.01325616847701,44.70934430460586,45.860713572175605,48.105430554919465,37.65970419691465,10.445726358004812,4,41.06886490996853,1.1459863826149004,37.73664658650894,-3.515171822361779,43.647598233108006,0.6343420646309994,45.41908520130436,0.7097408966985057,46.62915399332758,0.768440421151972,49.8314311209055,34.64209383717105,15.189337283734446,4
final_prbs_seed1601,synthetic_final_confirmation,420.0,32.0,22.62,23.0,0.6,46.28196125220565,48.36069110882463,51.139798108519,53.83766987328421,55.68850911836106,58.92625807036723,43.15366641797547,15.77259165239176,4,43.1564718069124,-3.1254894452932476,38.88333101434235,-9.477360094482279,49.40778552958499,-1.732012578934011,52.4155377526658,-1.4221321206184143,54.388066714690126,-1.3004424036709352,57.59034384226805,35.78877826500447,21.80156557726358,4
final_prbs_seed1601,synthetic_final_confirmation,440.0,32.0,22.62,23.0,0.6,46.39535915118269,48.48277100715856,51.273614229767546,53.98273017741831,55.84094804768816,59.09497552303715,43.25292812709741,15.842047395939735,4,44.41189480520969,-1.9834643459729975,39.91343385262365,-8.569337154534914,50.13375186229833,-1.1398623674692132,53.087354180649044,-0.8953759967692676,55.04095375548155,-0.7999942922066055,58.243230883059475,36.81888110328576,21.424349779773713,4
final_prbs_seed1601,synthetic_final_confirmation,460.0,32.0,22.62,23.0,0.6,46.50505157561413,48.600857786663006,51.40304774909392,54.12303421300848,55.98838516475645,59.258181865056805,43.34893602595403,15.909245839102772,4,45.1968340701157,-1.3082175054984333,40.77408975649318,-7.8267680301698235,50.74042387768797,-0.6626238714059554,53.64880994673136,-0.474224266277119,55.58660788594824,-0.40177727880821124,58.78888501352616,37.6795370071553,21.109348006370865,4
final_prbs_seed1601,synthetic_final_confirmation,480.0,32.0,22.62,23.0,0.6,46.611159572816135,48.71508204021042,51.52824220818936,54.25873796374756,56.1309846419564,59.41605718993063,43.44179671195585,15.97426047797478,4,45.709556983560674,-0.9016025892554609,41.49099587911853,-7.22408616109189,51.24585392627046,-0.2823882819188981,54.11659535833501,-0.14214260541255186,56.0412415467454,-0.08974309521100565,59.24351867432332,38.39644312978064,20.847075544542676,4
final_prbs_seed1601,synthetic_final_confirmation,500.0,32.0,22.62,23.0,0.6,46.71380023554055,48.8255700886422,51.64933644520026,54.389992294456505,56.26890525897407,59.56877570014706,43.53161329162697,16.037162408520096,4,46.060146822386386,-0.6536534131541671,42.08699883011894,-6.738571258523265,51.66609174232015,0.01675529711988588,54.50554756658522,0.11555527212871652,56.41926569623827,0.15036043726419734,59.62154282381619,38.99244608078105,20.62909674303514,4
final_prbs_seed1601,synthetic_final_confirmation,520.0,32.0,22.62,23.0,0.6,46.81308683282567,48.93244412231802,51.76646475084772,54.51694312125155,56.40230058223728,59.71650590308791,43.618485495957856,16.098020407130058,4,46.31059401323379,-0.502492819591879,42.581864825241624,-6.3505792970763935,52.01504347349926,0.24857872265154413,54.82852820721176,0.3115850859602105,56.73317574773985,0.3308751655025688,59.93545287531777,39.48731207590374,20.448140799414034,4
final_prbs_seed1601,synthetic_final_confirmation,540.0,32.0,22.62,23.0,0.6,46.90912893480918,49.03582233614757,51.879757017377926,54.63973157391526,56.53131913615233,59.85941079731843,43.70250979082418,16.15690100649425,4,46.496506071412476,-0.41262286339670595,42.992420980272996,-6.043401355874572,52.304558045069165,0.4248010276912382,55.09649936940865,0.4567677954933842,56.993623317054286,0.4623041809019597,60.19590044463221,39.89786823093511,20.2980322136971,4
final_prbs_seed1601,synthetic_final_confirmation,560.0,32.0,22.62,23.0,0.6,47.00203253346922,49.135819060208576,51.989338882633234,54.75849415293858,56.656104568713744,59.99764805277956,43.78377948379703,16.213868568982527,4,46.63889070945652,-0.36314182401270045,43.33285086632502,-5.802968193883558,52.54462843517859,0.5552895525453536,55.318707757810074,0.5602136048714925,57.20959408993076,0.553489521217017,60.41187121750868,40.23829811698713,20.17357310052155,4
final_prbs_seed1601,synthetic_final_confirmation,580.0,32.0,22.62,23.0,0.6,47.09190015942589,49.232544886096136,52.09533186940401,54.8733628814085,56.776795811672045,60.131370185082346,43.8623848274625,16.268985357619847,4,46.7505733192505,-0.34132684017539106,43.61503558958253,-5.617509296513603,52.74362835579288,0.6482964863888654,55.50290261310366,0.6295397316951608,57.38861902002803,0.611823208355986,60.59089614760595,40.52048284024465,20.070413307361306,4
final_prbs_seed1601,synthetic_final_confirmation,600.0,32.0,22.62,23.0,0.6,47.17883099493199,49.32610678914224,52.197853520216,54.98446545191096,56.89352723543817,60.26072472409768,43.93841311936458,16.322311604733095,4,46.8397104025327,-0.33912059239928993,43.8488882287769,-5.477218560365337,52.90854602857626,0.7106925083602604,55.65555147569539,0.6710860237844329,57.536983710393415,0.6434564749552436,60.73926083797134,40.754335479439014,19.984925358532323,4
final_prbs_seed1601,synthetic_final_confirmation,620.0,32.0,22.62,23.0,0.6,47.262920983176926,49.41660824664067,52.29701752770242,55.09192536861264,57.006428798898085,60.38585437702835,44.01194879868133,16.37390557834702,4,46.91172806428422,-0.351192918892707,44.04265885594059,-5.3739493907000835,53.04519817438149,0.7481806466790673,55.782037921664276,0.6901125530516339,57.65992042405057,0.6534916251524834,60.86219755162849,40.9481061066027,19.91409144502579,4
final_prbs_seed1601,synthetic_final_confirmation,640.0,24.0,25.34,23.0,0.6,47.34426293402432,49.50414935220768,52.39293386070563,55.19586208467929,57.115626194304255,60.50689718614377,44.08307353974148,16.42382364640229,4,46.97040376393011,-0.37385917009421377,44.20320229496726,-5.300947057240421,53.158418241323794,0.7654843806181617,55.88683560826054,0.6909735235812491,57.7617771503009,0.6461509559966458,60.16348499598434,41.882287732963846,18.281197263020495,4
final_prbs_seed1601,synthetic_final_confirmation,660.0,24.0,25.34,23.0,0.6,41.13234086474344,42.55335964921599,44.43917482956879,46.25436157895951,47.48385080073644,49.90328584948921,38.7178380779116,11.185447771577614,4,44.849600538900525,3.7172596741570842,43.27045618196573,0.7170965327497356,47.54917498861527,3.1100001590464785,49.03011887587675,2.7757572969172415,50.13868955709407,2.654838756357627,52.54039740277751,40.94954161996231,11.590855782815197,4
final_prbs_seed1601,synthetic_final_confirmation,680.0,24.0,25.34,23.0,0.6,41.16129140957762,42.58418999533646,44.47248306884545,46.29000325411425,47.52100441713244,49.94469428552564,38.74307999173612,11.201614293789524,4,43.59786121118095,2.4365698016033264,42.41667727965243,-0.16751271568402615,46.94759486232773,2.4751117934822844,48.47344677067606,2.183443516561816,49.597721380553686,2.076716963421248,51.999429226237126,40.095762717649016,11.90366650858811,4
final_prbs_seed1601,synthetic_final_confirmation,700.0,24.0,25.34,23.0,0.6,41.18929254772429,42.6140099533011,44.50470068204224,46.32447882366071,47.55694304950757,49.984755046985086,38.7674910624335,11.217263984551586,4,42.83278637893845,1.6434938312141583,41.70160009320033,-0.9124098601007731,46.4436097870063,1.9389091049640612,48.00704523102705,1.6825664073663376,49.14445716565826,1.5875141161506932,51.5461650113417,39.38068553119691,12.16547948014479,4
final_prbs_seed1601,synthetic_final_confirmation,720.0,32.0,22.62,23.0,0.6,41.21637541980091,42.64285263889207,44.53586337830298,46.35782643326528,47.59170642028036,50.02351198376204,38.791098636946494,11.23241334681554,4,42.34558384034262,1.1292084205417083,41.10502709351192,-1.5378255453801515,46.02305359901058,1.4871902207076033,47.6178233431956,1.2599969099303223,48.76618406415776,1.1744776438774025,51.968461191735685,38.010474344174035,13.95798684756165,4
final_prbs_seed1601,synthetic_final_confirmation,740.0,32.0,22.62,23.0,0.6,47.53317590800086,49.70621736135826,52.61253975624729,55.43211253929968,57.362723142379885,60.78170835424551,44.24795742778397,16.533750926461536,4,44.18990150991996,-3.3432743980808937,41.67431652915087,-8.031900832207391,51.376064345511104,-1.2364754107361833,54.237394905799064,-1.1947176335006162,56.15879540262425,-1.2039277397556347,59.36107253020217,38.579763779812986,20.781308750389186,4
final_prbs_seed1601,synthetic_final_confirmation,760.0,32.0,22.62,23.0,0.6,47.6056733571834,49.78427789952285,52.69812347540038,55.52490517778123,57.460246161787566,60.88984045134716,44.3113318468122,16.578508604534953,4,45.25492976468579,-2.350743592497608,42.22579781791662,-7.558480081606227,51.76450183546404,-0.9336216399363408,54.59679391729827,-0.9281112604829573,56.50803395725461,-0.9522122045329553,59.71031108483253,39.131245068578735,20.579066016253797,4
final_prbs_seed1601,synthetic_final_confirmation,780.0,32.0,22.62,23.0,0.6,47.67580197505015,49.85978524895967,52.7809042625965,55.61465524113181,57.55456914244189,60.99444037629094,44.372628759058045,16.621811617232893,4,45.888157049323134,-1.7876449257270153,42.689801630229866,-7.169983618729802,52.091446987992505,-0.6894572746039955,54.899332788798716,-0.7153224523330906,56.80203788496114,-0.7525312574807543,60.00431501253906,39.59524888089198,20.40906613164708,4
final_prbs_seed1601,synthetic_final_confirmation,800.0,32.0,22.62,23.0,0.6,47.74363913964742,49.932822907431415,52.86097392149064,55.701462515316905,57.64579712338882,61.09562355723532,44.43191622924766,16.66370732798766,4,46.278443872798654,-1.4651952668487667,43.07803697569999,-6.854785931731428,52.36508992698859,-0.49588399450205145,55.152574034234064,-0.5488884810828409,57.04814840247539,-0.5976487209134262,60.25042553005331,39.9834842263621,20.266941303691212,4
