case_id,x_normalized,solid_temperature_C,air_temperature_C
1,0.002506265664160401,90.12455370029936,21.704265961662298
1,0.0075187969924812035,90.12564348721105,22.401367710054217
1,0.012531328320802004,90.12780288899853,23.091389134395822
1,0.01754385964912281,90.13101196983001,23.7744130661
1,0.022556390977443608,90.1352510270993,24.450521291925938
1,0.02756892230576441,90.14050058848447,25.11979456696868
1,0.03258145363408522,90.14674140904303,25.782312627486707
1,0.03759398496240601,90.15395446834316,26.438154203569614
1,0.042606516290726815,90.16212096763077,27.087397031647846
1,0.047619047619047616,90.17122232703164,27.730117866846488
1,0.05263157894736842,90.18124018278836,28.366392495185046
1,0.05764411027568922,90.19215638453169,28.9962957456251
1,0.06265664160401004,90.20395299258581,29.61990150196781
1,0.06766917293233084,90.21661227530707,30.237282714603012
1,0.07268170426065164,90.23011670645572,30.848511412111925
1,0.07769423558897243,90.24444896260056,31.45365871272513
1,0.08270676691729323,90.25959192055556,32.05279483563774
1,0.08771929824561403,90.2755286548486,32.64598911218345
1,0.09273182957393483,90.2922424352214,33.23330999686935
1,0.09774436090225563,90.30971672416078,33.81482507827306
1,0.10275689223057644,90.32793517446048,34.39060108980406
1,0.10776942355889724,90.34688162681323,34.96070392033086
1,0.11278195488721804,90.36654010743288,35.525198624675596
1,0.11779448621553884,90.38689482570595,36.08414943397791
1,0.12280701754385966,90.40793017187244,36.63761976592943
1,0.12781954887218047,90.42963071473542,37.18567223488078
1,0.13283208020050125,90.45198119939911,37.72836866182257
1,0.13784461152882205,90.47496654503503,38.265770084241794
1,0.14285714285714285,90.49857184267586,38.797936765855546
1,0.14786967418546365,90.52278235303687,39.32492820622317
1,0.15288220551378445,90.54758350436424,39.8468031502387
1,0.15789473684210525,90.57296089031017,40.363619597504815
1,0.16290726817042608,90.5989002678344,40.875434811590054
1,0.16791979949874689,90.6253875551318,41.38230532917045
1,0.1729323308270677,90.65240882958567,41.88428696905727
1,0.1779448621553885,90.67995032574647,42.38143484111217
1,0.1829573934837093,90.70799843333566,42.87380335505115
1,0.1879699248120301,90.73653969527429,43.36144622913874
1,0.1929824561403509,90.76556080573617,43.84441649877381
1,0.1979949874686717,90.7950486082251,44.32276652496823
1,0.2030075187969925,90.82499009367602,44.796548002719874
1,0.2080200501253133,90.85537239857975,45.26581196928122
1,0.2130325814536341,90.886182803131,45.73060881232475
1,0.2180451127819549,90.9174087293994,46.1909882780066
1,0.2230576441102757,90.9490377395231,46.64699947892966
1,0.2280701754385965,90.981057533925,47.09869090200728
1,0.2330827067669173,91.01345594955097,47.54611041622902
1,0.2380952380952381,91.04622095813005,47.98930528032947
1,0.2431077694235589,91.07934066445607,48.42832215036147
1,0.2481203007518797,91.11280330469071,48.86320708717488
1,0.2531328320802005,91.14659724468774,49.29400556380206
1,0.2581453634085213,91.18071097833774,49.720762472751275
1,0.26315789473684215,91.21513312593368,50.143522133209075
1,0.2681704260651629,91.24985243255657,50.562328298152934
1,0.27318295739348375,91.28485776648121,50.97722416137511
1,0.2781954887218045,91.3201381176017,51.38825236441895
1,0.28320802005012535,91.35568259587654,51.79545500342863
1,0.2882205513784461,91.39148042979294,52.19887363591352
1,0.29323308270676696,91.42752096485015,52.598549287428156
1,0.2982456140350877,91.46379366206176,52.99452245816883
1,0.30325814536340856,91.5002880964764,53.38683312948804
1,0.3082706766917293,91.53699395571681,53.775520770327574
1,0.31328320802005016,91.57390103853717,54.16062434357138
1,0.3182957393483709,91.61099925339812,54.542182312319156
1,0.32330827067669177,91.64827861705956,54.92023264608179
1,0.3283208020050125,91.68572925319091,55.29481282689946
1,0.33333333333333337,91.72334139099847,55.6659598553833
1,0.3383458646616541,91.76110536386994,56.033710256681935
1,0.343358395989975,91.79901160803568,56.39810008637345
1,0.3483709273182957,91.83705066124652,56.75916493628375
1,0.3533834586466166,91.87521316146797,57.116939940232626
1,0.3583959899749373,91.91348984559073,57.47145977970787
1,0.3634085213032582,91.95187154815699,57.822758689468685
1,0.3684210526315789,91.99034920010257,58.17087046307933
1,0.3734335839598998,92.02891382751473,58.515828458373484
1,0.37844611528822053,92.06755655040526,58.85766560285062
1,0.3834586466165414,92.1062685814988,59.19641439900501
1,0.38847117794486213,92.14504122503618,59.532106929588195
1,0.393483709273183,92.18386587559257,59.86477486280588
1,0.39849624060150374,92.22273401691025,60.194449457449906
1,0.4035087719298246,92.26163722074584,60.52116156796621
1,0.4085213032581454,92.30056714573176,60.84494164945967
1,0.4135338345864662,92.3395155362519,61.16581976263626
1,0.418546365914787,92.37847422133103,61.48382557868379
1,0.4235588972431078,92.41743511353812,61.79898838409163
1,0.4285714285714286,92.45639020790313,62.111337085410206
1,0.43358395989974935,92.49533158084722,62.42090021395129
1,0.4385964912280702,92.53425138912621,62.72770593042953
1,0.44360902255639095,92.5731418687871,63.03178202954606
1,0.4486215538847118,92.61199533413752,63.333155944514914
1,0.45363408521303256,92.65080417672786,63.631854751533
1,0.4586466165413534,92.68956086434605,63.92790517419421
1,0.46365914786967416,92.72825794002475,64.22133358784852
1,0.468671679197995,92.76688802106085,64.51216602390666
1,0.47368421052631576,92.805443798047,64.80042817409102
1,0.4786967418546366,92.8439180339151,65.08614539463362
1,0.48370927318295737,92.88230356299186,65.36934271042144
1,0.4887218045112782,92.92059329006565,65.65004481909035
1,0.49373433583959897,92.95878018946519,65.9282760950677
1,0.4987468671679198,92.99685730414942,66.20406059356444
1,0.5037593984962406,93.03481774480875,66.4774220545176
1,0.5087719298245614,93.07265468897737,66.74838390648337
1,0.5137844611528822,93.11036138015642,67.01696927048168
1,0.518796992481203,93.14793112694818,67.2832009637928
1,0.5238095238095238,93.18535730220074,67.54710150370641
1,0.5288220551378446,93.22263334216338,67.80869311122407
1,0.5338345864661654,93.2597527456523,68.0679977147153
1,0.5388471177944861,93.29670907322674,68.32503695352814
1,0.543859649122807,93.33349594637502,68.57983218155452
1,0.5488721804511278,93.37010704671101,68.83240447075119
1,0.5538847117794486,93.4065361151801,69.08277461461665
1,0.5588972431077693,93.44277695127529,69.33096313162474
1,0.5639097744360902,93.47882341226273,69.57699026861523
1,0.568922305764411,93.51466941241694,69.82087600414224
1,0.5739348370927319,93.55030892226537,70.06264005178065
1,0.5789473684210527,93.58573596784238,70.3023018633914
1,0.5839598997493735,93.6209446299522,70.539880632346
1,0.5889724310776943,93.65592904344126,70.77539529671051
1,0.5939849624060151,93.69068339647922,71.00886454239017
1,0.5989974937343359,93.72520192984905,71.24030680623447
1,0.6040100250626567,93.75947893624574,71.4697402791035
1,0.6090225563909775,93.79350875958366,71.69718290889605
1,0.6140350877192983,93.82728579431249,71.92265240353981
1,0.6190476190476191,93.86080448474156,72.14616623394441
1,0.6240601503759399,93.8940593243724,72.36774163691723
1,0.6290726817042607,93.9270448552397,72.5873956180431
1,0.6340852130325815,93.95975566726014,72.80514495452802
1,0.6390977443609023,93.99218639758948,73.021006198007
1,0.6441102756892231,94.02433172998731,73.23499567731734
1,0.6491228070175439,94.05618639418985,73.44712950123682
1,0.6541353383458647,94.0877451652902,73.65742356118795
1,0.6591478696741855,94.11900286312647,73.86589353390833
1,0.6641604010025063,94.14995435167717,74.0725548840876
1,0.6691729323308271,94.18059453846428,74.27742286697153
1,0.6741854636591479,94.21091837396342,74.48051253093362
1,0.6791979949874687,94.24092085102144,74.68183872001435
1,0.6842105263157895,94.27059700428104,74.88141607642888
1,0.6892230576441103,94.29994190961253,75.0792590430434
1,0.6942355889724311,94.3289506835525,75.2753818658204
1,0.6992481203007519,94.35761848274944,75.4697985962337
1,0.7042606516290726,94.3859405034161,75.66252309365268
1,0.7092731829573935,94.41391198078861,75.85356902769747
1,0.7142857142857143,94.44152818859213,76.0429498805641
1,0.7192982456140351,94.46878443851327,76.23067894932086
1,0.724310776942356,94.4956760796787,76.41676934817599
1,0.7293233082706767,94.52219849814034,76.6012340107168
1,0.7343358395989975,94.54834711636676,76.78408569212095
1,0.7393483709273183,94.57411739274089,76.96533697134021
1,0.7443609022556392,94.59950482106379,77.14500025325658
1,0.7493734335839599,94.62450493006453,77.32308777081171
1,0.7543859649122807,94.64911328291606,77.49961158710964
1,0.7593984962406015,94.673325476757,77.67458359749318
1,0.7644110275689223,94.69713714221928,77.84801553159437
1,0.7694235588972431,94.7205439429616,78.01991895535933
1,0.7744360902255639,94.74354157520848,78.1903052730477
1,0.7794486215538847,94.76612576729504,78.35918572920711
1,0.7844611528822055,94.78829227921727,78.52657141062303
1,0.7894736842105263,94.81003690218792,78.69247324824404
1,0.7944862155388471,94.83135545819759,78.85690201908324
1,0.7994987468671679,94.85224379958137,79.01986834809566
1,0.8045112781954887,94.8726978085907,79.18138271003237
1,0.8095238095238095,94.89271339697038,79.34145543127126
1,0.8145363408521303,94.91228650554089,79.50009669162493
1,0.8195488721804511,94.93141310378566,79.6573165261261
1,0.8245614035087719,94.9500891894434,79.81312482679029
1,0.8295739348370927,94.96831078810546,79.967531344357
1,0.8345864661654135,94.986073952818,80.12054569000865
1,0.8395989974937343,95.00337476368911,80.27217733706817
1,0.8446115288220551,95.02020932750057,80.42243562267535
1,0.849624060150376,95.03657377732442,80.57132974944214
1,0.8546365914786967,95.05246427214419,80.71886878708729
1,0.8596491228070176,95.06787699648078,80.86506167405047
1,0.8646616541353384,95.08280816002265,81.00991721908629
1,0.8696741854636592,95.09725399726085,81.15344410283815
1,0.87468671679198,95.1112107671282,81.2956508793926
1,0.8796992481203008,95.124674752643,81.43654597781408
1,0.8847117794486216,95.13764226055696,81.57613770366059
1,0.8897243107769425,95.15010962100745,81.7144342404801
1,0.8947368421052632,95.16207318717403,81.85144365128866
1,0.899749373433584,95.17352933493899,81.98717388002942
1,0.9047619047619048,95.18447446255212,82.12163275301388
1,0.9097744360902257,95.19490499029953,82.25482798034488
1,0.9147869674185464,95.20481736017639,82.38676715732166
1,0.9197994987468672,95.21420803556366,82.5174577658274
1,0.924812030075188,95.22307350090884,82.64690717569954
1,0.9298245614035089,95.2314102614104,82.7751226460826
1,0.9348370927318296,95.23921484270618,82.90211132676416
1,0.9398496240601504,95.2464837905654,83.02788025949432
1,0.9448621553884712,95.25321367058454,83.15243637928835
1,0.9498746867167921,95.25940106788673,83.27578651571302
1,0.9548872180451128,95.26504258682488,83.39793739415698
1,0.9598997493734336,95.2701348506884,83.51889563708498
1,0.9649122807017544,95.27467450141329,83.63866776527652
1,0.9699248120300753,95.27865819929596,83.757260199049
1,0.974937343358396,95.28208262271025,83.87467925946534
1,0.9799498746867168,95.284944467828,83.99093116952655
1,0.9849624060150376,95.287240448343,84.10602205534946
1,0.9899749373433585,95.28896729519805,84.21995794732939
1,0.9949874686716792,95.29012175631561,84.33274478128854
1,1.0,95.29070059633143,84.44438839960965
2,0.002506265664160401,61.822415933274904,21.334250153009286
2,0.0075187969924812035,61.8229824593993,21.665768135450197
2,0.012531328320802004,61.82410593925594,21.994580878367245
2,0.01754385964912281,61.825776894807866,22.32071501469077
2,0.022556390977443608,61.82798594132888,22.644196882441868
2,0.02756892230576441,61.830723786370285,22.96505252790268
2,0.03258145363408522,61.833981228738736,23.28330770875227
2,0.03759398496240601,61.83774915748513,23.598987897168612
2,0.042606516290726815,61.842018550904264,23.912118282896976
2,0.047619047619047616,61.84678047554539,24.222723776285058
2,0.05263157894736842,61.852026085233256,24.530829011285284
2,0.05764411027568922,61.857746620099796,24.836458348424582
2,0.06265664160401004,61.863933405626085,25.139635877741974
2,0.06766917293233084,61.87057785169473,25.44038542169441
2,0.07268170426065164,61.87767145165234,25.73873053803107
2,0.07769423558897243,61.885205781382076,26.03469452263661
2,0.08270676691729323,61.893172498386235,26.328300412343516
2,0.08771929824561403,61.90156334087863,26.619570987714106
2,0.09273182957393483,61.910370126886704,26.908528775792334
2,0.09774436090225563,61.919584753363296,27.19519605282581
2,0.10275689223057644,61.929199195307994,27.479594846958335
2,0.10776942355889724,61.93920550489785,27.761746940893282
2,0.11278195488721804,61.949595810627486,28.041673874528108
2,0.11779448621553884,61.96036231645839,28.319396947560353
2,0.12280701754385966,61.971497300977326,28.594937222065393
2,0.12781954887218047,61.982993116563875,28.868315525046285
2,0.13283208020050125,61.994842188566764,29.139552450955968
2,0.13784461152882205,62.00703701448916,29.40866836419217
2,0.14285714285714285,62.01957016318261,29.675683401565266
2,0.14786967418546365,62.03243427404969,29.940617474739405
2,0.15288220551378445,62.0456220562552,30.203490272647198
2,0.15789473684210525,62.05912628794578,30.464321263878233
2,0.16290726817042608,62.07293981547795,30.723129699041735
2,0.16791979949874689,62.08705555265437,30.97993461310359
2,0.1729323308270677,62.101466479968295,31.23475482769809
2,0.1779448621553885,62.11616564385623,31.48760895341459
2,0.1829573934837093,62.131146155958405,31.738515392059426
2,0.1879699248120301,62.146401192387394,31.987492338893283
2,0.1929824561403509,62.16192399300439,32.23455778484436
2,0.1979949874686717,62.17770786070335,32.479729518697525
2,0.2030075187969925,62.19374616070274,32.72302512925974
2,0.2080200501253133,62.210032319844906,32.96446200750205
2,0.2130325814536341,62.226559825902946,33.20405734867833
2,0.2180451127819549,62.24332222689499,33.4418281544211
2,0.2230576441102757,62.260313130405855,33.67779123481457
2,0.2280701754385965,62.277526202915915,33.911963210445265
2,0.2330827067669173,62.29495516913715,34.14436051443044
2,0.2380952380952381,62.31259381135639,34.374999394424414
2,0.2431077694235589,62.330435968785515,34.6038959146033
2,0.2481203007518797,62.34847553691859,34.83106595762807
2,0.2531328320802005,62.36670646689595,35.056525226586466
2,0.2581453634085213,62.38512276487503,35.28028924691375
2,0.26315789473684215,62.403718491407965,35.50237336829274
2,0.2681704260651629,62.42248776082578,35.72279276653313
2,0.27318295739348375,62.44142474062925,35.941562445430584
2,0.2781954887218045,62.460523650886245,36.15869723860547
2,0.28320802005012535,62.47977876363546,36.374211811321885
2,0.2882205513784461,62.4991844022966,36.588120662286755
2,0.29323308270676696,62.51873494108683,36.800438125429565
2,0.2982456140350877,62.538424804443466,37.011178371662744
2,0.30325814536340856,62.55824846645281,37.22035541062291
2,0.3082706766917293,62.57820045028512,37.427983092393305
2,0.31328320802005016,62.59827532763559,37.634075109207544
2,0.3182957393483709,62.618467718171345,37.838644997134814
2,0.32330827067669177,62.63877228898426,38.04170613774687
2,0.3283208020050125,62.659183754049685,38.24327175976692
2,0.33333333333333337,62.67969687369092,38.443354940700644
2,0.3383458646616541,62.70030645404943,38.641968608449474
2,0.343358395989975,62.7210073465607,38.8391255429064
2,0.3483709273182957,62.74179444743562,39.03483837753453
2,0.3533834586466166,62.762662697147555,39.22911960092835
2,0.3583959899749373,62.78360707992466,39.42198155835827
2,0.3634085213032582,62.80462262324781,39.613436453298235
2,0.3684210526315789,62.825704397353825,39.80349634893682
2,0.3734335839598998,62.8468475147439,39.99217316967196
2,0.37844611528822053,62.86804712969738,40.17947870258941
2,0.3834586466165414,62.88929843779068,40.36542459892517
2,0.38847117794486213,62.91059667542129,40.55002237551211
2,0.393483709273183,62.93193711933691,40.733283416210746
2,0.39849624060150374,62.95331508616958,40.91521897332463
2,0.4035087719298246,62.97472593197475,41.09584016900031
2,0.4085213032581454,62.996165051775236,41.27515799661212
2,0.4135338345864662,63.017627879110066,41.4531833221319
2,0.418546365914787,63.03910988558817,41.629926885483854
2,0.4235588972431078,63.06060658044665,41.805399301884755
2,0.4285714285714286,63.082113510113984,41.97961106316953
2,0.43358395989974935,63.10362625777766,42.152572539102486
2,0.4385964912280702,63.12514044295652,42.32429397867429
2,0.44360902255639095,63.146651721077625,42.49478551138486
2,0.4486215538847118,63.1681557830576,42.66405714851235
2,0.45363408521303256,63.18964835488842,42.83211878436828
2,0.4586466165413534,63.21112519722763,42.99898019753915
2,0.46365914786967416,63.23258210499289,43.16465105211449
2,0.468671679197995,63.25401490696082,43.32914089890154
2,0.47368421052631576,63.2754194653701,43.49245917662684
2,0.4786967418546366,63.296791675528816,43.65461521312464
2,0.48370927318295737,63.318127465425874,43.815618226512555
2,0.4887218045112782,63.33942279534667,43.97547732635424
2,0.49373433583959897,63.360673657492725,44.134201514809654
2,0.4987468671679198,63.38187607560539,44.291799687772624
2,0.5037593984962406,63.40302610459355,44.44828063599625
2,0.5087719298245614,63.424119830165225,44.603653046205814
2,0.5137844611528822,63.445153368463124,44.757925502199924
2,0.518796992481203,63.46612286570402,44.91110648593935
2,0.5238095238095238,63.48702449782196,45.063204378624306
2,0.5288220551378446,63.50785447011525,45.214227461759826
2,0.5338345864661654,63.52860901689713,45.36418391820967
2,0.5388471177944861,63.54928440115022,45.51308183323869
2,0.543859649122807,63.56987691418454,45.66092919554396
2,0.5488721804511278,63.59038287529921,45.80773389827461
2,0.5538847117794486,63.61079863144766,45.95350374004056
2,0.5588972431077693,63.631120556906396,46.09824642591038
2,0.5639097744360902,63.65134505294731,46.241969568398176
2,0.568922305764411,63.6714685475134,46.38468068843984
2,0.5739348370927319,63.69148749489785,46.52638721635863
2,0.5789473684210527,63.71139837542666,46.667096492820214
2,0.5839598997493735,63.73119769514446,46.8068157697774
2,0.5889724310776943,63.750881985503725,46.94555221140455
2,0.5939849624060151,63.77044780305721,47.08331289502179
2,0.5989974937343359,63.78989172915367,47.22010481200921
2,0.6040100250626567,63.80921036963676,47.35593486871109
2,0.6090225563909775,63.828400354547085,47.490809887330286
2,0.6140350877192983,63.84745833782745,47.62473660681289
2,0.6190476190476191,63.866380997031094,47.75772168372324
2,0.6240601503759399,63.885165033033104,47.889771693109424
2,0.6290726817042607,63.90380716974483,48.020893129359315
2,0.6340852130325815,63.922304153831234,48.151092407047365
2,0.6390977443609023,63.9406527544313,48.28037586177206
2,0.6441102756892231,63.95884976288133,48.40874975098439
2,0.6491228070175439,63.97689199244114,48.536220254807176
2,0.6541353383458647,63.994776278023096,48.66279347684548
2,0.6591478696741855,64.0124994759241,48.78847544498833
2,0.6641604010025063,64.03005846356025,48.91327211220147
2,0.6691729323308271,64.0474501392044,49.0371893573117
2,0.6741854636591479,64.06467142172635,49.16023298578252
2,0.6791979949874687,64.08171925033582,49.28240873048135
2,0.6842105263157895,64.09859058432816,49.40372225243842
2,0.6892230576441103,64.1152824028326,49.52417914159736
2,0.6942355889724311,64.13179170456321,49.64378491755761
2,0.6992481203007519,64.14811550757246,49.76254503030876
2,0.7042606516290726,64.16425084900729,49.88046486095678
2,0.7092731829573935,64.18019478486785,49.99754972244247
2,0.7142857142857143,64.1959443897686,50.11380486025198
2,0.7192982456140351,64.211496756702,50.2292354531196
2,0.724310776942356,64.22684899680468,50.34384661372285
2,0.7293233082706767,64.24199823912593,50.457643389370105
2,0.7343358395989975,64.25694163039876,50.570630762680494
2,0.7393483709273183,64.27167633481316,50.6828136522566
2,0.7443609022556392,64.28619953379192,50.79419691334971
2,0.7493734335839599,64.30050842576856,50.90478533851779
2,0.7543859649122807,64.31460022596777,51.014583658276294
2,0.7593984962406015,64.32847216618798,51.12359654174189
2,0.7644110275689223,64.3421214945863,51.231828597269114
2,0.7694235588972431,64.35554547546555,51.33928437308007
2,0.7744360902255639,64.3687413890637,51.44596835788732
2,0.7794486215538847,64.38170653134526,51.55188498150984
2,0.7844611528822055,64.39443821379498,51.65703861548235
2,0.7894736842105263,64.40693376321371,51.76143357365797
2,0.7944862155388471,64.4191905215162,51.86507411280419
2,0.7994987468671679,64.43120584553115,51.96796443319248
2,0.8045112781954887,64.4429771068033,52.07010867918133
2,0.8095238095238095,64.45450169139747,52.17151093979291
2,0.8145363408521303,64.46577699970473,52.27217524928355
2,0.8195488721804511,64.47680044625054,52.37210558770779
2,0.8245614035087719,64.48756945950477,52.471305881476425
2,0.8295739348370927,64.49808148169383,52.569780003908384
2,0.8345864661654135,64.50833396861464,52.66753177577645
2,0.8395989974937343,64.5183243894505,52.76456496584723
2,0.8446115288220551,64.52805022658895,52.860883291415036
2,0.849624060150376,64.53750897544131,52.95649041882997
2,0.8546365914786967,64.54669814426433,53.05138996402025
2,0.8596491228070176,64.55561525398345,53.145585493008745
2,0.8646616541353384,64.564257838018,53.23908052242398
2,0.8696741854636592,64.57262344210808,53.331878520005354
2,0.87468671679198,64.58070962414335,53.42398290510298
2,0.8796992481203008,64.58851395399343,53.51539704917197
2,0.8847117794486216,64.59603401334009,53.60612427626131
2,0.8897243107769425,64.60326739551124,53.69616786349737
2,0.8947368421052632,64.61021170531646,53.78553104156211
2,0.899749373433584,64.6168645588843,53.874216995166066
2,0.9047619047619048,64.62322358350123,53.96222886351608
2,0.9097744360902257,64.62928641745215,54.04956974077797
2,0.9147869674185464,64.63505070986268,54.13624267653407
2,0.9197994987468672,64.64051412054292,54.22225067623575
2,0.924812030075188,64.64567431983278,54.307596701651
2,0.9298245614035089,64.65052898844901,54.39228367130703
2,0.9348370927318296,64.65507581733367,54.47631446092807
2,0.9398496240601504,64.65931250750414,54.55969190386837
2,0.9448621553884712,64.66323676990471,54.6424187915403
2,0.9498746867167921,64.66684632525961,54.724497873837954
2,0.9548872180451128,64.67013890392758,54.80593185955592
2,0.9598997493734336,64.67311224575784,54.88672341680351
2,0.9649122807017544,64.67576409994756,54.96687517341447
2,0.9699248120300753,64.67809222490075,55.04638971735208
2,0.974937343358396,64.68009438808858,55.12526959710988
2,0.9799498746867168,64.68176836591105,55.203517322107984
2,0.9849624060150376,64.68311194356018,55.28113536308493
2,0.9899749373433585,64.68412291488437,55.35812615248531
2,0.9949874686716792,64.68479908225434,55.43449208484313
2,1.0,64.68513825643028,55.51023551716084
3,0.002506265664160401,57.10570028543707,21.397196300273187
3,0.0075187969924812035,57.106293464064265,21.79002959716051
3,0.012531328320802004,57.10746844395308,22.178554288114327
3,0.01754385964912281,57.109213989589705,22.562824048563314
3,0.022556390977443608,57.11151900542926,22.94289184139516
3,0.02756892230576441,57.11437253403773,23.318809926314533
3,0.03258145363408522,57.11776375425828,23.69062986907793
3,0.03759398496240601,57.12168197940162,24.05840255060702
3,0.042606516290726815,57.12611665546022,24.422178175982076
3,0.047619047619047616,57.13105735934589,24.78200628331711
3,0.05263157894736842,57.136493797150536,25.137935752518214
3,0.05764411027568922,57.14241580242978,25.490014813926674
3,0.06265664160401004,57.14881333450906,25.838291056848394
3,0.06766917293233084,57.15567647681204,26.182811437971047
3,0.07268170426065164,57.16299543521092,26.523622289670538
3,0.07769423558897243,57.170760536398454,26.860769328208136
3,0.08270676691729323,57.17896222628126,27.19429766181979
3,0.08771929824561403,57.1875910683943,27.524251798698963
3,0.09273182957393483,57.19663774233619,27.850675654874507
3,0.09774436090225563,57.206093042224985,28.173612561984818
3,0.10275689223057644,57.215947875174244,28.493105274949727
3,0.10776942355889724,57.22619325978918,28.80919597954147
3,0.11278195488721804,57.23682032468246,29.121926299856025
3,0.11779448621553884,57.247820307009555,29.431337305686124
3,0.12280701754385966,57.259184551023246,29.7374695197973
3,0.12781954887218047,57.2709045066472,30.040362925108155
3,0.13283208020050125,57.28297172806817,30.340056971776182
3,0.13784461152882205,57.295377872346776,30.63659058419033
3,0.14285714285714285,57.30811469804638,30.930002167871585
3,0.14786967418546365,57.32117406388011,31.220329616282726
3,0.15288220551378445,57.33454792737552,31.507610317548504
3,0.15789473684210525,57.348228343556876,31.79188116108739
3,0.16290726817042608,57.362207463644644,32.07317854415602
3,0.16791979949874689,57.376477533772096,32.35153837830762
3,0.1729323308270677,57.39103089371874,32.62699609576536
3,0.1779448621553885,57.40585997566039,32.89958665571184
3,0.1829573934837093,57.42095730293561,33.169344550495936
3,0.1879699248120301,57.43631548882836,33.4363038117578
3,0.1929824561403509,57.451927235366604,33.70049801647342
3,0.1979949874686717,57.46778533213669,33.96196029291953
3,0.2030075187969925,57.48388265511329,34.22072332656009
3,0.2080200501253133,57.50021216550467,34.476819365855285
3,0.2130325814536341,57.51676690861312,34.73028022799407
3,0.2180451127819549,57.53354001271033,34.981137304551346
3,0.2230576441102757,57.55052468792755,35.22942156707056
3,0.2280701754385965,57.567714225160216,35.47516357257299
3,0.2330827067669173,57.585101994987035,35.71839346899444
3,0.2380952380952381,57.60268144660328,35.95914100055043
3,0.2431077694235589,57.62044610676788,36.19743551303074
3,0.2481203007518797,57.63838957876457,36.433305959024324
3,0.2531328320802005,57.65650554137648,36.66678090307547
3,0.2581453634085213,57.67478774787426,36.897888526772036
3,0.26315789473684215,57.693230025017435,37.12665663376682
3,0.2681704260651629,57.71182627206886,37.35311265473278
3,0.27318295739348375,57.73057045982213,37.57728365225306
3,0.2781954887218045,57.749456629641706,37.79919632564666
3,0.28320802005012535,57.7684788925156,38.018877015730645
3,0.2882205513784461,57.78763142812056,38.23635170951958
3,0.29323308270676696,57.806908483899456,38.451646044863224
3,0.2982456140350877,57.82630437415072,38.664785315023124
3,0.30325814536340856,57.84581347912982,38.87579447318899
3,0.3082706766917293,57.86543024416245,39.08469813693563
3,0.31328320802005016,57.885149178769296,39.29152059262127
3,0.3182957393483709,57.90496485580242,39.49628579972787
3,0.32330827067669177,57.92487191059278,39.69901739514451
3,0.3283208020050125,57.944865040109036,39.899738697394156
3,0.33333333333333337,57.96493900212738,40.098472710805
3,0.3383458646616541,57.98508861441218,40.29524212962682
3,0.343358395989975,58.00530875390738,40.49006934209313
3,0.3483709273182957,58.025594355938544,40.682976434429925
3,0.3533834586466166,58.045940413425306,40.8739851948116
3,0.3583959899749373,58.06634197610411,41.063117117264866
3,0.3634085213032582,58.086794149761175,41.25039340552122
3,0.3684210526315789,58.10729209547555,41.435834976818775
3,0.3734335839598998,58.12783102887193,41.619462465653946
3,0.37844611528822053,58.14840621938342,41.801296227483874
3,0.3834586466165414,58.16901298952389,41.98135634238002
3,0.38847117794486213,58.18964671416982,42.15966261863372
3,0.393483709273183,58.21030281985159,42.33623459631424
3,0.39849624060150374,58.230976784054064,42.511091550780044
3,0.4035087719298246,58.2516641345263,42.68425249614378
3,0.4085213032581454,58.27236044860025,42.85573618869168
3,0.4135338345864662,58.293061352518514,43.02556113025801
3,0.418546365914787,58.31376252077072,43.19374557155501
3,0.4235588972431078,58.334459675438744,43.360307515459
3,0.4285714285714286,58.3551485855504,43.52526472025325
3,0.43358395989974935,58.37582506644161,43.68863470282823
3,0.4385964912280702,58.39648497912694,43.85043474183964
3,0.44360902255639095,58.41712422967838,44.010681880824826
3,0.4486215538847118,58.437738768612164,44.1693929312783
3,0.45363408521303256,58.458324590283745,44.326584475686666
3,0.4586466165413534,58.478877732290556,44.48227287052363
3,0.46365914786967416,58.49939427488268,44.63647424920558
3,0.468671679197995,58.51987034038116,44.789204525008216
3,0.47368421052631576,58.54030209260396,44.94047939394484
3,0.4786967418546366,58.56068573629938,45.090314337606706
3,0.48370927318295737,58.581017516586954,45.23872462596597
3,0.4887218045112782,58.60129371840557,45.385725320141745
3,0.49373433583959897,58.62151066596886,45.531331275129766
3,0.4987468671679198,58.641664722227716,45.67555714249608
3,0.5037593984962406,58.66175228833977,45.818417373035224
3,0.5087719298245614,58.681769803145876,45.95992621939351
3,0.5137844611528822,58.70171374265339,46.10009773865766
3,0.518796992481203,58.721580619526186,46.23894579490944
3,0.5238095238095238,58.74136698258141,46.37648406174658
3,0.5288220551378446,58.76106941629273,46.512726024770565
3,0.5338345864661654,58.78068454030007,46.64768498404156
3,0.5388471177944861,58.80020900892584,46.78137405650118
3,0.543859649122807,58.819639510697364,46.91380617836317
3,0.5488721804511278,58.83897276787561,47.04499410747269
3,0.5538847117794486,58.85820553599009,47.174950425634584
3,0.5588972431077693,58.87733460337976,47.30368754091083
3,0.5639097744360902,58.896356790739965,47.43121768988789
3,0.568922305764411,58.915268950675305,47.5575529399141
3,0.5739348370927319,58.93406796725827,47.68270519130767
3,0.5789473684210527,58.95275075559375,47.80668617953545
3,0.5839598997493735,58.97131426138907,47.92950747736323
3,0.5889724310776943,58.98975546052978,48.05118049697752
3,0.5939849624060151,59.00807135866087,48.17171649207947
3,0.5989974937343359,59.026258990773535,48.291126559951174
3,0.6040100250626567,59.04431542079722,48.4094216434948
3,0.6090225563909775,59.062237741197094,48.526612533244815
3,0.6140350877192983,59.08002307257671,48.64270986935375
3,0.6190476190476191,59.097668563285836,48.75772414355171
3,0.6240601503759399,59.11517138903346,48.871665701080225
3,0.6290726817042607,59.132528752505756,48.984544742600434
3,0.6340852130325815,59.14973788298906,49.09637132607632
3,0.6390977443609023,59.166796035997784,49.207155368632996
3,0.6441102756892231,59.18370049290715,49.316906648390564
3,0.6491228070175439,59.20044856059067,49.425634806273834
3,0.6541353383458647,59.21703757106245,49.53334934779811
3,0.6591478696741855,59.23346488112399,49.64005964483155
3,0.6641604010025063,59.24972787201578,49.745774937334275
3,0.6691729323308271,59.26582394907326,49.85050433507446
3,0.6741854636591479,59.28175054138729,49.954256819322055
3,0.6791979949874687,59.29750510146916,50.057041244519866
3,0.6842105263157895,59.3130851049198,50.15886633993285
3,0.6892230576441103,59.32848805010336,50.259740711275626
3,0.6942355889724311,59.343711457825044,50.3596728423185
3,0.6992481203007519,59.35875287101311,50.45867109647234
3,0.7042606516290726,59.373609854405004,50.55674371835253
3,0.7092731829573935,59.38827999423758,50.65389883532237
3,0.7142857142857143,59.402760897941356,50.75014445901616
3,0.7192982456140351,59.4170501938387,50.845488486842044
3,0.724310776942356,59.43114553084599,50.93993870346527
3,0.7293233082706767,59.44504457817962,51.03350278227171
3,0.7343358395989975,59.458745025065795,51.1261882868122
3,0.7393483709273183,59.47224458045413,51.218002672227776
3,0.7443609022556392,59.48554097273494,51.30895328665618
3,0.7493734335839599,59.498631949460204,51.399047372619776
3,0.7543859649122807,59.51151527706818,51.48829206839518
3,0.7593984962406015,59.52418874061154,51.57669440936485
3,0.7644110275689223,59.53665014348906,51.66426132935083
3,0.7694235588972431,59.548897307180795,51.75099966193091
3,0.7744360902255639,59.56092807098664,51.83691614173746
3,0.7794486215538847,59.572740291768355,51.92201740573913
3,0.7844611528822055,59.58433184369485,52.00630999450561
3,0.7894736842105263,59.59570061799082,52.08980035345573
3,0.7944862155388471,59.60684452268863,52.17249483408912
3,0.7994987468671679,59.617761482383386,52.25439969520166
3,0.8045112781954887,59.62844943799121,52.33552110408479
3,0.8095238095238095,59.638906346510595,52.415865137709076
3,0.8145363408521303,59.649130180786926,52.49543778389217
3,0.8195488721804511,59.65911892927995,52.57424494245135
3,0.8245614035087719,59.66887059583433,52.65229242634086
3,0.8295739348370927,59.67838319945309,52.729585962774195
3,0.8345864661654135,59.687654774074076,52.806131194331705
3,0.8395989974937343,59.696683368349255,52.88193368005341
3,0.8446115288220551,59.705467045426836,52.956998896517575
3,0.849624060150376,59.71400388273625,53.031332238904966
3,0.8546365914786967,59.72229197177592,53.10493902204898
3,0.8596491228070176,59.73032941790367,53.17782448147215
3,0.8646616541353384,59.73811434012998,53.24999377440868
3,0.8696741854636592,59.745644870913814,53.321451980813784
3,0.87468671679198,59.752919155961074,53.39220410435942
3,0.8796992481203008,59.759935354025686,53.462255073417104
3,0.8847117794486216,59.76669163671326,53.531609742027655
3,0.8897243107769425,59.77318618828725,53.60027289085811
3,0.8947368421052632,59.77941720547758,53.66824922814607
3,0.899749373433584,59.78538289729184,53.73554339063157
3,0.9047619047619048,59.7910814848288,53.802159944476635
3,0.9097744360902257,59.796511201094376,53.86810338617265
3,0.9147869674185464,59.801670290819914,53.93337814343584
3,0.9197994987468672,59.80655701028291,53.997988576090854
3,0.924812030075188,59.81116962712991,54.06193897694272
3,0.9298245614035089,59.81550642020179,54.125233572637256
3,0.9348370927318296,59.81956567936121,54.18787652451014
3,0.9398496240601504,59.82334570532231,54.24987192942478
3,0.9448621553884712,59.82684480948256,54.31122382059904
3,0.9498746867167921,59.830061313756836,54.37193616842117
3,0.9548872180451128,59.832993550413576,54.43201288125485
3,0.9598997493734336,59.835639861913,54.49145780623362
3,0.9649122807017544,59.83799860074749,54.550274730044876
3,0.9699248120300753,59.84006812928392,54.60846737970344
3,0.974937343358396,59.841846819608065,54.666039423314906
3,0.9799498746867168,59.84333305337099,54.72299447082898
3,0.9849624060150376,59.8445252216374,54.779336074782776
3,0.9899749373433585,59.84542172473591,54.8350677310343
3,0.9949874686716792,59.846020972111255,54.89019287948629
3,1.0,59.84632138217838,54.94471490480045
4,0.002506265664160401,62.45396072132813,21.512643028300555
4,0.0075187969924812035,62.45468327203834,22.018955359622716
4,0.012531328320802004,62.45611368798076,22.51902403679143
4,0.01754385964912281,62.45823748559283,23.012934847099153
4,0.022556390977443608,62.46104038031495,23.50077234029345
4,0.02756892230576441,62.464508283719695,23.982619846306655
4,0.03258145363408522,62.468627300682215,24.45855949273127
4,0.03759398496240601,62.4733837265911,24.928672222044796
4,0.042606516290726815,62.47876404459926,25.393037808587508
4,0.047619047619047616,62.48475492291415,25.851734875296813
4,0.05263157894736842,62.49134321212686,26.304840910201577
4,0.05764411027568922,62.498515942579395,26.752432282679962
4,0.06265664160401004,62.50626032176979,27.194584259484103
4,0.06766917293233084,62.51456373179421,27.63137102053496
4,0.07268170426065164,62.52341372682591,28.062865674490723
4,0.07769423558897243,62.5327980306301,28.48914027409189
4,0.08270676691729323,62.54270453411459,28.910265831286328
4,0.08771929824561403,62.5531212929154,29.326312332137427
4,0.09273182957393483,62.56403652501699,29.73734875151845
4,0.09774436090225563,62.575438608406564,30.14344306759618
4,0.10275689223057644,62.58731607876202,30.544662276106827
4,0.10776942355889724,62.59965762717295,30.941072404427235
4,0.11278195488721804,62.61245209789433,31.332738525444285
4,0.11779448621553884,62.62568848613234,31.719724771225405
4,0.12280701754385966,62.639355935861964,32.10209434649304
4,0.12781954887218047,62.65344373767577,32.47990954190587
4,0.13283208020050125,62.66794132666356,32.85323174714956
4,0.13784461152882205,62.6828382803223,33.22212146383982
4,0.14285714285714285,62.69812431649612,33.58663831824035
4,0.14786967418546365,62.713789291345705,33.94684107379846
4,0.15288220551378445,62.729823197346775,34.302787643500906
4,0.15789473684210525,62.7462161613173,34.65453510205247
4,0.16290726817042608,62.76295844247286,35.00213969787999
4,0.16791979949874689,62.78004043050995,35.34565686496413
4,0.1729323308270677,62.79745264371666,35.68514123450152
4,0.1779448621553885,62.81518572711046,36.0206466463997
4,0.1829573934837093,62.83323045060261,36.35222616060706
4,0.1879699248120301,62.851577707188895,36.679932068280465
4,0.1929824561403509,62.870218511166186,37.003815902792624
4,0.1979949874686717,62.889143996374635,37.32392845058157
4,0.2030075187969925,62.908345414465,37.64031976184465
4,0.2080200501253133,62.92781413319072,37.953039161079055
4,0.2130325814536341,62.94754163472452,38.262135257471186
4,0.2180451127819549,62.967519513999115,38.56765595513709
4,0.2230576441102757,62.98773947707157,38.86964846321597
4,0.2280701754385965,63.00819333951123,39.16815930581891
4,0.2330827067669173,63.02887302481058,39.46323433183501
4,0.2380952380952381,63.04977056281893,39.75491872459682
4,0.2431077694235589,63.070878088198484,40.04325701140713
4,0.2481203007518797,63.09218783890259,40.328293072929185
4,0.2531328320802005,63.113692154675675,40.6100701524422
4,0.2581453634085213,63.1353834755747,40.888630864964135
4,0.26315789473684215,63.15725434051176,41.16401720624361
4,0.2681704260651629,63.179297385817534,41.43627056162288
4,0.27318295739348375,63.20150534382534,41.70543171477368
4,0.2781954887218045,63.223871041475405,41.971540856307804
4,0.28320802005012535,63.24638739893914,42.23463759226416
4,0.2882205513784461,63.269047428263086,42.49476095247406
4,0.29323308270676696,63.291844232032275,42.75194939880668
4,0.2982456140350877,63.314771002052716,43.00624083329604
4,0.30325814536340856,63.33782101805269,43.25767260615163
4,0.3082706766917293,63.360987646402755,43.50628152365398
4,0.31328320802005016,63.38426433885389,43.75210385593712
4,0.3182957393483709,63.40764463129384,43.995175344659295
4,0.32330827067669177,63.43112214252118,44.23553121056375
4,0.3283208020050125,63.454690573036935,44.47320616093105
4,0.33333333333333337,63.47834370385348,44.708234396924425
4,0.3383458646616541,63.50207539532051,44.94064962082991
4,0.343358395989975,63.52587958596775,45.17048504319255
4,0.3483709273182957,63.54975029136428,45.397773389850194
4,0.3533834586466166,63.573681602994114,45.62254690886656
4,0.3583959899749373,63.597667687147926,45.844837377364684
4,0.3634085213032582,63.621702783830585,46.064676108262425
4,0.3684210526315789,63.64578120568434,46.28209395691146
4,0.3734335839598998,63.66989733692735,46.49712132764083
4,0.37844611528822053,63.6940456323075,46.70978818020684
4,0.3834586466165414,63.718220616071065,46.9201240361503
4,0.38847117794486213,63.74241688094617,47.128157985062636
4,0.393483709273183,63.76662908714084,47.33391869076216
4,0.39849624060150374,63.79085196135524,47.53743439738163
4,0.4035087719298246,63.81508029580819,47.738732935368624
4,0.4085213032581454,63.839308947277495,47.93784172739973
4,0.4135338345864662,63.86353283615405,48.13478779420994
4,0.418546365914787,63.88774694550943,48.329597760338515
4,0.4235588972431078,63.9119463201768,48.52229785979224
4,0.4285714285714286,63.93612606584507,48.71291394162757
4,0.43358395989974935,63.96028134816582,48.901471475452745
4,0.4385964912280702,63.98440739187312,49.08799555685079
4,0.44360902255639095,64.00849947991591,49.27251091272498
4,0.4486215538847118,64.03255295260276,49.45504190656734
4,0.45363408521303256,64.05656320675884,49.63561254365183
4,0.4586466165413534,64.08052569489497,49.814246476152796
4,0.46365914786967416,64.10443592438853,49.99096700819024
4,0.468671679197995,64.128289456676,50.165797100802465
4,0.47368421052631576,64.15208190645723,50.33875937684756
4,0.4786967418546366,64.17580894091083,50.50987612583451
4,0.48370927318295737,64.199466278921,50.679169308684976
4,0.4887218045112782,64.22304969031521,50.84666056242679
4,0.49373433583959897,64.2465549951129,51.01237120482014
4,0.4987468671679198,64.26997806278486,51.17632223891731
4,0.5037593984962406,64.29331481152319,51.33853435755709
4,0.5087719298245614,64.31656120752172,51.49902794779462
4,0.5137844611528822,64.3397132642666,51.6578230952678
4,0.518796992481203,64.36276704183717,51.814939588500906
4,0.5238095238095238,64.38571864621672,51.970396923146595
4,0.5288220551378446,64.40856422861306,52.124214306166955
4,0.5338345864661654,64.43129998478891,52.27641065995462
4,0.5388471177944861,64.45392215440172,52.42700462639475
4,0.543859649122807,64.47642702035303,52.57601457086872
4,0.5488721804511278,64.498810908147,52.723458586200366
4,0.5538847117794486,64.52107018525814,52.86935449654563
4,0.5588972431077693,64.54320126050816,53.013719861226335
4,0.5639097744360902,64.56520058345154,53.156571978509085
4,0.568922305764411,64.58706464376999,53.29792788932973
4,0.5739348370927319,64.60878997067552,53.437804380964636
4,0.5789473684210527,64.63037313232199,53.576217990649134
4,0.5839598997493735,64.65181073522513,53.713185009143984
4,0.5889724310776943,64.67309942369072,53.84872148425087
4,0.5939849624060151,64.69423587925107,53.98284322427726
4,0.5989974937343359,64.71521682010942,54.115565801451645
4,0.6040100250626567,64.73603900059229,54.24690455528973
4,0.6090225563909775,64.75669921060964,54.376874595912376
4,0.6140350877192983,64.7771942751228,54.505490807315816
4,0.6190476190476191,64.79752105361986,54.632767850595094
4,0.6240601503759399,64.81767643959864,54.75872016712115
4,0.6290726817042607,64.83765736005697,54.88336198167228
4,0.6340852130325815,64.85746077499023,55.006707305520784
4,0.6390977443609023,64.87708367689613,55.12876993947519
4,0.6441102756892231,64.89652309028648,55.24956347687892
4,0.6491228070175439,64.91577607120588,55.369101306565796
4,0.6541353383458647,64.93483970675737,55.48739661577331
4,0.6591478696741855,64.95371111463473,55.60446239301386
4,0.6641604010025063,64.97238744266154,55.72031143090503
4,0.6691729323308271,64.99086586833675,55.83495632895901
4,0.6741854636591479,65.0091435983867,55.94840949633213
4,0.6791979949874687,65.02721786832356,56.060683154534914
4,0.6842105263157895,65.04508594201006,56.171789340103174
4,0.6892230576441103,65.0627451112304,56.281739907230815
4,0.6942355889724311,65.08019269526721,56.39054653036485
4,0.6992481203007519,65.09742604048466,56.49822070676315
4,0.7042606516290726,65.1144425199174,56.60477375901545
4,0.7092731829573935,65.13123953286538,56.71021683752829
4,0.7142857142857143,65.14781450449443,56.81456092297414
4,0.7192982456140351,65.16416488544252,56.91781682870543
4,0.724310776942356,65.18028815143161,57.01999520313394
4,0.7293233082706767,65.19618180288509,57.12110653207605
4,0.7343358395989975,65.21184336455053,57.22116114106419
4,0.7393483709273183,65.22727038512791,57.32016919762536
4,0.7443609022556392,65.24246043690306,57.41814071352668
4,0.7493734335839599,65.25741111538639,57.51508554698886
4,0.7543859649122807,65.27212003895666,57.61101340486778
4,0.7593984962406015,65.28658484850986,57.70593384480493
4,0.7644110275689223,65.3008032071131,57.799856277346755
4,0.7694235588972431,65.31477279966339,57.89278996803375
4,0.7744360902255639,65.32849133255121,57.98474403945939
4,0.7794486215538847,65.34195653332897,58.07572747329971
4,0.7844611528822055,65.3551661503841,58.16574911231354
4,0.7894736842105263,65.36811795261677,58.25481766231414
4,0.7944862155388471,65.38080972912232,58.3429416941125
4,0.7994987468671679,65.39323928887794,58.43012964543271
4,0.8045112781954887,65.40540446043406,58.51638982279981
4,0.8095238095238095,65.41730309160995,58.601730403400644
4,0.8145363408521303,65.42893304919376,58.68615943691783
4,0.8195488721804511,65.44029221864662,58.76968484733748
4,0.8245614035087719,65.45137850381117,58.85231443473103
4,0.8295739348370927,65.46218982662405,58.93405587701126
4,0.8345864661654135,65.47272412683257,59.01491673166335
4,0.8395989974937343,65.48297936171534,59.094904437450936
4,0.8446115288220551,65.49295350580681,59.174026316097624
4,0.849624060150376,65.50264455062586,59.25228957394448
4,0.8546365914786967,65.51205050440811,59.32970130358361
4,0.8596491228070176,65.52116939184201,59.40626848546829
4,0.8646616541353384,65.52999925380875,59.481997989500094
4,0.8696741854636592,65.53853814712582,59.55689657659292
4,0.87468671679198,65.54678414429418,59.63097090021495
4,0.8796992481203008,65.554735333249,59.7042275079081
4,0.8847117794486216,65.56238981711391,59.7766728427859
4,0.8897243107769425,65.56974571395885,59.84831324500965
4,0.8947368421052632,65.57680115656117,59.91915495324358
4,0.899749373433584,65.58355429217022,59.98920410608888
4,0.9047619047619048,65.59000328227518,60.05846674349727
4,0.9097744360902257,65.59614630237628,60.12694880816429
4,0.9147869674185464,65.6019815417592,60.19465614690238
4,0.9197994987468672,65.60750720327256,60.261594511994474
4,0.924812030075188,65.61272150310877,60.32776956252793
4,0.9298245614035089,65.61762267058774,60.393186865709424
4,0.9348370927318296,65.62220894794372,60.457851898160904
4,0.9398496240601504,65.6264785901153,60.52177004719691
4,0.9448621553884712,65.6304298645381,60.58494661208355
4,0.9498746867167921,65.6340610509406,60.647386805279375
4,0.9548872180451128,65.63737044114275,60.70909575365841
4,0.9598997493734336,65.64035633885744,60.77007849971565
4,0.9649122807017544,65.64301705949477,60.83034000275516
4,0.9699248120300753,65.64535092996906,60.88988514006112
4,0.974937343358396,65.64735628850859,60.94871870805208
4,0.9799498746867168,65.64903148446801,61.00684542341855
4,0.9849624060150376,65.6503748781434,61.0642699242443
4,0.9899749373433585,65.6513848405899,61.120996771111514
4,0.9949874686716792,65.65205975344197,61.17703044818998
4,1.0,65.65239800873613,61.232375364310776
5,0.002506265664160401,33.777901769800955,21.241186483807727
5,0.0075187969924812035,33.77816730463106,21.477825517055393
5,0.012531328320802004,33.778691462984824,21.710007815740816
5,0.01754385964912281,33.779467471427786,21.93782225572142
5,0.022556390977443608,33.7804886916008,22.161355909996963
5,0.02756892230576441,33.781748617480005,22.38069408523686
5,0.03258145363408522,33.78324087269234,22.595920357567355
5,0.03759398496240601,33.784959207885386,22.80711660763356
5,0.042606516290726815,33.7868974981506,23.014363054951048
5,0.047619047619047616,33.78904974049865,23.217738291561403
5,0.05263157894736842,33.79141005138596,23.417319315005827
5,0.05764411027568922,33.79397266429136,23.613181560630593
5,0.06265664160401004,33.796731927341845,23.805398933237946
5,0.06766917293233084,33.79968230098639,23.994043838095656
5,0.07268170426065164,33.80281835571695,24.179187211318254
5,0.07769423558897243,33.806134769835616,24.360898549632633
5,0.08270676691729323,33.809626327267,24.53924593954057
5,0.08771929824561403,33.813287915414925,24.714296085890325
5,0.09273182957393483,33.817114523062585,24.886114339869277
5,0.09774436090225563,33.82110123831523,25.054764726429404
5,0.10275689223057644,33.8252432465845,25.220309971157043
5,0.10776942355889724,33.829535828613636,25.382811526598168
5,0.11278195488721804,33.83397435854271,25.542329598050287
5,0.11779448621553884,33.83855430201301,25.698923168831726
5,0.12280701754385966,33.843271214309816,25.85265002503887
5,0.12781954887218047,33.8481207385429,26.003566779801787
5,0.13283208020050125,33.853098603863806,26.151728897048358
5,0.13784461152882205,33.858200623719256,26.297190714786872
5,0.14285714285714285,33.86342269413998,26.44000546791689
5,0.14786967418546365,33.86876079206416,26.580225310577877
5,0.15288220551378445,33.874210973694886,26.71790133804499
5,0.15789473684210525,33.87976937289089,26.85308360818122
5,0.16290726817042608,33.88543219958982,26.985821162454847
5,0.16791979949874689,33.89119573826354,27.116162046531038
5,0.1729323308270677,33.89705634640468,27.24415333044618
5,0.1779448621553885,33.90301045304387,27.369841128373466
5,0.1829573934837093,33.90905455729695,27.49327061798793
5,0.1879699248120301,33.9151852269417,27.614486059439173
5,0.1929824561403509,33.921399097023404,27.733530813939563
5,0.1979949874686717,33.92769286848854,27.850447361975856
5,0.2030075187969925,33.934063306846305,27.965277321151756
5,0.2080200501253133,33.940507240857144,28.078061463668995
5,0.2130325814536341,33.94702156124794,28.18883973345413
5,0.2180451127819549,33.95360321945312,28.29765126293836
5,0.2230576441102757,33.960249226381386,28.40453438949732
5,0.2280701754385965,33.96695665120735,28.509526671557772
5,0.2330827067669173,33.97372262018766,28.612664904377898
5,0.2380952380952381,33.980544315501156,28.713985135507905
5,0.2431077694235589,33.987418974112444,28.81352267993728
5,0.2481203007518797,33.994343886658584,28.911312134935184
5,0.2531328320802005,34.001316396358234,29.00738739459013
5,0.2581453634085213,34.00833389794298,29.101781664055
5,0.26315789473684215,34.01539383661027,29.194527473503484
5,0.2681704260651629,34.022493706997544,29.285656691803702
5,0.27318295739348375,34.029631052177194,29.37520053991471
5,0.2781954887218045,34.036803462671855,29.463189604011667
5,0.28320802005012535,34.04400857548964,29.54965384834493
5,0.2882205513784461,34.05124407317893,29.634622627838674
5,0.29323308270676696,34.058507682902295,29.718124700434203
5,0.2982456140350877,34.065797175529234,29.800188239183107
5,0.30325814536340856,34.07311036474718,29.8808408440955
5,0.3082706766917293,34.08044510619063,29.96010955374801
5,0.31328320802005016,34.08779929658785,30.038020856656725
5,0.3182957393483709,34.09517087292489,30.114600702419576
5,0.32330827067669177,34.102557811626504,30.189874512632993
5,0.3283208020050125,34.10995812775371,30.26386719158735
5,0.33333333333333337,34.117369874217545,30.33660313674572
5,0.3383458646616541,34.12479114100882,30.408106249010217
5,0.343358395989975,34.132220054443415,30.47839994278043
5,0.3483709273182957,34.13965477642287,30.547507155807942
5,0.3533834586466166,34.147093503709996,30.615450358851234
5,0.3583959899749373,34.1545344672191,30.682251565134912
5,0.3634085213032582,34.16197593132063,30.747932339617304
5,0.3684210526315789,34.16941619315991,30.812513808070218
5,0.3734335839598998,34.1768535819896,30.876016665974777
5,0.37844611528822053,34.184286458515786,30.938461187236953
5,0.3834586466165414,34.191713214257256,30.9998672327265
5,0.38847117794486213,34.199132270917715,31.06025425864292
5,0.393483709273183,34.20654207977081,31.1196413247118
5,0.39849624060150374,34.213941121057545,31.17804710221523
5,0.4035087719298246,34.22132790339589,31.23548988185931
5,0.4085213032581454,34.228700963202414,31.29198758148238
5,0.4135338345864662,34.236058864125575,31.347557753607063
5,0.418546365914787,34.2434001964905,31.402217592839108
5,0.4235588972431078,34.25072357675503,31.455983943116554
5,0.4285714285714286,34.25802764697674,31.50887330481183
5,0.43358395989974935,34.26531107429083,31.560901841689976
5,0.4385964912280702,34.2725725503985,31.612085387725955
5,0.44360902255639095,34.279810791065735,31.662439453783712
5,0.4486215538847118,34.287024535632256,31.71197923415997
5,0.45363408521303256,34.294212546530375,31.76071961299538
5,0.4586466165413534,34.30137360881361,31.80867517055583
5,0.46365914786967416,34.30850652969488,31.855860189386387
5,0.468671679197995,34.31561013809398,31.902288660340602
5,0.47368421052631576,34.3226832841943,31.947974288487632
5,0.4786967418546366,34.329724839008456,31.992930498899643
5,0.48370927318295737,34.33673369395278,32.03717044232198
5,0.4887218045112782,34.343708760430346,32.080707000728395
5,0.49373433583959897,34.35064896942251,32.12355279276374
5,0.4987468671679198,34.35755327108871,32.16572017907637
5,0.5037593984962406,34.36442063437434,32.20722126754248
5,0.5087719298245614,34.37125004662659,32.248067918384606
5,0.5137844611528822,34.37804051321805,32.28827174918637
5,0.518796992481203,34.38479105717794,32.32784413980566
5,0.5238095238095238,34.391500718830834,32.3667962371882
5,0.5288220551378446,34.39816855544264,32.405138960083605
5,0.5338345864661654,34.40479364087382,32.442883003665884
5,0.5388471177944861,34.41137506523955,32.48003884406031
5,0.543859649122807,34.417911934576836,32.51661674277854
5,0.5488721804511278,34.424403370518355,32.5526267510639
5,0.5538847117794486,34.43084850997285,32.58807871414856
5,0.5588972431077693,34.43724650481205,32.62298227542453
5,0.5639097744360902,34.4435965215639,32.65734688053007
5,0.568922305764411,34.449897741112004,32.69118178135331
5,0.5739348370927319,34.456149358401184,32.724496039954744
5,0.5789473684210527,34.462350582148986,32.757298532410246
5,0.5839598997493735,34.46850063456296,32.789597952576244
5,0.5889724310776943,34.47459875106376,32.821402815778505
5,0.5939849624060151,34.480644180013805,32.85272146242627
5,0.5989974937343359,34.48663618245144,32.88356206155311
5,0.6040100250626567,34.49257403183047,32.913932614286026
5,0.6090225563909775,34.49845701376498,32.94384095724426
5,0.6140350877192983,34.504284425779275,32.973294765869255
5,0.6190476190476191,34.51005557706299,33.00230155768709
5,0.6240601503759399,34.51576978823102,33.030868695504836
5,0.6290726817042607,34.521426391088404,33.05900339054217
5,0.6340852130325815,34.52702472839996,33.08671270549946
5,0.6390977443609023,34.5325641536645,33.11400355756371
5,0.6441102756892231,34.53804403089375,33.14088272135366
5,0.6491228070175439,34.54346373439562,33.16735683180509
5,0.6541353383458647,34.548822648561945,33.19343238699769
5,0.6591478696741855,34.55412016766045,33.219115750924765
5,0.6641604010025063,34.55935569563099,33.24441315620661
5,0.6691729323308271,34.56452864588589,33.2693307067491
5,0.6741854636591479,34.56963844111431,33.293874380348214
5,0.6791979949874687,34.57468451309058,33.318050031241974
5,0.6842105263157895,34.57966630248642,33.34186339261052
5,0.6892230576441103,34.584583258686955,33.3653200790256
5,0.6942355889724311,34.58943483961045,33.38842558885041
5,0.6992481203007519,34.59422051153169,33.41118530659077
5,0.7042606516290726,34.598939748908926,33.433604505198694
5,0.7092731829573935,34.60359203421437,33.45568834832927
5,0.7142857142857143,34.60817685776804,33.47744189255179
5,0.7192982456140351,34.612693717575056,33.49887008951608
5,0.724310776942356,34.617142119166125,33.51997778807495
5,0.7293233082706767,34.621521575441356,33.5407697363636
5,0.7343358395989975,34.62583160651716,33.56125058383691
5,0.7393483709273183,34.630071739576294,33.581424883265434
5,0.7443609022556392,34.634241508720905,33.60129709269092
5,0.7493734335839599,34.638340454828544,33.62087157734233
5,0.7543859649122807,34.64236812541114,33.6401526115128
5,0.7593984962406015,34.64632407447677,33.65914438039879
5,0.7644110275689223,34.650207862394275,33.677850981901834
5,0.7694235588972431,34.654019055760536,33.69627642839383
5,0.7744360902255639,34.657757227270544,33.714424648446496
5,0.7794486215538847,34.66142195559001,33.73229948852588
5,0.7844611528822055,34.66501282523057,33.749904714652445
5,0.7894736842105263,34.66852942642754,33.767244014027526
5,0.7944862155388471,34.67197135502011,33.784320996626846
5,0.7994987468671679,34.675338212334005,33.80113919676174
5,0.8045112781954887,34.67862960506643,33.81770207460873
5,0.8095238095238095,34.681845145173476,33.83401301770808
5,0.8145363408521303,34.68498444975966,33.85007534243204
5,0.8195488721804511,34.68804714096979,33.86589229542326
5,0.8245614035087719,34.691032845883015,33.88146705500413
5,0.8295739348370927,34.693941196408915,33.89680273255748
5,0.8345864661654135,34.69677182918585,33.91190237387939
5,0.8395989974937343,34.69952438548122,33.926768960504496
5,0.8446115288220551,34.70219851109382,33.941405411004475
5,0.849624060150376,34.70479385625816,33.955814582260224
5,0.8546365914786967,34.70731007555071,33.96999927070825
5,0.8596491228070176,34.709746827797986,33.98396221356179
5,0.8646616541353384,34.7121037759866,33.99770609000718
5,0.8696741854636592,34.714380587175036,34.01123352237601
5,0.87468671679198,34.71657693240726,34.024547077293484
5,0.8796992481203008,34.71869248662803,34.03764926680354
5,0.8847117794486216,34.72072692859996,34.05054254947109
5,0.8897243107769425,34.722679940822246,34.06322933146208
5,0.8947368421052632,34.724551209451036,34.075711967601464
5,0.899749373433584,34.72634042422136,34.08799276240992
5,0.9047619047619048,34.72804727837073,34.100073971119365
5,0.9097744360902257,34.7296714685642,34.1119578006681
5,0.9147869674185464,34.73121269482095,34.12364641067561
5,0.9197994987468672,34.73267066044242,34.13514191439768
5,0.924812030075188,34.73404507194183,34.14644637966213
5,0.9298245614035089,34.73533563897507,34.157561829785685
5,0.9348370927318296,34.736542074273174,34.16849024447205
5,0.9398496240601504,34.73766409357591,34.179233560692026
5,0.9448621553884712,34.738701415566936,34.18979367354557
5,0.9498746867167921,34.73965376181011,34.200172437106595
5,0.9548872180451128,34.74052085668715,34.210371665250435
5,0.9598997493734336,34.741302427336514,34.220393132464686
5,0.9649122807017544,34.74199820359359,34.23023857464355
5,0.9699248120300753,34.742607917932,34.23990968986613
5,0.974937343358396,34.74313130540615,34.24940813915888
5,0.9799498746867168,34.7435681035949,34.25873554724262
5,0.9849624060150376,34.7439180525464,34.26789350326446
5,0.9899749373433585,34.74418089472399,34.276883561514836
5,0.9949874686716792,34.74435637495329,34.28570724213002
5,1.0,34.74444424037024,34.29436603178041
6,0.002506265664160401,49.056264071805785,21.53520358420326
6,0.0075187969924812035,49.056849232927874,22.060208743716693
6,0.012531328320802004,49.05800421855743,22.575220894541207
6,0.01754385964912281,49.05971400098887,23.080441247475566
6,0.022556390977443608,49.061963855101865,23.576066894107306
6,0.02756892230576441,49.064739352166725,24.062290891045123
6,0.03258145363408522,49.0680263537765,24.539302342428677
6,0.03759398496240601,49.07181100590323,25.007286480751052
6,0.042606516290726815,49.0760797330756,25.46642474602837
6,0.047619047619047616,49.080819232675786,25.91689486335037
6,0.05263157894736842,49.086016469352856,26.358870918845046
6,0.05764411027568922,49.09165866955042,26.79252343408979
6,0.06265664160401004,49.09773331614615,27.21801943900083
6,0.06766917293233084,49.104228143200984,27.635522543232003
6,0.07268170426065164,49.11113113081565,28.045193006113458
6,0.07769423558897243,49.11843050009236,28.447187805160063
6,0.08270676691729323,49.12611470819955,28.84166070317879
6,0.08771929824561403,49.13417244353755,29.22876231400376
6,0.09273182957393483,49.14259262100307,29.608640166886953
6,0.09774436090225563,49.151364377350546,29.981438769572144
6,0.10275689223057644,49.16047706664832,30.347299670078918
6,0.10776942355889724,49.16992025582776,30.70636151722322
6,0.11278195488721804,49.17968372032335,31.058760119900203
6,0.11779448621553884,49.18975743980197,31.40462850515476
6,0.12280701754385966,49.20013159397949,31.744096975064487
6,0.12781954887218047,49.21079655852291,32.07729316245933
6,0.13283208020050125,49.221742901036265,32.404342085501796
6,0.13784461152882205,49.23296137712864,32.725366201150955
6,0.14285714285714285,49.244442926562606,33.04048545753311
6,0.14786967418546365,49.25617866948132,33.34981734524144
6,0.15288220551378445,49.268159902712895,33.653476947586555
6,0.15789473684210525,49.280378096150244,33.9515769898194
6,0.16290726817042608,49.29282488920498,34.24422788734759
6,0.16791979949874689,49.305492087333825,34.531537792965615
6,0.1729323308270677,49.31837165863605,34.813612643119235
6,0.1779448621553885,49.33145573052048,35.09055620322373
6,0.1829573934837093,49.344736586440625,35.36247011205536
6,0.1879699248120301,49.358206662696645,35.62945392523508
6,0.1929824561403509,49.37185854530261,35.89160515782285
6,0.1979949874686717,49.38568496691786,36.149019326040985
6,0.2030075187969925,49.399678803841155,36.401789988144294
6,0.2080200501253133,49.4138330730662,36.650008784454236
6,0.2130325814536341,49.4281409293974,36.893765476574515
6,0.2180451127819549,49.44259566262466,37.13314798580465
6,0.2230576441102757,49.45719069475585,37.36824243076794
6,0.2280701754385965,49.47191957730591,37.599133164269986
6,0.2330827067669173,49.48677598864139,37.82590280940336
6,0.2380952380952381,49.50175373137923,38.048632294914015
6,0.2431077694235589,49.51684672983882,38.267400889844346
6,0.2481203007518797,49.53204902754606,38.48228623746784
6,0.2531328320802005,49.54735478478852,38.69336438852973
6,0.2581453634085213,49.562758276220535,38.900709833807845
6,0.26315789473684215,49.57825388851732,39.104395536007644
6,0.2681704260651629,49.593836118076986,39.304492961004875
6,0.27318295739348375,49.60949956876962,39.5010721084494
6,0.2781954887218045,49.6252389497323,39.694201541743105
6,0.28320802005012535,49.64104907320926,39.883948417404774
6,0.2882205513784461,49.65692485243618,40.07037851383444
6,0.29323308270676696,49.67286129956771,40.25355625948943
6,0.2982456140350877,49.68885352364746,40.4335447604843
6,0.30325814536340856,49.70489672861939,40.610405827626245
6,0.3082706766917293,49.720986211379895,40.78420000289768
6,0.31328320802005016,49.73711735986975,40.95498658539717
6,0.3182957393483709,49.753285651205026,41.12282365674997
6,0.32330827067669177,49.76948664984617,41.287768105998765
6,0.3283208020050125,49.785716005804645,41.449875653985494
6,0.33333333333333337,49.80196945288614,41.6092008772345
6,0.3383458646616541,49.818242806969714,41.76579723134724
6,0.343358395989975,49.834531964322125,41.919717073918626
6,0.3483709273182957,49.85083289994665,42.071011686984626
6,0.3533834586466166,49.8671416659656,42.219731299010874
6,0.3583959899749373,49.88345439003595,42.36592510643158
6,0.3634085213032582,49.899767273797366,42.509641294747894
6,0.3684210526315789,49.916076591351924,42.6509270591949
6,0.3734335839598998,49.93237868777491,42.78982862498587
6,0.37844611528822053,49.94866997765612,42.926391267142556
6,0.3834586466165414,49.96494694367091,43.06065932991994
6,0.38847117794486213,49.981206135180514,43.19267624583371
6,0.393483709273183,49.997444166860916,43.32248455429859
6,0.39849624060150374,50.01365771735982,43.45012591988559
6,0.4035087719298246,50.029843527981,43.575641150205826
6,0.4085213032581454,50.04599840139564,43.69907021342854
6,0.4135338345864662,50.062119200379925,43.820452255441026
6,0.418546365914787,50.07820284657848,43.93982561665745
6,0.4235588972431078,50.09424631929307,44.05722784848402
6,0.4285714285714286,50.11024665429612,44.1726957294474
6,0.43358395989974935,50.126200942668376,44.2862652809933
6,0.4385964912280702,50.14210632966046,44.397971782961996
6,0.44360902255639095,50.15796001357756,44.50784978874723
6,0.4486215538847118,50.17375924468703,44.61593314014531
6,0.45363408521303256,50.18950132414825,44.72225498190033
6,0.4586466165413534,50.20518360296442,44.82684777595209
6,0.46365914786967416,50.22080348095567,44.929743315392514
6,0.468671679197995,50.23635840575332,45.03097273813674
6,0.47368421052631576,50.25184587181455,45.13056654031452
6,0.4786967418546366,50.267263419457294,45.228554589387855
6,0.48370927318295737,50.28260863391483,45.32496613700036
6,0.4887218045112782,50.297879144409706,45.41982983156371
6,0.49373433583959897,50.31307262324656,45.51317373058686
6,0.4987468671679198,50.32818678492354,45.60502531275301
6,0.5037593984962406,50.34321938526182,45.695411489749596
6,0.5087719298245614,50.358168220553,45.78435861785643
6,0.5137844611528822,50.373031126723795,45.87189250929668
6,0.518796992481203,50.387805978517946,45.95803844335595
6,0.5238095238095238,50.40249068869469,46.04282117727368
6,0.5288220551378446,50.41708320724378,46.126264956912074
6,0.5338345864661654,50.431581520616405,46.20839352720664
6,0.5388471177944861,50.445983650971925,46.28923014240312
6,0.543859649122807,50.46028765543994,46.36879757608502
6,0.5488721804511278,50.474491625397455,46.44711813099605
6,0.5538847117794486,50.488593685760854,46.52421364866169
6,0.5588972431077693,50.50259199429226,46.60010551881406
6,0.5639097744360902,50.516484740920156,46.67481468862391
6,0.568922305764411,50.53027014707383,46.748361671743886
6,0.5739348370927319,50.54394646503147,46.82076655716682
6,0.5789473684210527,50.5575119772815,46.892049017902934
6,0.5839598997493735,50.57096499589709,46.96222831947943
6,0.5889724310776943,50.5843038619233,47.0313233282664
6,0.5939849624060151,50.59752694477687,47.09935251963237
6,0.5989974937343359,50.610632641658185,47.16633398593309
6,0.6040100250626567,50.62361937697533,47.23228544433695
6,0.6090225563909775,50.63648560177984,47.29722424449031
6,0.6140350877192983,50.64922979321404,47.36116737602609
6,0.6190476190476191,50.66185045396963,47.42413147591884
6,0.6240601503759399,50.67434611175735,47.486132835689276
6,0.6290726817042607,50.68671531878751,47.54718740846164
6,0.6340852130325815,50.698956651261064,47.607310815876495
6,0.6390977443609023,50.71106870887114,47.66651835486238
6,0.6441102756892231,50.72305011431469,47.724825004268844
6,0.6491228070175439,50.73489951281422,47.78224543136382
6,0.6541353383458647,50.746615571649215,47.83879399819814
6,0.6591478696741855,50.758196979697075,47.89448476783991
6,0.6641604010025063,50.769642446983596,47.949331510481386
6,0.6691729323308271,50.78095070424245,48.0033477094208
6,0.6741854636591479,50.79212050248381,48.056546566922144
6,0.6791979949874687,50.80315061257171,48.10894100995478
6,0.6842105263157895,50.814039824810045,48.16054369581592
6,0.6892230576441103,50.82478694853701,48.21136701763796
6,0.6942355889724311,50.83539081172788,48.26142310978327
6,0.6992481203007519,50.84585026060586,48.3107238531286
6,0.7042606516290726,50.85616415926084,48.35928088024136
6,0.7092731829573935,50.86633138927606,48.40710558045019
6,0.7142857142857143,50.87635084936226,48.45420910481168
6,0.7192982456140351,50.88622145499937,48.50060237097554
6,0.724310776942356,50.89594213808556,48.546296067950344
6,0.7293233082706767,50.90551184659334,48.591300660771644
6,0.7343358395989975,50.914929544232784,48.63562639507482
6,0.7393483709273183,50.92419421012157,48.67928330157422
6,0.7443609022556392,50.933304838461794,48.72228120045079
6,0.7493734335839599,50.94226043822333,48.764629705649895
6,0.7543859649122807,50.95106003283372,48.806338229091395
6,0.7593984962406015,50.95970265987438,48.847415984793344
6,0.7644110275689223,50.96818737078294,48.88787199291161
6,0.7694235588972431,50.976513230561764,48.92771508369676
6,0.7744360902255639,50.98467931749232,48.96695390136998
6,0.7794486215538847,50.992684722855465,49.005596907919795
6,0.7844611528822055,51.00052855065736,49.04365238682109
6,0.7894736842105263,51.00820991736106,49.081128446678065
6,0.7944862155388471,51.01572795162349,49.11803302479278
6,0.7994987468671679,51.023081794037886,49.154373890660466
6,0.8045112781954887,51.03027059688141,49.190158649393666
6,0.8095238095238095,51.037293523867945,49.2253947450761
6,0.8145363408521303,51.04414974990599,49.260089464048
6,0.8195488721804511,51.05083846086137,49.294249938124295
6,0.8245614035087719,51.0573588533249,49.327883147746974
6,0.8295739348370927,51.06371013438473,49.36099592507283
6,0.8345864661654135,51.06989152140335,49.39359495699827
6,0.8395989974937343,51.07590224179918,49.42568678812205
6,0.8446115288220551,51.08174153283251,49.45727782364757
6,0.849624060150376,51.08740864139597,49.48837433222571
6,0.8546365914786967,51.09290282380907,49.5189824487395
6,0.8596491228070176,51.09822334561714,49.54910817703199
6,0.8646616541353384,51.1033694813942,49.578757392578076
6,0.8696741854636592,51.108340514549916,49.60793584510194
6,0.87468671679198,51.11313573714054,49.63664916114073
6,0.8796992481203008,51.11775444968363,49.664902846555925
6,0.8847117794486216,51.12219596097658,49.69270228899333
6,0.8897243107769425,51.12645958791883,49.720052760292674
6,0.8947368421052632,51.130544655337744,49.74695941884798
6,0.899749373433584,51.13445049581799,49.773427311919704
6,0.9047619047619048,51.138176449534406,49.79946137789941
6,0.9097744360902257,51.14172186408831,49.82506644852835
6,0.9147869674185464,51.14508609434708,49.85024725107044
6,0.9197994987468672,51.14826850228708,49.875008410440955
6,0.924812030075188,51.1512684568397,49.899354451291586
6,0.9298245614035089,51.15408533374061,49.92328980005286
6,0.9348370927318296,51.156718515382046,49.94681878693486
6,0.9398496240601504,51.15916739066809,49.969945647886874
6,0.9448621553884712,51.16143135487295,49.99267452651712
6,0.9498746867167921,51.1635098095021,50.01500947597303
6,0.9548872180451128,51.16540216215622,50.036954460783214
6,0.9598997493734336,51.16710782639792,50.05851335866171
6,0.9649122807017544,51.1686262216212,50.079689962275275
6,0.9699248120300753,51.16995677292357,50.10048798097454
6,0.974937343358396,51.17109891098072,50.12091104248978
6,0.9799498746867168,51.17205207192382,50.14096269459203
6,0.9849624060150376,51.17281569721927,50.16064640672004
6,0.9899749373433585,51.173389233550864,50.17996557157423
6,0.9949874686716792,51.1737721327044,50.19892350667779
6,1.0,51.17396385145468,50.21752345590595
