time_s,surface_1_air_C,surface_2_air_C
0.0,35.562913907284766,24.58845789971618
0.04078857919782461,35.562913907284766,24.58845789971618
0.08157715839564922,35.53926206244087,24.612109744560076
0.12236573759347383,35.51561021759697,24.612109744560076
0.16315431679129844,35.491958372753075,24.635761589403973
0.20394289598912305,35.46830652790918,24.635761589403973
0.24473147518694766,35.46830652790918,24.65941343424787
0.28552005438477224,35.42100283822138,24.683065279091768
0.3263086335825969,35.44465468306528,24.683065279091768
0.3670972127804215,35.44465468306528,24.683065279091768
0.4078857919782461,35.44465468306528,24.683065279091768
0.4486743711760707,35.44465468306528,24.683065279091768
0.4894629503738953,35.46830652790918,24.683065279091768
0.53025152957172,35.491958372753075,24.683065279091768
0.5710401087695445,35.491958372753075,24.683065279091768
0.6118286879673691,35.53926206244087,24.65941343424787
0.6526172671651937,35.53926206244087,24.65941343424787
0.6934058463630184,35.53926206244087,24.65941343424787
0.734194425560843,35.562913907284766,24.65941343424787
0.7749830047586675,35.586565752128664,24.65941343424787
0.8157715839564922,35.586565752128664,24.65941343424787
0.8565601631543168,35.586565752128664,24.65941343424787
0.8973487423521413,35.586565752128664,24.65941343424787
0.938137321549966,35.586565752128664,24.65941343424787
0.9789259007477906,35.586565752128664,24.683065279091768
1.0197144799456153,35.586565752128664,24.683065279091768
1.06050305914344,35.586565752128664,24.683065279091768
1.1012916383412645,35.586565752128664,24.706717123935668
1.142080217539089,35.61021759697256,24.706717123935668
1.1828687967369136,35.61021759697256,24.706717123935668
1.2236573759347382,35.63386944181646,24.706717123935668
1.2644459551325629,35.63386944181646,24.730368968779565
1.3052345343303875,35.63386944181646,24.730368968779565
1.3460231135282121,35.63386944181646,24.730368968779565
1.3868116927260368,35.65752128666036,24.730368968779565
1.4276002719238614,35.68117313150426,24.730368968779565
1.468388851121686,35.75212866603595,24.706717123935668
1.5091774303195105,35.82308420056764,24.683065279091768
1.549966009517335,35.799432355723745,24.65941343424787
1.5907545887151597,35.89403973509934,24.58845789971618
1.6315431679129844,35.96499526963103,24.56480605487228
1.672331747110809,36.01229895931883,24.58845789971618
1.7131203263086336,36.01229895931883,24.56480605487228
1.7539089055064583,36.01229895931883,24.56480605487228
1.7946974847042827,36.01229895931883,24.54115421002838
1.8354860639021073,36.035950804162724,24.54115421002838
1.876274643099932,36.01229895931883,24.517502365184484
1.9170632222977566,36.035950804162724,24.54115421002838
1.9578518014955812,36.035950804162724,24.54115421002838
1.9986403806934059,36.05960264900662,24.493850520340587
2.0394289598912305,36.13055818353831,24.47019867549669
2.080217539089055,36.15421002838221,24.446546830652792
2.12100611828688,36.177861873226114,24.42289498580889
2.161794697484704,36.20151371807001,24.42289498580889
2.202583276682529,36.20151371807001,24.399243140964995
2.2433718558803535,36.248817407757805,24.375591296121097
2.284160435078178,36.2724692526017,24.375591296121097
2.3249490142760028,36.2724692526017,24.375591296121097
2.365737593473827,36.2724692526017,24.375591296121097
2.406526172671652,36.2724692526017,24.375591296121097
2.4473147518694764,36.2724692526017,24.375591296121097
2.4881033310673013,36.248817407757805,24.375591296121097
2.5288919102651257,36.248817407757805,24.399243140964995
2.5696804894629506,36.22516556291391,24.399243140964995
2.610469068660775,36.22516556291391,24.42289498580889
2.6512576478585994,36.13055818353831,24.446546830652792
2.6920462270564243,36.08325449385052,24.517502365184484
2.7328348062542487,36.05960264900662,24.517502365184484
2.7736233854520735,36.035950804162724,24.54115421002838
2.814411964649898,36.01229895931883,24.54115421002838
2.855200543847723,35.98864711447493,24.56480605487228
2.8959891230455472,36.01229895931883,24.56480605487228
2.936777702243372,35.98864711447493,24.58845789971618
2.9775662814411965,36.01229895931883,24.58845789971618
3.018354860639021,36.035950804162724,24.58845789971618
3.059143439836846,36.08325449385052,24.58845789971618
3.09993201903467,36.08325449385052,24.58845789971618
3.140720598232495,36.13055818353831,24.56480605487228
3.1815091774303195,36.177861873226114,24.56480605487228
3.2222977566281443,36.22516556291391,24.54115421002838
3.2630863358259687,36.248817407757805,24.54115421002838
3.303874915023793,36.2724692526017,24.54115421002838
3.344663494221618,36.248817407757805,24.517502365184484
3.3854520734194424,36.248817407757805,24.517502365184484
3.4262406526172673,36.2724692526017,24.56480605487228
3.4670292318150917,36.248817407757805,24.54115421002838
3.5078178110129166,36.22516556291391,24.54115421002838
3.548606390210741,36.20151371807001,24.58845789971618
3.5893949694085654,36.20151371807001,24.56480605487228
3.6301835486063903,36.177861873226114,24.56480605487228
3.6709721278042147,36.177861873226114,24.58845789971618
3.7117607070020395,36.20151371807001,24.56480605487228
3.752549286199864,36.248817407757805,24.56480605487228
3.793337865397689,36.2724692526017,24.56480605487228
3.834126444595513,36.2724692526017,24.56480605487228
3.874915023793338,36.2961210974456,24.54115421002838
3.9157036029911625,36.3197729422895,24.54115421002838
3.956492182188987,36.3197729422895,24.54115421002838
3.9972807613868118,36.343424787133394,24.54115421002838
4.038069340584636,36.3670766319773,24.517502365184484
4.078857919782461,36.390728476821195,24.517502365184484
4.119646498980286,36.43803216650899,24.517502365184484
4.16043507817811,36.50898770104068,24.493850520340587
4.201223657375935,36.485335856196784,24.47019867549669
4.24201223657376,36.53263954588458,24.47019867549669
4.282800815771584,36.53263954588458,24.47019867549669
4.323589394969408,36.53263954588458,24.47019867549669
4.364377974167233,36.53263954588458,24.47019867549669
4.405166553365058,36.53263954588458,24.47019867549669
4.445955132562882,36.53263954588458,24.47019867549669
4.486743711760707,36.50898770104068,24.47019867549669
4.527532290958532,36.485335856196784,24.493850520340587
4.568320870156356,36.46168401135289,24.517502365184484
4.609109449354181,36.46168401135289,24.54115421002838
4.6498980285520055,36.46168401135289,24.517502365184484
4.69068660774983,36.46168401135289,24.517502365184484
4.731475186947654,36.46168401135289,24.517502365184484
4.772263766145479,36.46168401135289,24.517502365184484
4.813052345343304,36.485335856196784,24.517502365184484
4.853840924541129,36.485335856196784,24.517502365184484
4.894629503738953,36.485335856196784,24.517502365184484
4.935418082936778,36.50898770104068,24.493850520340587
4.976206662134603,36.53263954588458,24.47019867549669
5.016995241332427,36.57994323557237,24.446546830652792
5.057783820530251,36.60359508041627,24.399243140964995
5.098572399728076,36.62724692526017,24.375591296121097
5.139360978925901,36.698202459791865,24.375591296121097
5.180149558123725,36.698202459791865,24.375591296121097
5.22093813732155,36.698202459791865,24.328287606433303
5.261726716519375,36.698202459791865,24.328287606433303
5.302515295717199,36.67455061494797,24.328287606433303
5.343303874915024,36.67455061494797,24.3519394512772
5.3840924541128485,36.650898770104064,24.3519394512772
5.424881033310673,36.62724692526017,24.375591296121097
5.465669612508497,36.62724692526017,24.375591296121097
5.506458191706322,36.57994323557237,24.375591296121097
5.547246770904147,36.57994323557237,24.375591296121097
5.588035350101971,36.556291390728475,24.375591296121097
5.628823929299796,36.556291390728475,24.375591296121097
5.669612508497621,36.53263954588458,24.375591296121097
5.710401087695446,36.53263954588458,24.375591296121097
5.75118966689327,36.53263954588458,24.375591296121097
5.7919782460910945,36.53263954588458,24.399243140964995
5.832766825288919,36.50898770104068,24.399243140964995
5.873555404486744,36.485335856196784,24.399243140964995
5.914343983684568,36.485335856196784,24.399243140964995
5.955132562882393,36.46168401135289,24.446546830652792
5.995921142080218,36.41438032166509,24.493850520340587
6.036709721278042,36.343424787133394,24.54115421002838
6.077498300475867,36.3197729422895,24.56480605487228
6.118286879673692,36.3197729422895,24.58845789971618
6.159075458871516,36.3197729422895,24.58845789971618
6.19986403806934,36.3197729422895,24.58845789971618
6.240652617267165,36.3197729422895,24.58845789971618
6.28144119646499,36.3197729422895,24.58845789971618
6.322229775662814,36.3197729422895,24.58845789971618
6.363018354860639,36.3197729422895,24.612109744560076
6.403806934058464,36.343424787133394,24.612109744560076
6.444595513256289,36.3670766319773,24.612109744560076
6.485384092454113,36.3670766319773,24.612109744560076
6.5261726716519375,36.3670766319773,24.612109744560076
6.566961250849762,36.3670766319773,24.612109744560076
6.607749830047586,36.390728476821195,24.612109744560076
6.648538409245411,36.41438032166509,24.612109744560076
6.689326988443236,36.43803216650899,24.58845789971618
6.730115567641061,36.485335856196784,24.56480605487228
6.770904146838885,36.53263954588458,24.56480605487228
6.81169272603671,36.53263954588458,24.54115421002838
6.852481305234535,36.556291390728475,24.54115421002838
6.8932698844323586,36.556291390728475,24.517502365184484
6.934058463630183,36.57994323557237,24.517502365184484
6.974847042828008,36.57994323557237,24.493850520340587
7.015635622025833,36.60359508041627,24.47019867549669
7.056424201223657,36.60359508041627,24.446546830652792
7.097212780421482,36.62724692526017,24.446546830652792
7.138001359619307,36.60359508041627,24.446546830652792
7.178789938817131,36.650898770104064,24.446546830652792
7.219578518014956,36.62724692526017,24.47019867549669
7.2603670972127805,36.60359508041627,24.47019867549669
7.301155676410605,36.57994323557237,24.493850520340587
7.341944255608429,36.556291390728475,24.517502365184484
7.382732834806254,36.50898770104068,24.517502365184484
7.423521414004079,36.46168401135289,24.54115421002838
7.464309993201904,36.43803216650899,24.612109744560076
7.505098572399728,36.43803216650899,24.635761589403973
7.545887151597553,36.390728476821195,24.65941343424787
7.586675730795378,36.3670766319773,24.683065279091768
7.627464309993202,36.343424787133394,24.706717123935668
7.668252889191026,36.2961210974456,24.706717123935668
7.709041468388851,36.2724692526017,24.730368968779565
7.749830047586676,36.248817407757805,24.754020813623463
7.7906186267845,36.22516556291391,24.77767265846736
7.831407205982325,36.22516556291391,24.77767265846736
7.87219578518015,36.22516556291391,24.801324503311257
7.912984364377974,36.20151371807001,24.824976348155158
7.953772943575799,36.20151371807001,24.824976348155158
7.9945615227736235,36.177861873226114,24.824976348155158
8.035350101971448,36.177861873226114,24.848628192999055
8.076138681169272,36.20151371807001,24.848628192999055
8.116927260367097,36.20151371807001,24.824976348155158
8.157715839564922,36.22516556291391,24.824976348155158
8.198504418762747,36.2724692526017,24.801324503311257
8.239292997960572,36.2961210974456,24.801324503311257
8.280081577158395,36.343424787133394,24.801324503311257
8.32087015635622,36.3670766319773,24.801324503311257
8.361658735554045,36.390728476821195,24.801324503311257
8.40244731475187,36.41438032166509,24.77767265846736
8.443235893949694,36.46168401135289,24.77767265846736
8.48402447314752,36.43803216650899,24.77767265846736
8.524813052345344,36.41438032166509,24.77767265846736
8.565601631543167,36.43803216650899,24.77767265846736
8.606390210740992,36.43803216650899,24.801324503311257
8.647178789938817,36.390728476821195,24.824976348155158
8.687967369136642,36.343424787133394,24.848628192999055
8.728755948334467,36.3197729422895,24.872280037842952
8.769544527532291,36.2961210974456,24.872280037842952
8.810333106730116,36.2961210974456,24.89593188268685
8.85112168592794,36.3197729422895,24.89593188268685
8.891910265125764,36.343424787133394,24.872280037842952
8.932698844323589,36.3197729422895,24.872280037842952
8.973487423521414,36.3670766319773,24.872280037842952
9.014276002719239,36.41438032166509,24.824976348155158
9.055064581917064,36.43803216650899,24.801324503311257
9.095853161114889,36.46168401135289,24.77767265846736
9.136641740312712,36.485335856196784,24.77767265846736
9.177430319510536,36.50898770104068,24.754020813623463
9.218218898708361,36.53263954588458,24.730368968779565
9.259007477906186,36.556291390728475,24.730368968779565
9.299796057104011,36.57994323557237,24.706717123935668
9.340584636301836,36.62724692526017,24.683065279091768
9.38137321549966,36.650898770104064,24.683065279091768
9.422161794697486,36.67455061494797,24.635761589403973
9.462950373895309,36.72185430463576,24.612109744560076
9.503738953093134,36.76915799432356,24.612109744560076
9.544527532290958,36.792809839167454,24.58845789971618
9.585316111488783,36.81646168401135,24.58845789971618
9.626104690686608,36.81646168401135,24.56480605487228
9.666893269884433,36.81646168401135,24.56480605487228
9.707681849082258,36.84011352885525,24.56480605487228
9.748470428280081,36.84011352885525,24.56480605487228
9.789259007477906,36.81646168401135,24.56480605487228
9.83004758667573,36.81646168401135,24.56480605487228
9.870836165873556,36.792809839167454,24.58845789971618
9.91162474507138,36.792809839167454,24.58845789971618
9.952413324269205,36.72185430463576,24.612109744560076
9.99320190346703,36.698202459791865,24.612109744560076
10.033990482664853,36.72185430463576,24.635761589403973
10.074779061862678,36.72185430463576,24.65941343424787
10.115567641060503,36.698202459791865,24.65941343424787
10.156356220258328,36.67455061494797,24.65941343424787
10.197144799456153,36.72185430463576,24.65941343424787
10.237933378653977,36.76915799432356,24.65941343424787
10.278721957851802,36.792809839167454,24.65941343424787
10.319510537049625,36.81646168401135,24.65941343424787
10.36029911624745,36.81646168401135,24.635761589403973
10.401087695445275,36.86376537369915,24.612109744560076
10.4418762746431,36.86376537369915,24.612109744560076
10.482664853840925,36.88741721854305,24.58845789971618
10.52345343303875,36.88741721854305,24.58845789971618
10.564242012236575,36.88741721854305,24.58845789971618
10.605030591434398,36.88741721854305,24.58845789971618
10.645819170632222,36.88741721854305,24.58845789971618
10.686607749830047,36.88741721854305,24.58845789971618
10.727396329027872,36.81646168401135,24.612109744560076
10.768184908225697,36.792809839167454,24.612109744560076
10.808973487423522,36.792809839167454,24.612109744560076
10.849762066621347,36.792809839167454,24.612109744560076
10.89055064581917,36.792809839167454,24.612109744560076
10.931339225016995,36.792809839167454,24.612109744560076
10.97212780421482,36.81646168401135,24.612109744560076
11.012916383412644,36.81646168401135,24.58845789971618
11.05370496261047,36.84011352885525,24.58845789971618
11.094493541808294,36.84011352885525,24.58845789971618
11.135282121006119,36.84011352885525,24.58845789971618
11.176070700203942,36.84011352885525,24.58845789971618
11.216859279401767,36.84011352885525,24.58845789971618
11.257647858599592,36.84011352885525,24.58845789971618
11.298436437797417,36.84011352885525,24.58845789971618
11.339225016995242,36.81646168401135,24.612109744560076
11.380013596193066,36.792809839167454,24.635761589403973
11.420802175390891,36.74550614947966,24.635761589403973
11.461590754588714,36.74550614947966,24.635761589403973
11.50237933378654,36.74550614947966,24.635761589403973
11.543167912984364,36.72185430463576,24.65941343424787
11.583956492182189,36.74550614947966,24.65941343424787
11.624745071380014,36.74550614947966,24.65941343424787
11.665533650577839,36.74550614947966,24.65941343424787
11.706322229775664,36.76915799432356,24.65941343424787
11.747110808973488,36.74550614947966,24.65941343424787
11.787899388171311,36.72185430463576,24.683065279091768
11.828687967369136,36.698202459791865,24.683065279091768
11.869476546566961,36.67455061494797,24.683065279091768
11.910265125764786,36.650898770104064,24.706717123935668
11.95105370496261,36.62724692526017,24.706717123935668
11.991842284160436,36.62724692526017,24.730368968779565
12.03263086335826,36.57994323557237,24.730368968779565
12.073419442556084,36.57994323557237,24.730368968779565
12.114208021753909,36.556291390728475,24.754020813623463
12.154996600951733,36.53263954588458,24.754020813623463
12.195785180149558,36.53263954588458,24.754020813623463
12.236573759347383,36.50898770104068,24.754020813623463
12.277362338545208,36.50898770104068,24.754020813623463
12.318150917743033,36.50898770104068,24.754020813623463
12.358939496940856,36.50898770104068,24.754020813623463
12.39972807613868,36.50898770104068,24.754020813623463
12.440516655336506,36.50898770104068,24.730368968779565
12.48130523453433,36.556291390728475,24.730368968779565
12.522093813732155,36.556291390728475,24.730368968779565
12.56288239292998,36.57994323557237,24.730368968779565
12.603670972127805,36.57994323557237,24.730368968779565
12.644459551325628,36.60359508041627,24.730368968779565
12.685248130523453,36.62724692526017,24.706717123935668
12.726036709721278,36.650898770104064,24.706717123935668
12.766825288919103,36.67455061494797,24.706717123935668
12.807613868116928,36.698202459791865,24.706717123935668
12.848402447314752,36.72185430463576,24.706717123935668
12.889191026512577,36.76915799432356,24.683065279091768
12.9299796057104,36.792809839167454,24.635761589403973
12.970768184908225,36.792809839167454,24.612109744560076
13.01155676410605,36.81646168401135,24.612109744560076
13.052345343303875,36.81646168401135,24.612109744560076
13.0931339225017,36.81646168401135,24.612109744560076
13.133922501699525,36.81646168401135,24.612109744560076
13.17471108089735,36.84011352885525,24.612109744560076
13.215499660095173,36.84011352885525,24.58845789971618
13.256288239292997,36.86376537369915,24.58845789971618
13.297076818490822,36.88741721854305,24.58845789971618
13.337865397688647,36.88741721854305,24.56480605487228
13.378653976886472,36.934720908230844,24.56480605487228
13.419442556084297,36.98202459791864,24.54115421002838
13.460231135282122,37.05298013245033,24.493850520340587
13.501019714479945,37.07663197729423,24.47019867549669
13.54180829367777,37.07663197729423,24.47019867549669
13.582596872875595,37.100283822138124,24.47019867549669
13.62338545207342,37.100283822138124,24.47019867549669
13.664174031271244,37.07663197729423,24.493850520340587
13.70496261046907,37.07663197729423,24.493850520340587
13.745751189666894,37.05298013245033,24.493850520340587
13.786539768864717,37.02932828760643,24.517502365184484
13.827328348062542,37.005676442762535,24.54115421002838
13.868116927260367,36.98202459791864,24.54115421002838
13.908905506458192,36.95837275307474,24.56480605487228
13.949694085656017,36.934720908230844,24.56480605487228
13.990482664853841,36.91106906338695,24.58845789971618
14.031271244051666,36.91106906338695,24.58845789971618
14.07205982324949,36.88741721854305,24.58845789971618
14.112848402447314,36.88741721854305,24.612109744560076
14.153636981645139,36.86376537369915,24.612109744560076
14.194425560842964,36.86376537369915,24.635761589403973
14.235214140040789,36.86376537369915,24.635761589403973
14.276002719238614,36.86376537369915,24.65941343424787
14.316791298436438,36.86376537369915,24.65941343424787
14.357579877634262,36.86376537369915,24.65941343424787
14.398368456832086,36.88741721854305,24.65941343424787
14.439157036029911,36.88741721854305,24.635761589403973
14.479945615227736,36.88741721854305,24.635761589403973
14.520734194425561,36.88741721854305,24.612109744560076
14.561522773623386,36.88741721854305,24.612109744560076
14.60231135282121,36.88741721854305,24.612109744560076
14.643099932019036,36.86376537369915,24.612109744560076
14.683888511216859,36.84011352885525,24.635761589403973
14.724677090414684,36.84011352885525,24.635761589403973
14.765465669612508,36.792809839167454,24.635761589403973
14.806254248810333,36.76915799432356,24.65941343424787
14.847042828008158,36.74550614947966,24.65941343424787
14.887831407205983,36.72185430463576,24.683065279091768
14.928619986403808,36.698202459791865,24.706717123935668
14.969408565601631,36.67455061494797,24.706717123935668
15.010197144799456,36.650898770104064,24.706717123935668
15.05098572399728,36.650898770104064,24.730368968779565
15.091774303195105,36.62724692526017,24.754020813623463
15.13256288239293,36.60359508041627,24.754020813623463
15.173351461590755,36.57994323557237,24.754020813623463
15.21414004078858,36.57994323557237,24.754020813623463
15.254928619986403,36.556291390728475,24.754020813623463
15.295717199184228,36.556291390728475,24.754020813623463
15.336505778382053,36.556291390728475,24.754020813623463
15.377294357579878,36.53263954588458,24.77767265846736
15.418082936777703,36.53263954588458,24.77767265846736
15.458871515975527,36.53263954588458,24.77767265846736
15.499660095173352,36.556291390728475,24.77767265846736
15.540448674371175,36.556291390728475,24.77767265846736
15.581237253569,36.556291390728475,24.77767265846736
15.622025832766825,36.556291390728475,24.77767265846736
15.66281441196465,36.556291390728475,24.77767265846736
15.703602991162475,36.57994323557237,24.77767265846736
15.7443915703603,36.57994323557237,24.801324503311257
15.785180149558125,36.57994323557237,24.801324503311257
15.825968728755948,36.57994323557237,24.77767265846736
15.866757307953772,36.57994323557237,24.824976348155158
15.907545887151597,36.62724692526017,24.824976348155158
15.948334466349422,36.67455061494797,24.848628192999055
15.989123045547247,36.72185430463576,24.872280037842952
16.029911624745072,36.76915799432356,25.037842951750235
16.070700203942895,36.84011352885525,25.203405865657523
16.11148878314072,36.91106906338695,25.392620624408703
16.152277362338545,36.98202459791864,25.558183538315987
16.19306594153637,37.02932828760643,25.77105014191107
16.233854520734194,37.07663197729423,25.912961210974455
16.274643099932018,37.100283822138124,26.17313150425733
16.315431679129844,37.100283822138124,26.338694418164618
16.356220258327667,37.12393566698202,26.551561021759696
16.397008837525494,37.12393566698202,26.788079470198674
16.437797416723317,37.147587511825925,27.000946073793756
16.478585995921144,37.12393566698202,27.19016083254494
16.519374575118967,37.12393566698202,27.37937559129612
16.56016315431679,37.12393566698202,27.521286660359507
16.600951733514616,37.12393566698202,27.73415326395459
16.64174031271244,37.100283822138124,28.04162724692526
16.682528891910266,37.05298013245033,28.207190160832546
16.72331747110809,37.02932828760643,28.37275307473983
16.764106050305916,37.02932828760643,28.58561967833491
16.80489462950374,37.005676442762535,28.751182592242195
16.845683208701562,37.005676442762535,28.89309366130558
16.88647178789939,37.005676442762535,28.987701040681173
16.92726036709721,37.005676442762535,29.224219489120152
16.96804894629504,37.005676442762535,29.342478713339638
17.00883752549286,37.005676442762535,29.508041627246925
17.049626104690688,37.005676442762535,29.673604541154212
17.09041468388851,37.02932828760643,29.839167455061492
17.131203263086334,37.02932828760643,29.981078524124882
17.17199184228416,37.02932828760643,30.09933774834437
17.212780421481984,37.05298013245033,30.21759697256386
17.25356900067981,37.07663197729423,30.359508041627247
17.294357579877634,37.100283822138124,30.383159886471145
17.33514615907546,37.19489120151372,30.477767265846737
17.375934738273283,37.242194891201514,30.596026490066226
17.416723317471106,37.242194891201514,30.66698202459792
17.457511896668933,37.26584673604541,30.737937559129612
17.498300475866756,37.26584673604541,30.8325449385052
17.539089055064583,37.26584673604541,30.927152317880797
17.579877634262406,37.26584673604541,31.116367076631978
17.620666213460233,37.242194891201514,31.21097445600757
17.661454792658056,37.242194891201514,31.30558183538316
17.70224337185588,37.242194891201514,31.42384105960265
17.743031951053705,37.21854304635762,31.565752128666034
17.78382053025153,37.19489120151372,31.66035950804163
17.824609109449355,37.17123935666982,31.802270577105013
17.865397688647178,37.17123935666982,31.920529801324506
17.906186267845005,37.100283822138124,31.991485335856197
17.946974847042828,36.86376537369915,32.086092715231786
17.98776342624065,36.57994323557237,32.228003784295176
18.028552005438478,36.41438032166509,32.322611163670764
18.0693405846363,35.941343424787135,32.39356669820246
18.110129163834127,35.51561021759697,32.464522232734154
18.15091774303195,35.16083254493851,32.51182592242195
18.191706322229777,34.71144749290445,32.55912961210974
18.2324949014276,34.30936613055818,32.60643330179754
18.273283480625423,33.95458845789972,32.65373699148533
18.31407205982325,33.599810785241246,32.70104068117313
18.354860639021073,33.41059602649007,32.74834437086093
18.3956492182189,33.292336802270576,32.81929990539262
18.436437797416723,32.369914853358566,32.89025543992432
18.47722637661455,32.157048249763484,32.93755912961211
18.518014955812372,31.920529801324506,32.984862819299906
18.5588035350102,31.6603595080416,33.055818353831604
18.599592114208022,31.329233680227055,33.10312204351939
18.640380693405845,31.140018921475875,33.150425733207186
18.68116927260367,30.8325449385052,33.19772942289499
18.721957851801495,30.619678334910123,33.292336802270576
18.76274643099932,30.501419110690634,33.363292336802274
18.803535010197145,29.957426679280985,33.41059602649007
18.84432358939497,29.815515610217574,33.45789971617787
18.885112168592794,29.55534531693472,33.528855250709555
18.925900747790617,29.295175023651844,33.62346263008514
18.966689326988444,29.082308420056762,33.71807000946074
19.007477906186267,28.964049195837276,33.76537369914853
19.048266485384094,28.774834437086092,33.78902554399243
19.089055064581917,28.56196783349101,33.81267738883633
19.129843643779743,28.420056764427624,33.836329233680225
19.170632222977567,28.301797540208135,33.883632923368026
19.21142080217539,28.112582781456954,33.93093661305582
19.252209381373216,27.994323557237465,33.978240302743615
19.29299796057104,27.80510879848628,34.049195837275306
19.333786539768866,27.639545884578997,34.0964995269631
19.37457511896669,27.473982970671713,34.143803216650895
19.415363698164516,27.332071901608327,34.191106906338696
19.45615227736234,27.19016083254494,34.23841059602649
19.496940856560162,27.07190160832545,34.285714285714285
19.53772943575799,26.95364238410596,34.33301797540208
19.57851801495581,26.906338694418164,34.35666982024598
19.619306594153638,26.788079470198674,34.35666982024598
19.66009517335146,26.693472090823086,34.38032166508988
19.700883752549288,26.598864711447494,34.427625354777675
19.74167233174711,26.5279091769158,34.45127719962157
19.782460910944934,26.456953642384107,34.47492904446547
19.82324949014276,26.338694418164618,34.52223273415326
19.864038069340584,26.267738883632923,34.54588457899716
19.90482664853841,26.149479659413434,34.593188268684955
19.945615227736234,26.031220435193944,34.64049195837275
19.98640380693406,25.889309366130558,34.71144749290445
20.027192386131883,25.74739829706717,34.735099337748345
20.067980965329706,25.581835383159888,34.78240302743614
20.108769544527533,25.558183538315987,34.82970671712393
20.149558123725356,25.510879848628193,34.90066225165563
20.190346702923183,25.368968779564806,34.92431409649953
20.231135282121006,25.34531693472091,34.947965941343426
20.271923861318832,25.29801324503311,34.97161778618732
20.312712440516655,25.274361400189214,34.99526963103122
20.35350101971448,25.179754020813622,35.01892147587512
20.394289598912305,25.132450331125828,35.06622516556291
20.43507817811013,25.10879848628193,35.08987701040681
20.475866757307955,25.061494796594133,35.113528855250706
20.516655336505778,25.037842951750235,35.1371807000946
20.557443915703605,24.99053926206244,35.16083254493851
20.598232494901428,24.943235572374647,35.16083254493851
20.63902107409925,24.89593188268685,35.184484389782405
20.679809653297077,24.872280037842952,35.2317880794702
20.7205982324949,24.848628192999055,35.255439924314096
20.761386811692727,24.824976348155158,35.27909176915799
20.80217539089055,24.77767265846736,35.30274361400189
20.842963970088377,24.77767265846736,35.30274361400189
20.8837525492862,24.77767265846736,35.32639545884579
20.924541128484023,24.730368968779565,35.35004730368969
20.96532970768185,24.706717123935668,35.35004730368969
21.006118286879673,24.683065279091768,35.37369914853359
21.0469068660775,24.683065279091768,35.397350993377486
21.087695445275322,24.65941343424787,35.44465468306528
21.12848402447315,24.635761589403973,35.46830652790918
21.169272603670972,24.58845789971618,35.51561021759697
21.210061182868795,24.54115421002838,35.53926206244087
21.250849762066622,24.47019867549669,35.562913907284766
21.291638341264445,24.3519394512772,35.63386944181646
21.33242692046227,24.23368022705771,35.704824976348156
21.373215499660095,24.186376537369913,35.728476821192054
21.41400407885792,24.162724692526016,35.75212866603595
21.454792658055744,24.11542100283822,35.799432355723745
21.495581237253568,24.091769157994325,35.84673604541155
21.536369816451394,24.068117313150427,35.870387890255444
21.577158395649217,24.02081362346263,35.91769157994324
21.617946974847044,23.90255439924314,35.96499526963103
21.658735554044867,23.878902554399243,36.01229895931883
21.699524133242694,23.83159886471145,36.05960264900662
21.740312712440517,23.78429517502365,36.08325449385052
21.78110129163834,23.78429517502365,36.106906338694415
21.821889870836166,23.760643330179754,36.13055818353831
21.86267845003399,23.760643330179754,36.15421002838221
21.903467029231816,23.760643330179754,36.177861873226114
21.94425560842964,23.760643330179754,36.177861873226114
21.985044187627466,23.760643330179754,36.20151371807001
22.02583276682529,23.760643330179754,36.20151371807001
22.066621346023112,23.760643330179754,36.20151371807001
22.10740992522094,23.760643330179754,36.22516556291391
22.14819850441876,23.760643330179754,36.22516556291391
22.18898708361659,23.807947019867548,36.22516556291391
22.22977566281441,23.83159886471145,36.22516556291391
22.270564242012238,23.83159886471145,36.22516556291391
22.31135282121006,23.83159886471145,36.22516556291391
22.352141400407884,23.855250709555346,36.248817407757805
22.39292997960571,23.855250709555346,36.248817407757805
22.433718558803534,23.83159886471145,36.2724692526017
22.47450713800136,23.83159886471145,36.2724692526017
22.515295717199184,23.83159886471145,36.2961210974456
22.55608429639701,23.78429517502365,36.3197729422895
22.596872875594833,23.78429517502365,36.3197729422895
22.637661454792656,23.760643330179754,36.343424787133394
22.678450033990483,23.736991485335857,36.3670766319773
22.719238613188306,23.71333964049196,36.390728476821195
22.760027192386133,23.689687795648062,36.41438032166509
22.800815771583956,23.618732261116367,36.43803216650899
22.841604350781783,23.59508041627247,36.43803216650899
22.882392929979606,23.500473036896878,36.485335856196784
22.92318150917743,23.47682119205298,36.556291390728475
22.963970088375255,23.453169347209084,36.556291390728475
23.00475866757308,23.405865657521286,36.57994323557237
23.045547246770905,23.429517502365183,36.57994323557237
23.086335825968728,23.429517502365183,36.60359508041627
23.127124405166555,23.405865657521286,36.62724692526017
23.167912984364378,23.453169347209084,36.62724692526017
23.2087015635622,23.500473036896878,36.62724692526017
23.249490142760028,23.524124881740775,36.62724692526017
23.29027872195785,23.571428571428573,36.60359508041627
23.331067301155677,23.547776726584672,36.60359508041627
23.3718558803535,23.59508041627247,36.60359508041627
23.412644459551327,23.59508041627247,36.60359508041627
23.45343303874915,23.59508041627247,36.60359508041627
23.494221617946977,23.595080416272474,36.60359508041627
23.5350101971448,23.618732261116367,36.60359508041627
23.575798776342623,23.618732261116367,36.62724692526017
23.61658735554045,23.59508041627247,36.62724692526017
23.657375934738273,23.59508041627247,36.650898770104064
23.6981645139361,23.571428571428573,36.650898770104064
23.738953093133922,23.547776726584672,36.650898770104064
23.77974167233175,23.524124881740775,36.67455061494797
23.820530251529572,23.524124881740775,36.67455061494797
23.861318830727395,23.524124881740775,36.67455061494797
23.90210740992522,23.524124881740775,36.67455061494797
23.942895989123045,23.524124881740775,36.67455061494797
23.98368456832087,23.547776726584672,36.67455061494797
24.024473147518695,23.618732261116367,36.650898770104064
24.06526172671652,23.618732261116367,36.62724692526017
24.106050305914344,23.618732261116367,36.62724692526017
24.146838885112167,23.618732261116367,36.62724692526017
24.187627464309994,23.642384105960264,36.62724692526017
24.228416043507817,23.642384105960264,36.62724692526017
24.269204622705644,23.66603595080416,36.62724692526017
24.309993201903467,23.66603595080416,36.62724692526017
24.350781781101293,23.666035950804165,36.62724692526017
24.391570360299117,23.689687795648062,36.60359508041627
24.43235893949694,23.78429517502365,36.60359508041627
24.473147518694766,23.78429517502365,36.57994323557237
24.51393609789259,23.807947019867548,36.556291390728475
24.554724677090416,23.878902554399243,36.53263954588458
24.59551325628824,23.90255439924314,36.50898770104068
24.636301835486066,23.926206244087037,36.485335856196784
24.67709041468389,23.949858088930938,36.485335856196784
24.717878993881712,23.90255439924314,36.485335856196784
24.75866757307954,23.926206244087037,36.485335856196784
24.79945615227736,23.926206244087037,36.485335856196784
24.840244731475188,23.878902554399243,36.50898770104068
24.88103331067301,23.90255439924314,36.50898770104068
24.921821889870838,23.855250709555346,36.53263954588458
24.96261046906866,23.855250709555346,36.53263954588458
25.003399048266484,23.83159886471145,36.53263954588458
25.04418762746431,23.83159886471145,36.556291390728475
25.084976206662134,23.83159886471145,36.556291390728475
25.12576478585996,23.807947019867548,36.57994323557237
25.166553365057784,23.83159886471145,36.57994323557237
25.20734194425561,23.83159886471145,36.57994323557237
25.248130523453433,23.83159886471145,36.60359508041627
25.288919102651256,23.78429517502365,36.60359508041627
25.329707681849083,23.760643330179754,36.62724692526017
25.370496261046906,23.736991485335857,36.62724692526017
25.411284840244733,23.736991485335857,36.650898770104064
25.452073419442556,23.71333964049196,36.650898770104064
25.492861998640382,23.642384105960264,36.67455061494797
25.533650577838205,23.66603595080416,36.698202459791865
25.57443915703603,23.66603595080416,36.698202459791865
25.615227736233855,23.66603595080416,36.698202459791865
25.65601631543168,23.66603595080416,36.72185430463576
25.696804894629505,23.66603595080416,36.72185430463576
25.737593473827328,23.66603595080416,36.74550614947966
25.778382053025155,23.66603595080416,36.74550614947966
25.819170632222978,23.642384105960264,36.74550614947966
25.8599592114208,23.642384105960264,36.74550614947966
25.900747790618627,23.66603595080416,36.76915799432356
25.94153636981645,23.642384105960264,36.76915799432356
25.982324949014277,23.66603595080416,36.76915799432356
26.0231135282121,23.66603595080416,36.76915799432356
26.063902107409927,23.66603595080416,36.76915799432356
26.10469068660775,23.689687795648062,36.76915799432356
26.145479265805573,23.689687795648062,36.76915799432356
26.1862678450034,23.66603595080416,36.792809839167454
26.227056424201223,23.66603595080416,36.792809839167454
26.26784500339905,23.66603595080416,36.792809839167454
26.308633582596872,23.66603595080416,36.792809839167454
26.3494221617947,23.66603595080416,36.792809839167454
26.390210740992522,23.642384105960264,36.792809839167454
26.430999320190345,23.66603595080416,36.792809839167454
26.471787899388172,23.689687795648062,36.792809839167454
26.512576478585995,23.689687795648062,36.792809839167454
26.55336505778382,23.71333964049196,36.792809839167454
26.594153636981645,23.760643330179754,36.76915799432356
26.63494221617947,23.760643330179754,36.76915799432356
26.675730795377294,23.760643330179754,36.76915799432356
26.716519374575117,23.760643330179754,36.74550614947966
26.757307953772944,23.760643330179754,36.76915799432356
26.798096532970767,23.736991485335857,36.76915799432356
26.838885112168594,23.760643330179754,36.76915799432356
26.879673691366417,23.760643330179754,36.792809839167454
26.920462270564244,23.760643330179754,36.76915799432356
26.961250849762067,23.760643330179754,36.76915799432356
27.00203942895989,23.807947019867548,36.74550614947966
27.042828008157716,23.855250709555346,36.74550614947966
27.08361658735554,23.90255439924314,36.72185430463576
27.124405166553366,23.90255439924314,36.72185430463576
27.16519374575119,23.90255439924314,36.72185430463576
27.205982324949016,23.878902554399243,36.72185430463576
27.24677090414684,23.90255439924314,36.74550614947966
27.287559483344662,23.855250709555346,36.74550614947966
27.32834806254249,23.807947019867548,36.74550614947966
27.36913664174031,23.807947019867548,36.76915799432356
27.40992522093814,23.78429517502365,36.76915799432356
27.45071380013596,23.760643330179754,36.792809839167454
27.491502379333788,23.71333964049196,36.81646168401135
27.53229095853161,23.66603595080416,36.81646168401135
27.573079537729434,23.66603595080416,36.84011352885525
27.61386811692726,23.642384105960264,36.84011352885525
27.654656696125084,23.618732261116367,36.86376537369915
27.69544527532291,23.571428571428573,36.86376537369915
27.736233854520734,23.571428571428573,36.88741721854305
27.77702243371856,23.571428571428573,36.88741721854305
27.817811012916383,23.571428571428573,36.91106906338695
27.858599592114206,23.547776726584672,36.91106906338695
27.899388171312033,23.524124881740775,36.934720908230844
27.940176750509856,23.500473036896878,36.934720908230844
27.980965329707683,23.453169347209084,36.98202459791864
28.021753908905506,23.405865657521286,37.005676442762535
28.062542488103333,23.405865657521286,37.02932828760643
28.103331067301156,23.38221381267739,37.05298013245033
28.14411964649898,23.287606433301796,37.05298013245033
28.184908225696805,23.240302743614002,37.07663197729423
28.22569680489463,23.2639545884579,37.07663197729423
28.266485384092455,23.287606433301796,37.100283822138124
28.307273963290278,23.287606433301796,37.100283822138124
28.348062542488105,23.216650898770105,37.100283822138124
28.388851121685928,23.2639545884579,37.07663197729423
28.42963970088375,23.334910122989594,37.07663197729423
28.470428280081578,23.35856196783349,37.05298013245033
28.5112168592794,23.38221381267739,37.05298013245033
28.552005438477227,23.405865657521286,37.05298013245033
28.59279401767505,23.405865657521286,37.02932828760643
28.633582596872877,23.429517502365183,37.05298013245033
28.6743711760707,23.429517502365183,37.05298013245033
28.715159755268523,23.429517502365183,37.02932828760643
28.75594833446635,23.405865657521286,37.02932828760643
28.796736913664173,23.405865657521286,37.05298013245033
28.837525492862,23.405865657521286,37.05298013245033
28.878314072059823,23.405865657521286,37.05298013245033
28.91910265125765,23.405865657521286,37.05298013245033
28.959891230455472,23.405865657521286,37.05298013245033
29.0006798096533,23.429517502365183,37.07663197729423
29.041468388851122,23.429517502365183,37.07663197729423
29.082256968048945,23.405865657521286,37.07663197729423
29.12304554724677,23.405865657521286,37.100283822138124
29.163834126444595,23.38221381267739,37.100283822138124
29.20462270564242,23.38221381267739,37.12393566698202
29.245411284840245,23.334910122989594,37.147587511825925
29.28619986403807,23.33491012298959,37.147587511825925
29.326988443235894,23.311258278145694,37.17123935666982
29.367777022433717,23.334910122989594,37.17123935666982
29.408565601631544,23.334910122989594,37.17123935666982
29.449354180829367,23.334910122989594,37.17123935666982
29.490142760027194,23.334910122989594,37.147587511825925
29.530931339225017,23.35856196783349,37.147587511825925
29.571719918422843,23.358561967833495,37.12393566698202
29.612508497620667,23.405865657521286,37.12393566698202
29.65329707681849,23.405865657521286,37.100283822138124
29.694085656016316,23.429517502365183,37.100283822138124
29.73487423521414,23.500473036896878,37.07663197729423
29.775662814411966,23.500473036896878,37.05298013245033
29.81645139360979,23.524124881740775,37.05298013245033
29.857239972807616,23.52412488174078,37.02932828760643
29.89802855200544,23.547776726584672,37.02932828760643
29.938817131203262,23.571428571428573,37.005676442762535
29.97960571040109,23.571428571428573,36.98202459791864
30.02039428959891,23.59508041627247,36.98202459791864
30.061182868796738,23.59508041627247,36.95837275307474
30.10197144799456,23.618732261116367,36.95837275307474
30.142760027192388,23.618732261116367,36.95837275307474
30.18354860639021,23.618732261116367,36.95837275307474
30.224337185588034,23.618732261116367,36.95837275307474
30.26512576478586,23.59508041627247,36.95837275307474
30.305914343983684,23.547776726584672,36.98202459791864
30.34670292318151,23.547776726584672,37.005676442762535
30.387491502379333,23.453169347209084,37.05298013245033
30.42828008157716,23.405865657521286,37.07663197729423
30.469068660774983,23.35856196783349,37.100283822138124
30.509857239972806,23.334910122989594,37.12393566698202
30.550645819170633,23.334910122989594,37.147587511825925
30.591434398368456,23.334910122989594,37.147587511825925
30.632222977566283,23.311258278145694,37.12393566698202
30.673011556764106,23.334910122989594,37.12393566698202
30.713800135961932,23.35856196783349,37.100283822138124
30.754588715159755,23.405865657521286,37.07663197729423
30.79537729435758,23.453169347209084,37.07663197729423
30.836165873555405,23.453169347209084,37.05298013245033
30.87695445275323,23.500473036896878,37.02932828760643
30.917743031951055,23.571428571428573,37.02932828760643
30.958531611148878,23.59508041627247,37.005676442762535
30.999320190346705,23.59508041627247,37.005676442762535
31.040108769544528,23.59508041627247,36.98202459791864
31.08089734874235,23.59508041627247,36.98202459791864
31.121685927940177,23.571428571428573,37.005676442762535
31.162474507138,23.547776726584672,37.005676442762535
31.203263086335827,23.524124881740775,37.005676442762535
31.24405166553365,23.524124881740775,37.02932828760643
31.284840244731477,23.524124881740775,37.02932828760643
31.3256288239293,23.500473036896878,37.02932828760643
31.366417403127123,23.47682119205298,37.03524124881741
31.40720598232495,23.453169347209084,37.04115421002838
31.447994561522773,23.453169347209084,37.047067171239355
31.4887831407206,23.453169347209084,37.05298013245033
31.529571719918422,23.453169347209084,37.07663197729423
31.57036029911625,23.453169347209084,37.05298013245033
31.611148878314072,23.453169347209084,37.05298013245033
31.651937457511895,23.47682119205298,37.05298013245033
31.692726036709722,23.500473036896878,37.05298013245033
31.733514615907545,23.524124881740775,37.02932828760643
31.77430319510537,23.547776726584672,37.02932828760643
31.815091774303195,23.571428571428573,36.98202459791864
31.85588035350102,23.66603595080416,36.95837275307474
31.896668932698844,23.689687795648062,36.934720908230844
31.937457511896667,23.71333964049196,36.934720908230844
31.978246091094494,23.71333964049196,36.934720908230844
32.01903467029232,23.736991485335857,36.934720908230844
32.059823249490144,23.736991485335857,36.934720908230844
32.10061182868797,23.736991485335857,36.95837275307474
32.14140040788579,23.736991485335857,36.95837275307474
32.18218898708362,23.736991485335857,36.95837275307475
32.22297756628144,23.736991485335857,36.98202459791864
32.263766145479266,23.760643330179754,36.98202459791864
32.30455472467709,23.78429517502365,36.95837275307474
32.34534330387491,23.807947019867548,36.95837275307474
32.38613188307274,23.83159886471145,36.934720908230844
32.426920462270566,23.855250709555346,36.934720908230844
32.46770904146839,23.878902554399243,36.91106906338695
32.50849762066621,23.878902554399243,36.91106906338695
32.549286199864035,23.855250709555346,36.91106906338695
32.590074779061865,23.83159886471145,36.934720908230844
32.63086335825969,23.807947019867548,36.934720908230844
32.67165193745751,23.807947019867548,36.934720908230844
32.712440516655334,23.807947019867548,36.95837275307474
32.753229095853165,23.78429517502365,36.95837275307474
32.79401767505099,23.736991485335857,36.95837275307474
32.83480625424881,23.760643330179754,36.95837275307474
32.875594833446634,23.78429517502365,36.95837275307474
32.91638341264446,23.760643330179754,36.95837275307474
32.95717199184229,23.78429517502365,36.95837275307474
32.99796057104011,23.807947019867548,36.95837275307474
33.03874915023793,23.78429517502365,36.934720908230844
33.079537729435756,23.807947019867548,36.934720908230844
33.12032630863358,23.807947019867548,36.934720908230844
33.16111488783141,23.78429517502365,36.91106906338695
33.20190346702923,23.736991485335857,36.91106906338695
33.242692046227056,23.736991485335857,36.934720908230844
33.28348062542488,23.71333964049196,36.934720908230844
33.32426920462271,23.71333964049196,36.934720908230844
33.36505778382053,23.71333964049196,36.934720908230844
33.405846363018355,23.71333964049196,36.95837275307474
33.44663494221618,23.71333964049196,36.95837275307474
33.487423521414,23.689687795648062,36.934720908230844
33.52821210061183,23.689687795648062,36.934720908230844
33.569000679809655,23.71333964049196,36.91106906338695
33.60978925900748,23.71333964049196,36.91106906338695
33.6505778382053,23.71333964049196,36.91106906338695
33.691366417403124,23.736991485335857,36.91106906338695
33.732154996600954,23.736991485335857,36.91106906338695
33.77294357579878,23.736991485335857,36.91106906338695
33.8137321549966,23.760643330179754,36.88741721854305
33.85452073419442,23.760643330179754,36.88741721854305
33.895309313392254,23.760643330179754,36.88741721854305
33.93609789259008,23.807947019867548,36.86376537369915
33.9768864717879,23.78429517502365,36.86376537369915
34.01767505098572,23.807947019867548,36.86376537369915
34.058463630183546,23.807947019867548,36.84011352885525
34.099252209381376,23.807947019867548,36.84011352885525
34.1400407885792,23.83159886471145,36.84011352885525
34.18082936777702,23.807947019867548,36.84011352885525
34.221617946974845,23.78429517502365,36.81646168401135
34.26240652617267,23.807947019867548,36.81646168401135
34.3031951053705,23.807947019867548,36.81646168401135
34.34398368456832,23.855250709555346,36.81646168401135
34.384772263766145,23.878902554399243,36.792809839167454
34.42556084296397,23.926206244087037,36.76915799432356
34.4663494221618,23.973509933774835,36.74550614947966
34.50713800135962,23.997161778618732,36.74550614947966
34.547926580557444,23.997161778618732,36.72185430463576
34.58871515975527,24.02081362346263,36.72185430463576
34.62950373895309,24.068117313150427,36.698202459791865
34.67029231815092,24.091769157994325,36.698202459791865
34.711080897348744,24.11542100283822,36.67455061494797
34.75186947654657,24.13907284768212,36.67455061494797
34.79265805574439,24.13907284768212,36.67455061494797
34.83344663494221,24.13907284768212,36.67455061494797
34.87423521414004,24.162724692526016,36.67455061494797
34.915023793337866,24.162724692526016,36.650898770104064
34.95581237253569,24.162724692526016,36.650898770104064
34.99660095173351,24.162724692526016,36.650898770104064
35.03738953093134,24.162724692526016,36.650898770104064
35.078178110129166,24.162724692526016,36.650898770104064
35.11896668932699,24.162724692526016,36.650898770104064
35.15975526852481,24.162724692526016,36.62724692526017
35.200543847722635,24.186376537369913,36.62724692526017
35.241332426920465,24.186376537369913,36.57994323557237
35.28212100611829,24.210028382213814,36.556291390728475
35.32290958531611,24.280983916745505,36.53263954588458
35.363698164513934,24.304635761589402,36.485335856196784
35.40448674371176,24.3519394512772,36.43803216650899
35.44527532290959,24.42289498580889,36.43803216650899
35.48606390210741,24.446546830652792,36.41438032166509
35.526852481305234,24.399243140964995,36.390728476821195
35.56764106050306,24.375591296121097,36.390728476821195
35.60842963970089,24.399243140964995,36.390728476821195
35.64921821889871,24.328287606433303,36.41438032166509
35.69000679809653,24.328287606433303,36.43803216650899
35.730795377294356,24.280983916745505,36.43803216650899
35.77158395649218,24.162724692526016,36.46168401135289
35.81237253569001,24.13907284768212,36.50898770104068
35.85316111488783,24.11542100283822,36.53263954588458
35.893949694085656,24.044465468306527,36.556291390728475
35.93473827328348,24.02081362346263,36.556291390728475
35.9755268524813,24.02081362346263,36.57994323557237
36.01631543167913,23.997161778618732,36.57994323557237
36.057104010876955,24.02081362346263,36.57994323557237
36.09789259007478,24.02081362346263,36.57994323557237
36.1386811692726,24.02081362346263,36.57994323557237
36.17946974847043,24.02081362346263,36.57994323557237
36.220258327668255,24.02081362346263,36.57994323557237
36.26104690686608,24.044465468306527,36.57994323557237
36.3018354860639,24.044465468306527,36.57994323557237
36.342624065261724,24.068117313150427,36.57994323557237
36.383412644459554,24.091769157994325,36.556291390728475
36.42420122365738,24.11542100283822,36.556291390728475
36.4649898028552,24.13907284768212,36.53263954588458
36.50577838205302,24.13907284768212,36.53263954588458
36.546566961250846,24.162724692526016,36.53263954588458
36.58735554044868,24.162724692526016,36.53263954588458
36.6281441196465,24.162724692526016,36.50898770104068
36.66893269884432,24.186376537369913,36.50898770104068
36.709721278042146,24.162724692526016,36.50898770104068
36.750509857239976,24.162724692526016,36.50898770104068
36.7912984364378,24.162724692526016,36.50898770104068
36.83208701563562,24.186376537369913,36.53263954588458
36.872875594833445,24.162724692526016,36.53263954588458
36.91366417403127,24.13907284768212,36.53263954588458
36.9544527532291,24.162724692526016,36.53263954588458
36.99524133242692,24.162724692526016,36.53263954588458
37.036029911624745,24.13907284768212,36.53263954588458
37.07681849082257,24.13907284768212,36.53263954588458
37.1176070700204,24.162724692526016,36.53263954588458
37.15839564921822,24.162724692526016,36.53263954588458
37.199184228416044,24.162724692526016,36.53263954588458
37.23997280761387,24.162724692526016,36.53263954588458
37.28076138681169,24.162724692526016,36.53263954588458
37.32154996600952,24.162724692526016,36.53263954588458
37.36233854520734,24.162724692526016,36.53263954588458
37.40312712440517,24.162724692526016,36.556291390728475
37.44391570360299,24.162724692526016,36.556291390728475
37.48470428280081,24.11542100283822,36.556291390728475
37.52549286199864,24.11542100283822,36.556291390728475
37.566281441196466,24.11542100283822,36.57994323557237
37.60707002039429,24.091769157994325,36.57994323557237
37.64785859959211,24.091769157994325,36.556291390728475
37.68864717878994,24.091769157994325,36.556291390728475
37.729435757987765,24.091769157994325,36.556291390728475
37.77022433718559,24.091769157994325,36.556291390728475
37.81101291638341,24.11542100283822,36.53263954588458
37.851801495581235,24.13907284768212,36.53263954588458
37.892590074779065,24.162724692526016,36.50898770104068
37.93337865397689,24.162724692526016,36.50898770104068
37.97416723317471,24.186376537369913,36.50898770104068
38.014955812372534,24.186376537369913,36.50898770104068
38.05574439157036,24.162724692526016,36.50898770104068
38.09653297076819,24.162724692526016,36.50898770104068
38.13732154996601,24.186376537369913,36.50898770104068
38.178110129163834,24.13907284768212,36.50898770104068
38.21889870836166,24.11542100283822,36.53263954588458
38.25968728755949,24.091769157994325,36.556291390728475
38.30047586675731,24.091769157994325,36.57994323557237
38.34126444595513,24.068117313150427,36.57994323557237
38.382053025152956,24.044465468306527,36.60359508041627
38.42284160435078,24.02081362346263,36.60359508041627
38.46363018354861,23.997161778618732,36.62724692526017
38.50441876274643,23.973509933774835,36.639072847682115
38.545207341944256,23.973509933774835,36.650898770104064
38.58599592114208,23.949858088930938,36.67455061494797
38.6267845003399,23.926206244087037,36.67455061494797
38.66757307953773,23.90255439924314,36.67455061494797
38.708361658735555,23.878902554399243,36.698202459791865
38.74915023793338,23.878902554399243,36.698202459791865
38.7899388171312,23.878902554399243,36.698202459791865
38.83072739632903,23.855250709555346,36.698202459791865
38.871515975526854,23.83159886471145,36.72185430463576
38.91230455472468,23.807947019867548,36.72185430463576
38.9530931339225,23.807947019867548,36.72185430463576
38.993881713120324,23.83159886471145,36.74550614947966
39.034670292318154,23.807947019867548,36.76915799432356
39.07545887151598,23.807947019867548,36.76915799432356
39.1162474507138,23.807947019867548,36.76915799432356
39.15703602991162,23.807947019867548,36.76915799432356
39.197824609109446,23.83159886471145,36.76127404604226
39.238613188307276,23.83159886471145,36.753390097760956
39.2794017675051,23.855250709555346,36.74550614947966
39.32019034670292,23.878902554399243,36.74550614947966
39.360978925900746,23.90255439924314,36.72185430463576
39.401767505098576,23.926206244087037,36.72185430463576
39.4425560842964,23.949858088930938,36.72185430463576
39.48334466349422,23.949858088930938,36.72185430463576
39.524133242692045,23.949858088930938,36.72185430463576
39.56492182188987,23.949858088930938,36.74550614947966
39.6057104010877,23.878902554399243,36.74550614947966
39.64649898028552,23.90255439924314,36.74550614947966
39.687287559483345,23.90255439924314,36.76915799432356
39.72807613868117,23.878902554399243,36.76915799432356
39.76886471787899,23.855250709555346,36.792809839167454
39.80965329707682,23.807947019867548,36.81646168401135
39.850441876274644,23.78429517502365,36.81646168401135
39.89123045547247,23.760643330179754,36.84011352885525
39.93201903467029,23.736991485335857,36.86376537369915
39.97280761386812,23.736991485335857,36.86376537369915
40.01359619306594,23.689687795648062,36.88741721854305
40.05438477226377,23.71333964049196,36.91106906338695
40.09517335146159,23.618732261116367,36.934720908230844
40.13596193065941,23.571428571428573,36.95837275307474
40.17675050985724,23.547776726584672,36.98202459791864
40.217539089055066,23.547776726584672,36.98202459791864
40.25832766825289,23.547776726584672,36.98202459791864
40.29911624745071,23.547776726584672,37.005676442762535
40.339904826648535,23.524124881740775,37.005676442762535
40.380693405846365,23.524124881740775,37.005676442762535
40.42148198504419,23.524124881740775,36.98202459791864
40.46227056424201,23.547776726584672,36.98202459791864
40.503059143439835,23.618732261116367,36.95837275307474
40.543847722637665,23.642384105960264,36.934720908230844
40.58463630183549,23.689687795648062,36.934720908230844
40.62542488103331,23.71333964049196,36.88741721854305
40.666213460231134,23.760643330179754,36.88741721854305
40.70700203942896,23.807947019867548,36.86376537369915
40.74779061862679,23.807947019867548,36.84011352885525
40.78857919782461,23.83159886471145,36.84011352885525
40.82936777702243,23.855250709555346,36.81646168401135
40.87015635622026,23.878902554399243,36.81646168401135
40.91094493541808,23.878902554399243,36.81646168401135
40.95173351461591,23.878902554399243,36.84011352885525
40.99252209381373,23.855250709555346,36.84011352885525
41.033310673011556,23.807947019867548,36.84011352885525
41.07409925220938,23.760643330179754,36.86376537369915
41.11488783140721,23.736991485335857,36.88741721854305
41.15567641060503,23.736991485335857,36.88741721854305
41.196464989802855,23.71333964049196,36.91106906338695
41.23725356900068,23.689687795648062,36.934720908230844
41.2780421481985,23.689687795648062,36.934720908230844
41.31883072739633,23.689687795648062,36.934720908230844
41.359619306594155,23.71333964049196,36.95837275307474
41.40040788579198,23.71333964049196,36.934720908230844
41.4411964649898,23.71333964049196,36.934720908230844
41.481985044187624,23.736991485335857,36.934720908230844
41.522773623385454,23.71333964049196,36.934720908230844
41.56356220258328,23.71333964049196,36.95837275307474
41.6043507817811,23.71333964049196,36.95837275307474
41.64513936097892,23.689687795648062,36.98202459791864
41.685927940176754,23.66603595080416,36.98202459791864
41.72671651937458,23.642384105960264,37.005676442762535
41.7675050985724,23.618732261116367,37.02932828760643
41.80829367777022,23.571428571428573,37.05298013245033
41.849082256968046,23.524124881740775,37.07663197729423
41.889870836165876,23.500473036896878,37.100283822138124
41.9306594153637,23.500473036896878,37.12393566698202
41.97144799456152,23.500473036896878,37.12393566698202
42.012236573759346,23.47682119205298,37.100283822138124
42.053025152957176,23.524124881740782,37.07663197729422
42.093813732155,23.571428571428573,37.05298013245033
42.13460231135282,23.618732261116367,37.05298013245033
42.175390890550645,23.66603595080416,37.05298013245033
42.21617946974847,23.689687795648062,37.05298013245033
42.2569680489463,23.71333964049196,37.02932828760643
42.29775662814412,23.71333964049196,37.005676442762535
42.338545207341944,23.71333964049196,36.98202459791864
42.37933378653977,23.736991485335857,36.98202459791864
42.42012236573759,23.736991485335857,36.98202459791864
42.46091094493542,23.71333964049196,36.98202459791864
42.501699524133244,23.66603595080416,36.98202459791864
42.54248810333107,23.642384105960264,36.98202459791864
42.58327668252889,23.66603595080416,36.98202459791864
42.62406526172672,23.66603595080416,36.958372753074734
42.66485384092454,23.66603595080416,36.934720908230844
42.705642420122366,23.66603595080416,36.934720908230844
42.74643099932019,23.66603595080416,36.91106906338695
42.78721957851801,23.642384105960264,36.934720908230844
42.82800815771584,23.66603595080416,36.934720908230844
42.868796736913666,23.66603595080416,36.934720908230844
42.90958531611149,23.66603595080416,36.95837275307474
42.95037389530931,23.689687795648062,36.95837275307474
42.991162474507135,23.689687795648062,36.95837275307474
43.031951053704965,23.66603595080416,36.95837275307474
43.07273963290279,23.642384105960264,36.95837275307474
43.11352821210061,23.642384105960264,36.95837275307474
43.154316791298434,23.618732261116367,36.95837275307474
43.195105370496265,23.642384105960268,36.93472090823084
43.23589394969409,23.66603595080416,36.88741721854305
43.27668252889191,23.66603595080416,36.88741721854305
43.317471108089734,23.66603595080416,36.88741721854305
43.35825968728756,23.66603595080416,36.86376537369915
43.39904826648539,23.689687795648062,36.86376537369915
43.43983684568321,23.71333964049196,36.84011352885525
43.48062542488103,23.736991485335857,36.81646168401135
43.521414004078856,23.736991485335857,36.81646168401135
43.56220258327668,23.760643330179754,36.792809839167454
43.60299116247451,23.78429517502365,36.792809839167454
43.64377974167233,23.807947019867548,36.792809839167454
43.684568320870156,23.807947019867548,36.76915799432356
43.72535690006798,23.807947019867548,36.76915799432356
43.76614547926581,23.83159886471145,36.76915799432356
43.80693405846363,23.807947019867548,36.76915799432356
43.847722637661455,23.78429517502365,36.792809839167454
43.88851121685928,23.807947019867548,36.792809839167454
43.9292997960571,23.736991485335857,36.81646168401135
43.97008837525493,23.71333964049196,36.84011352885525
44.010876954452755,23.71333964049196,36.84011352885525
44.05166553365058,23.736991485335857,36.84011352885525
44.0924541128484,23.760643330179754,36.81646168401135
44.133242692046224,23.736991485335857,36.81646168401135
44.174031271244054,23.807947019867548,36.81646168401135
44.21481985044188,23.807947019867548,36.81646168401135
44.2556084296397,23.807947019867548,36.792809839167454
44.29639700883752,23.83159886471145,36.792809839167454
44.337185588035354,23.83159886471145,36.76915799432356
44.37797416723318,23.878902554399243,36.76915799432356
44.418762746431,23.90255439924314,36.74550614947966
44.45955132562882,23.949858088930938,36.74550614947966
44.500339904826646,23.949858088930938,36.72185430463576
44.541128484024476,23.973509933774835,36.72185430463576
44.5819170632223,23.949858088930938,36.698202459791865
44.62270564242012,24.02081362346263,36.698202459791865
44.663494221617945,23.997161778618732,36.698202459791865
44.70428280081577,23.997161778618732,36.698202459791865
44.7450713800136,23.997161778618732,36.698202459791865
44.78585995921142,23.973509933774835,36.72185430463576
44.826648538409245,23.926206244087037,36.72185430463576
44.86743711760707,23.926206244087037,36.72185430463576
44.9082256968049,23.926206244087037,36.72185430463576
44.94901427600272,23.926206244087037,36.698202459791865
44.989802855200544,23.926206244087037,36.698202459791865
45.03059143439837,23.926206244087037,36.698202459791865
45.07138001359619,23.949858088930938,36.698202459791865
45.11216859279402,23.926206244087037,36.698202459791865
45.152957171991844,23.926206244087037,36.698202459791865
45.19374575118967,23.90255439924314,36.72185430463576
45.23453433038749,23.90255439924314,36.72185430463576
45.27532290958531,23.878902554399243,36.74550614947966
45.31611148878314,23.855250709555346,36.76915799432356
45.356900067980966,23.78429517502365,36.792809839167454
45.39768864717879,23.78429517502365,36.792809839167454
45.43847722637661,23.78429517502365,36.792809839167454
45.47926580557444,23.760643330179754,36.81646168401135
45.520054384772266,23.71333964049196,36.81646168401135
45.56084296397009,23.66603595080416,36.81646168401135
45.60163154316791,23.642384105960264,36.86376537369915
45.642420122365735,23.59508041627247,36.88741721854305
45.683208701563565,23.571428571428573,36.88741721854305
45.72399728076139,23.547776726584672,36.88741721854305
45.76478585995921,23.547776726584672,36.91106906338695
45.805574439157034,23.547776726584672,36.91106906338695
45.84636301835486,23.571428571428573,36.91106906338695
45.88715159755269,23.571428571428573,36.91106906338695
45.92794017675051,23.571428571428573,36.91106906338695
45.968728755948334,23.571428571428573,36.91106906338695
46.00951733514616,23.571428571428573,36.91106906338695
46.05030591434399,23.547776726584672,36.91106906338695
46.09109449354181,23.571428571428573,36.88741721854305
46.13188307273963,23.618732261116367,36.88741721854305
46.172671651937456,23.59508041627247,36.86376537369915
46.21346023113528,23.642384105960264,36.86376537369915
46.25424881033311,23.66603595080416,36.84011352885525
46.29503738953093,23.66603595080416,36.84011352885525
46.335825968728756,23.66603595080416,36.84011352885525
46.37661454792658,23.66603595080416,36.81646168401135
46.4174031271244,23.689687795648062,36.81646168401135
46.45819170632223,23.689687795648062,36.84011352885525
46.498980285520055,23.71333964049196,36.84011352885525
46.53976886471788,23.689687795648062,36.84011352885525
46.5805574439157,23.736991485335857,36.81646168401135
46.62134602311353,23.78429517502365,36.76915799432356
46.662134602311355,23.807947019867548,36.76915799432356
46.70292318150918,23.855250709555346,36.76915799432356
46.743711760707,23.926206244087037,36.72185430463576
46.784500339904824,23.997161778618732,36.67455061494797
46.825288919102654,24.02081362346263,36.650898770104064
46.86607749830048,24.02081362346263,36.650898770104064
46.9068660774983,24.02081362346263,36.62724692526017
46.94765465669612,24.02081362346263,36.62724692526017
46.98844323589395,24.020813623462626,36.650898770104064
47.02923181509178,23.997161778618732,36.650898770104064
47.0700203942896,23.973509933774835,36.67455061494797
47.11080897348742,23.949858088930938,36.67455061494797
47.151597552685246,23.949858088930938,36.67455061494797
47.192386131883076,23.926206244087037,36.67455061494797
47.2331747110809,23.90255439924314,36.698202459791865
47.27396329027872,23.90255439924314,36.698202459791865
47.314751869476545,23.90255439924314,36.72185430463576
47.35554044867437,23.90255439924314,36.72185430463576
47.3963290278722,23.878902554399243,36.698202459791865
47.43711760707002,23.90255439924314,36.698202459791865
47.477906186267845,23.90255439924314,36.698202459791865
47.51869476546567,23.878902554399243,36.698202459791865
47.5594833446635,23.831598864711445,36.72185430463576
47.60027192386132,23.807947019867548,36.72185430463576
47.641060503059144,23.807947019867548,36.74550614947966
47.68184908225697,23.807947019867548,36.76915799432356
47.72263766145479,23.760643330179754,36.76915799432356
47.76342624065262,23.71333964049196,36.792809839167454
47.80421481985044,23.71333964049196,36.792809839167454
47.84500339904827,23.736991485335857,36.792809839167454
47.88579197824609,23.760643330179754,36.81646168401135
47.92658055744391,23.760643330179754,36.792809839167454
47.96736913664174,23.760643330179754,36.81646168401135
48.008157715839566,23.78429517502365,36.81646168401135
48.04894629503739,23.807947019867548,36.792809839167454
48.08973487423521,23.78429517502365,36.792809839167454
48.13052345343304,23.760643330179754,36.81646168401135
48.171312032630865,23.760643330179754,36.81646168401135
48.21210061182869,23.760643330179754,36.81646168401135
48.25288919102651,23.760643330179754,36.84011352885525
48.293677770224335,23.736991485335857,36.84011352885525
48.334466349422165,23.736991485335857,36.84011352885525
48.37525492861999,23.736991485335857,36.86376537369915
48.41604350781781,23.71333964049196,36.86376537369915
48.456832087015634,23.71333964049196,36.88741721854305
48.49762066621346,23.689687795648062,36.88741721854305
48.53840924541129,23.66603595080416,36.88741721854305
48.57919782460911,23.689687795648062,36.88741721854305
48.619986403806934,23.689687795648062,36.88741721854305
48.66077498300476,23.689687795648062,36.88741721854305
48.70156356220259,23.736991485335867,36.86376537369915
48.74235214140041,23.807947019867548,36.86376537369915
48.78314072059823,23.78429517502365,36.84011352885525
48.823929299796056,23.807947019867548,36.81646168401135
48.86471787899388,23.83159886471145,36.792809839167454
48.90550645819171,23.855250709555346,36.792809839167454
48.94629503738953,23.90255439924314,36.792809839167454
48.987083616587356,23.90255439924314,36.792809839167454
49.02787219578518,23.90255439924314,36.792809839167454
49.068660774983,23.90255439924314,36.792809839167454
49.10944935418083,23.90255439924314,36.81646168401135
49.150237933378655,23.926206244087037,36.81646168401135
49.19102651257648,23.926206244087037,36.81646168401135
49.2318150917743,23.926206244087037,36.81646168401135
49.27260367097213,23.90255439924314,36.81646168401135
49.313392250169954,23.949858088930938,36.81646168401135
49.35418082936778,23.949858088930938,36.81646168401135
49.3949694085656,23.949858088930938,36.81646168401135
49.435757987763424,23.949858088930938,36.81646168401135
49.476546566961254,23.949858088930938,36.792809839167454
49.51733514615908,23.949858088930938,36.792809839167454
49.5581237253569,23.949858088930938,36.792809839167454
49.59891230455472,23.973509933774835,36.792809839167454
49.639700883752546,23.973509933774835,36.76915799432356
49.680489462950376,23.973509933774835,36.74550614947966
49.7212780421482,23.997161778618732,36.72185430463576
49.76206662134602,24.02081362346263,36.72185430463576
49.802855200543846,23.973509933774835,36.72185430463576
49.843643779741676,23.973509933774835,36.72185430463576
49.8844323589395,23.949858088930938,36.72185430463576
49.92522093813732,23.926206244087037,36.72185430463576
49.966009517335145,23.926206244087037,36.72185430463576
50.00679809653297,23.949858088930938,36.72185430463576
50.0475866757308,23.973509933774835,36.72185430463576
50.08837525492862,23.949858088930938,36.72185430463576
50.129163834126444,23.949858088930938,36.72185430463576
50.16995241332427,23.949858088930938,36.698202459791865
50.21074099252209,23.973509933774835,36.698202459791865
50.25152957171992,23.997161778618732,36.67455061494797
50.292318150917744,24.02081362346263,36.67455061494797
50.33310673011557,24.02081362346263,36.67455061494797
50.37389530931339,24.02081362346263,36.67455061494797
50.41468388851122,23.997161778618732,36.67455061494797
50.45547246770904,23.997161778618732,36.67455061494797
50.49626104690687,23.973509933774835,36.698202459791865
50.53704962610469,23.855250709555346,36.74550614947966
50.57783820530251,23.807947019867548,36.76915799432356
50.61862678450034,23.807947019867548,36.792809839167454
50.659415363698166,23.760643330179754,36.792809839167454
50.70020394289599,23.71333964049196,36.81646168401135
50.74099252209381,23.71333964049196,36.84011352885525
50.781781101291635,23.642384105960264,36.86376537369915
50.822569680489465,23.66603595080416,36.88741721854305
50.86335825968729,23.642384105960264,36.88741721854305
50.90414683888511,23.59508041627247,36.88741721854305
50.944935418082935,23.59508041627247,36.91106906338695
50.985723997280765,23.59508041627247,36.91106906338695
51.02651257647859,23.59508041627247,36.91106906338695
51.06730115567641,23.59508041627247,36.934720908230844
51.108089734874234,23.547776726584672,36.934720908230844
51.14887831407206,23.524124881740775,36.95837275307474
51.18966689326989,23.524124881740775,36.95837275307474
51.23045547246771,23.524124881740775,36.95837275307474
51.27124405166553,23.524124881740775,36.95837275307474
51.31203263086336,23.524124881740775,36.934720908230844
51.35282121006118,23.59508041627247,36.934720908230844
51.39360978925901,23.618732261116367,36.91106906338695
51.43439836845683,23.618732261116367,36.91106906338695
51.475186947654656,23.642384105960264,36.88741721854305
51.51597552685248,23.66603595080416,36.88741721854305
51.55676410605031,23.689687795648062,36.86376537369915
51.59755268524813,23.71333964049196,36.86376537369915
51.638341264445955,23.736991485335857,36.84011352885525
51.67912984364378,23.736991485335857,36.84011352885525
51.7199184228416,23.760643330179754,36.84011352885525
51.76070700203943,23.71333964049196,36.84011352885525
51.801495581237255,23.71333964049196,36.84011352885525
51.84228416043508,23.689687795648062,36.84011352885525
51.8830727396329,23.66603595080416,36.851939451277204
51.923861318830724,23.689687795648062,36.86376537369915
51.964649898028554,23.66603595080416,36.88741721854305
52.00543847722638,23.642384105960264,36.88741721854305
52.0462270564242,23.642384105960264,36.88741721854305
52.08701563562202,23.59508041627247,36.91106906338695
52.127804214819854,23.571428571428573,36.934720908230844
52.16859279401768,23.547776726584672,36.934720908230844
52.2093813732155,23.524124881740775,36.95837275307474
52.25016995241332,23.524124881740775,36.98202459791864
52.290958531611146,23.524124881740775,36.98202459791864
52.331747110808976,23.571428571428573,37.005676442762535
52.3725356900068,23.547776726584672,37.005676442762535
52.41332426920462,23.547776726584672,37.02932828760643
52.454112848402445,23.524124881740775,37.02932828760643
52.494901427600276,23.524124881740775,37.02932828760643
52.5356900067981,23.524124881740775,37.02932828760643
52.57647858599592,23.524124881740775,37.02932828760643
52.617267165193745,23.524124881740775,37.02932828760643
52.65805574439157,23.500473036896878,37.05298013245033
52.6988443235894,23.47682119205298,37.07663197729423
52.73963290278722,23.429517502365183,37.100283822138124
52.780421481985044,23.38221381267739,37.100283822138124
52.82121006118287,23.38221381267739,37.100283822138124
52.86199864038069,23.38221381267739,37.12393566698202
52.90278721957852,23.287606433301796,37.147587511825925
52.943575798776344,23.311258278145694,37.147587511825925
52.98436437797417,23.334910122989594,37.17123935666982
53.02515295717199,23.334910122989594,37.17123935666982
53.06594153636982,23.33491012298959,37.19489120151372
53.10673011556764,23.311258278145694,37.19489120151372
53.147518694765466,23.38221381267739,37.19489120151372
53.18830727396329,23.405865657521286,37.17123935666982
53.22909585316111,23.453169347209084,37.147587511825925
53.26988443235894,23.47682119205298,37.12393566698202
53.310673011556766,23.500473036896878,37.12393566698202
53.35146159075459,23.524124881740775,37.100283822138124
53.39225016995241,23.571428571428573,37.07663197729423
53.433038749150235,23.59508041627247,37.07663197729423
53.473827328348065,23.618732261116367,37.05298013245033
53.51461590754589,23.618732261116367,37.05298013245033
53.55540448674371,23.618732261116367,37.02932828760643
53.596193065941534,23.642384105960264,37.005676442762535
53.636981645139365,23.666035950804165,36.98202459791864
53.67777022433719,23.689687795648062,36.98202459791864
53.71855880353501,23.689687795648062,36.98202459791864
53.759347382732834,23.689687795648062,36.95837275307474
53.80013596193066,23.760643330179754,36.934720908230844
53.84092454112849,23.807947019867548,36.934720908230844
53.88171312032631,23.807947019867548,36.91106906338695
53.92250169952413,23.807947019867548,36.88741721854305
53.963290278721956,23.807947019867548,36.88741721854305
54.00407885791978,23.807947019867548,36.88741721854305
54.04486743711761,23.855250709555346,36.86376537369915
54.08565601631543,23.855250709555346,36.86376537369915
54.126444595513256,23.878902554399243,36.84011352885525
54.16723317471108,23.926206244087037,36.81646168401135
54.20802175390891,23.878902554399254,36.81646168401135
54.24881033310673,23.949858088930938,36.81646168401135
54.289598912304555,23.949858088930938,36.81646168401135
54.33038749150238,23.949858088930938,36.81646168401135
54.3711760707002,23.949858088930938,36.81646168401135
54.41196464989803,23.926206244087037,36.84011352885525
54.452753229095855,23.878902554399243,36.84011352885525
54.49354180829368,23.878902554399243,36.86376537369915
54.5343303874915,23.83159886471145,36.86376537369915
54.575118966689324,23.807947019867548,36.86376537369915
54.615907545887154,23.807947019867548,36.88741721854305
54.65669612508498,23.807947019867548,36.88741721854305
54.6974847042828,23.807947019867548,36.86376537369915
54.73827328348062,23.78429517502365,36.86376537369915
54.779061862678454,23.78429517502365,36.84011352885525
54.81985044187628,23.83159886471145,36.84011352885525
54.8606390210741,23.855250709555346,36.81646168401135
54.90142760027192,23.855250709555346,36.81646168401135
54.942216179469746,23.926206244087037,36.792809839167454
54.983004758667576,23.949858088930938,36.76915799432356
55.0237933378654,23.949858088930938,36.74550614947966
55.06458191706322,23.949858088930938,36.72185430463576
55.105370496261045,23.949858088930938,36.72185430463576
55.14615907545887,23.949858088930938,36.72185430463576
55.1869476546567,23.949858088930938,36.74550614947966
55.22773623385452,23.926206244087037,36.74550614947966
55.268524813052345,23.878902554399243,36.74550614947966
55.30931339225017,23.83159886471145,36.792809839167454
55.350101971448,23.760643330179754,36.792809839167454
55.39089055064582,23.760643330179754,36.81646168401135
55.431679129843644,23.736991485335857,36.84011352885525
55.47246770904147,23.736991485335857,36.84011352885525
55.51325628823929,23.71333964049196,36.86376537369915
55.55404486743712,23.71333964049196,36.84011352885525
55.594833446634944,23.71333964049196,36.84011352885525
55.63562202583277,23.760643330179754,36.81646168401135
55.67641060503059,23.760643330179754,36.81646168401135
55.71719918422841,23.807947019867548,36.792809839167454
55.75798776342624,23.78429517502365,36.792809839167454
55.798776342624066,23.83159886471145,36.76915799432356
55.83956492182189,23.807947019867548,36.74550614947966
55.88035350101971,23.83159886471145,36.74550614947966
55.92114208021754,23.878902554399243,36.72185430463576
55.961930659415366,23.878902554399243,36.72185430463576
56.00271923861319,23.878902554399243,36.698202459791865
56.04350781781101,23.878902554399243,36.698202459791865
56.084296397008835,23.878902554399243,36.698202459791865
56.125084976206665,23.90255439924314,36.698202459791865
56.16587355540449,23.878902554399243,36.72185430463576
56.20666213460231,23.807947019867548,36.72185430463576
56.247450713800134,23.83159886471145,36.72185430463576
56.28823929299796,23.78429517502365,36.72185430463576
56.32902787219579,23.760643330179754,36.72185430463576
56.36981645139361,23.760643330179754,36.72185430463576
56.410605030591434,23.736991485335857,36.698202459791865
56.45139360978926,23.78429517502365,36.698202459791865
56.49218218898709,23.807947019867548,36.698202459791865
56.53297076818491,23.807947019867548,36.67455061494797
56.57375934738273,23.807947019867548,36.67455061494797
56.614547926580556,23.83159886471145,36.650898770104064
56.65533650577838,23.83159886471145,36.650898770104064
56.69612508497621,23.878902554399243,36.650898770104064
56.73691366417403,23.878902554399243,36.650898770104064
56.777702243371856,23.878902554399243,36.650898770104064
56.81849082256968,23.90255439924314,36.650898770104064
56.8592794017675,23.926206244087037,36.650898770104064
56.90006798096533,23.949858088930938,36.650898770104064
56.940856560163155,23.926206244087037,36.650898770104064
56.98164513936098,23.90255439924314,36.650898770104064
57.0224337185588,23.90255439924314,36.67455061494797
57.06322229775663,23.878902554399243,36.67455061494797
57.104010876954455,23.90255439924314,36.67455061494797
57.14479945615228,23.878902554399243,36.698202459791865
57.1855880353501,23.878902554399243,36.698202459791865
57.226376614547924,23.90255439924314,36.67455061494797
57.267165193745754,23.949858088930938,36.650898770104064
57.30795377294358,23.926206244087037,36.650898770104064
57.3487423521414,23.997161778618732,36.650898770104064
57.38953093133922,24.02081362346263,36.62724692526017
57.430319510537046,24.02081362346263,36.60359508041627
57.47110808973488,24.044465468306527,36.556291390728475
57.5118966689327,24.068117313150427,36.53263954588458
57.55268524813052,24.091769157994325,36.50898770104068
57.593473827328346,24.091769157994325,36.50898770104068
57.634262406526176,24.091769157994325,36.49716177861873
57.675050985724,24.091769157994325,36.485335856196784
57.71583956492182,24.091769157994325,36.485335856196784
57.756628144119645,24.11542100283822,36.50898770104068
57.79741672331747,24.13907284768212,36.485335856196784
57.8382053025153,24.13907284768212,36.485335856196784
57.87899388171312,24.091769157994325,36.485335856196784
57.919782460910945,24.11542100283822,36.485335856196784
57.96057104010877,24.068117313150427,36.50898770104068
58.0013596193066,24.06811731315042,36.53263954588457
58.04214819850442,24.02081362346263,36.50898770104068
58.082936777702244,23.997161778618732,36.53263954588458
58.12372535690007,23.949858088930938,36.556291390728475
58.16451393609789,23.90255439924314,36.60359508041627
58.20530251529572,23.83159886471145,36.62724692526017
58.24609109449354,23.855250709555346,36.650898770104064
58.28687967369137,23.855250709555346,36.650898770104064
58.32766825288919,23.83159886471145,36.650898770104064
58.36845683208701,23.78429517502365,36.67455061494797
58.40924541128484,23.736991485335857,36.698202459791865
58.450033990482666,23.66603595080416,36.72185430463576
58.49082256968049,23.66603595080416,36.74550614947966
58.53161114887831,23.642384105960264,36.74550614947966
58.57239972807614,23.59508041627247,36.769157994323564
58.613188307273965,23.59508041627247,36.792809839167454
58.65397688647179,23.59508041627247,36.792809839167454
58.69476546566961,23.59508041627247,36.792809839167454
58.735554044867435,23.59508041627247,36.792809839167454
58.776342624065265,23.59508041627247,36.792809839167454
58.81713120326309,23.618732261116367,36.76915799432356
58.85791978246091,23.642384105960264,36.76915799432356
58.898708361658734,23.66603595080416,36.76915799432356
58.93949694085656,23.66603595080416,36.792809839167454
58.98028552005439,23.66603595080416,36.792809839167454
59.02107409925221,23.66603595080416,36.792809839167454
59.061862678450034,23.66603595080416,36.792809839167454
59.10265125764786,23.642384105960264,36.792809839167454
59.14343983684569,23.618732261116367,36.81646168401135
59.18422841604351,23.618732261116367,36.81646168401135
59.22501699524133,23.59508041627247,36.84011352885525
59.265805574439156,23.59508041627247,36.86376537369915
59.30659415363698,23.571428571428573,36.88741721854305
59.34738273283481,23.59508041627247,36.88741721854305
59.38817131203263,23.547776726584672,36.88741721854305
59.428959891230456,23.571428571428573,36.88741721854305
59.46974847042828,23.571428571428573,36.88741721854305
59.5105370496261,23.547776726584672,36.91106906338695
59.55132562882393,23.547776726584672,36.91106906338695
59.592114208021755,23.547776726584672,36.934720908230844
59.63290278721958,23.59508041627247,36.934720908230844
59.6736913664174,23.571428571428573,36.934720908230844
59.71447994561523,23.547776726584672,36.95837275307474
59.755268524813054,23.547776726584672,36.95837275307474
59.79605710401088,23.571428571428573,36.95837275307474
59.8368456832087,23.59508041627247,36.95837275307474
59.877634262406524,23.59508041627247,36.95837275307474
59.918422841604354,23.59508041627247,36.934720908230844
59.95921142080218,23.59508041627247,36.95837275307474
60.0,23.59508041627247,36.95837275307474
