model,velocity_m_s,mesh,T_inlet_region_C,T_middle_region_C,T_outlet_region_C,Tmax_C,Tmin_C,DeltaT_C,hotspot_location_normalized,air_outlet_temperature_C,Q_air_W,Q_natural_W,Q_radiation_W,Q_conduction_W,Q_total_W,energy_residual_relative,runtime_s,h_internal_W_m2K,h_natural_mean_W_m2K,reynolds,nusselt,effective_contact_area_m2
M0,4.0,fine,54.383266810129314,62.22720616372789,65.71400371701165,66.71062338991419,48.23007961863669,18.480543771277496,0.8600000000000002,63.05375086853536,17.97600229025865,33.81233522311235,8.121512981403932,0.0,59.90984999999738,8.258701236313736e-09,,,,,,
M0,5.0,fine,52.51975546664926,60.07267520377274,63.58564301190504,64.58164601597156,46.45484664623285,18.126799369738706,0.8600000000000002,59.594652490638566,20.42747226649264,31.896494515806857,7.585883484886989,0.0,59.90984999999738,4.459852687117098e-09,,,,,,
M0,6.0,fine,51.068694765224826,58.37552017286395,61.831452254026594,62.82183227885497,45.05553409588299,17.76629818297198,0.8700000000000003,56.58206522888554,22.37831740346107,30.366721413846427,7.164811343011235,0.0,59.90984999999738,2.676043313848701e-09,,,,,,
M0,8.0,fine,48.89834719648254,55.86303081329691,59.15563489047111,60.12542424491852,42.9294152736947,17.19600897122382,0.8800000000000002,51.77744363855476,25.29849894886111,28.06785954946968,6.543491570763879,0.0,59.90984999999738,1.1533544539385507e-09,,,,,,
M0,10.0,fine,47.297646417759296,54.05216457643685,57.20773639714097,58.15890105964104,41.342937186154586,16.815963873486453,0.8800000000000002,48.20284878800709,27.40166563308572,26.39207267969928,6.099369934874968,0.0,59.90984999999738,0.0002794490778629,,,,,,
M0,12.0,fine,46.03626932391138,52.66075606264405,55.730893162010126,56.66851020178183,40.082576452147805,16.585933749634023,0.8800000000000002,45.48707268293418,29.03332710155739,25.10068500828285,5.762269006902875,0.0,59.90984999999738,0.000226488352988,,,,,,
M1,4.0,fine,56.778866213433936,57.250717449928594,57.714392778320686,57.831044849196935,56.657226774648876,1.173818074548059,0.9975,27.58985018500345,48.93620396883692,5.062712612474151,5.910933418689011,0.0,59.90985,1.3935733681825572e-15,0.04829310000059195,14.453445935338381,4.957554534151885,7684.1535965386565,17.275034982476125,0.10942242072675507
M1,5.0,fine,54.88141949052767,55.278846623646814,55.66984349203348,55.76881625789273,54.778504628637975,0.9903116292547551,0.9975,27.10606722412364,49.743676221400456,4.6702366113055955,5.495937167293964,0.0,59.90985,2.816797233560488e-16,0.048877100001845974,15.560021958544587,4.870993930777357,9605.191995673322,18.597635807025373,0.10942242072675507
M1,6.0,fine,53.39815240218437,53.74284891308624,54.082246976410495,54.16860233714366,53.30853450477959,0.8600678323640736,0.9975,26.77689911424599,50.36277657505016,4.369277774773258,5.1777956501767,0.0,59.90985,2.0310590578830887e-15,0.05328229999577161,16.528267347495483,4.800581603020187,11526.230394807984,19.754901212145963,0.10942242072675507
M1,8.0,fine,51.1782383756509,51.45258121861112,51.723002420606136,51.79238916279197,51.106418585336684,0.6859705774552864,0.9975,26.356667387011164,51.26949223015302,3.9286955098783842,4.711662259968281,0.0,59.90985,5.2333127549834325e-15,0.04873210000368999,18.182453667544042,4.690172105894259,15368.307193077313,21.732016335709975,0.10942242072675507
M1,10.0,fine,49.555723275800425,49.78486405557008,50.01088843763491,50.06927890311255,49.49538698613895,0.5738919169735937,0.9975,26.09904365674305,51.917119442338134,3.614359547789008,4.378371009874308,0.0,59.90985,2.420963096002251e-14,0.06851970000570873,19.58046557380262,4.6052109656787215,19210.383991346644,23.402946900959268,0.10942242072675507
M1,12.0,fine,48.292843346824185,48.4902744397988,48.685117304593874,48.73574194476997,48.24059367188791,0.4951482728820622,0.9975,25.9246060412692,52.41234812156692,3.374325662139444,4.123176216292446,0.0,59.90985,1.9806532126509537e-14,0.0499366999938502,20.80310460199499,4.53629056279636,23052.46078961597,24.864268448599546,0.10942242072675507
M2,4.0,fine,59.04362848745109,59.48594443118055,59.920732165722036,60.02947625172283,58.930326502074514,1.0991497496483191,0.9975,27.5404838102129,48.00340754688902,5.515779520304912,6.390662932806265,0.0,59.90985,3.350506183077212e-15,0.04817289999482455,58.532495073463494,5.051074356612802,512.2769064359112,4.66394383055486,0.0247
M2,5.0,fine,55.38492750943261,55.77679076370935,56.16233555244764,56.259780247621485,55.28361670591702,0.9761635417044658,0.9975,27.097486863937966,49.54101476119153,4.768754479062077,5.6000807597461915,0.0,59.90985,3.2912051886864647e-15,0.05010809999657795,67.49045266414683,4.893264504163987,640.3461330448891,5.377725311884209,0.0247
M2,6.0,fine,52.608870210232155,52.96116474086313,53.308018630685204,53.396508528519526,52.51701883422059,0.8794896942989325,0.9975,26.78790056377296,50.67459143279109,4.217723022144826,5.0175355450637635,0.0,59.90985,5.33708949516724e-15,0.048758299999462906,75.81822860894158,4.763632817927683,768.4153596538669,6.0412931162503245,0.0247
M2,8.0,fine,48.623780207019394,48.91780820789295,49.20758530812847,49.28272509768718,48.54596798098416,0.7367571167030178,0.9975,26.38260847740127,52.249825762845404,3.4530636527336367,4.206960584422172,0.0,59.90985,2.025128958444014e-14,0.048642499998095445,91.0974242118531,4.559279435858631,1024.5538128718224,7.258758901342876,0.0247
M2,10.0,fine,45.86074177628122,46.113744402458366,46.363265081035955,46.42887070838296,45.79291352423758,0.6359571841453757,0.9975,26.12840867684038,53.30427749239928,2.943109585859104,3.6624629217419837,0.0,59.90985,6.152478168040013e-15,0.0496461000002455,105.03919897621361,4.402022860364025,1280.6922660897783,8.369657288941323,0.0247
M2,12.0,fine,43.80806223508889,44.03049471996495,44.24998283293394,44.30839844080877,43.74774145037164,0.5606569904371312,0.9975,25.95378828339728,54.06657680396363,2.576159824414856,3.2671133716214866,0.0,59.90985,4.744079551259769e-16,0.04849600000306964,118.00018649318302,4.274962751845516,1536.8307193077337,9.402405298261595,0.0247
