object_index,noise_seed,final_max_probability,mean_normalized_entropy,bank_enabled_fraction,maximum_sustained_innovation_evidence
0,0,0.980140832100712,0.15502582277196664,0.9180327868852459,624.7067141699355
0,1,0.980140832100712,0.1549388859162984,0.9344262295081968,611.4426593698798
0,2,0.9801408321007121,0.15158395166549593,0.9344262295081968,621.9086556724524
0,3,0.9801408321007121,0.15910814080027505,0.9344262295081968,623.4978231926268
0,4,0.9801408321007121,0.15941925419231448,0.9344262295081968,627.7346974845055
0,5,0.9801408321007121,0.15683918401794203,0.9180327868852459,620.7164229779921
0,6,0.980140832100712,0.15410178325944854,0.9344262295081968,621.7352003896867
0,7,0.980140832100712,0.16071354958426215,0.9180327868852459,623.2296700757882
0,8,0.9801408321007121,0.1516293233565943,0.9344262295081968,617.5062590868182
0,9,0.980140832100712,0.1563524577474229,0.9344262295081968,625.2062034225362
1,0,0.6061024278557284,0.4282269428161674,0.8360655737704918,43.11641684043491
1,1,0.5538167635687629,0.45013357933818776,0.7704918032786885,44.187533427565114
1,2,0.6370349482806932,0.47662420718334053,0.8032786885245902,44.64889281585837
1,3,0.9483638331018182,0.38620735821105645,0.8032786885245902,43.96597978888057
1,4,0.6082252107097293,0.47530912412662146,0.8360655737704918,46.15731347204185
1,5,0.9715446456514355,0.4179820604706028,0.8524590163934426,44.37056660388652
1,6,0.6415156021951818,0.4100030954484002,0.8524590163934426,45.187361837693
1,7,0.7239564547513354,0.4603870370496112,0.8032786885245902,44.88548131892969
1,8,0.5256735364906892,0.4455132387532007,0.8524590163934426,45.715036561021094
1,9,0.6569260613128111,0.4403253689881467,0.8360655737704918,47.63484904479122
2,0,0.8438184791827471,0.477183311969964,0.8688524590163934,56.4502228645765
2,1,0.6448518202945576,0.5085203272964918,0.8360655737704918,57.90853062857006
2,2,0.846078762195761,0.4877003477015568,0.8360655737704918,54.4479467153577
2,3,0.5911379083055474,0.4669688079156642,0.8524590163934426,58.288518232476946
2,4,0.879896948265117,0.47274454979209674,0.8524590163934426,54.18006106006912
2,5,0.8896512672031087,0.5233959608482696,0.819672131147541,58.32848621262548
2,6,0.7535907218603125,0.505493748284026,0.7704918032786885,54.08906390640592
2,7,0.8073595074660092,0.48844275493777267,0.8524590163934426,54.82381112592252
2,8,0.8103895561691944,0.49199730197201247,0.8360655737704918,56.10754096553107
2,9,0.9032720551970872,0.4291957640262254,0.8524590163934426,55.48296687372947
3,0,0.5932231421546681,0.483195410079518,0.0,0.6937842802382572
3,1,0.5761675544855237,0.48434335772084797,0.0,0.9188781553345411
3,2,0.6401599704246786,0.4446728441244899,0.0,0.8556243054842989
3,3,0.559316000978832,0.5101195316573985,0.0,1.2671668645367542
3,4,0.694492065207923,0.443437968572498,0.0,1.1792974691730276
3,5,0.49775831604332954,0.46392164161530036,0.0,1.139560388115246
3,6,0.7211257266987474,0.46317452840760415,0.0,0.8275056780767734
3,7,0.5508190196512891,0.4757553706469412,0.0,0.8649573968212387
3,8,0.5662250374412988,0.4958556402979204,0.0,0.8881105023605008
3,9,0.6228437953709758,0.437891839493712,0.0,1.1380133062108917
4,0,0.9801408321007121,0.1580984857044865,0.9344262295081968,368.88016324770547
4,1,0.9801408321007121,0.1693657900414128,0.9016393442622951,355.2177358809503
4,2,0.9801408321007121,0.1558696273266634,0.9344262295081968,357.79639612382437
4,3,0.980140832100712,0.15838347811422712,0.9180327868852459,358.3460784622529
4,4,0.9801408321007121,0.1546323117594394,0.9344262295081968,361.7157974574839
4,5,0.9801408321007121,0.16277316766702277,0.9180327868852459,349.9553231041009
4,6,0.9801408321007121,0.15716648301326547,0.9180327868852459,357.1439462963409
4,7,0.9801408321007121,0.15766266233504067,0.9344262295081968,354.90237742514125
4,8,0.9801408321007121,0.16283920254924836,0.9180327868852459,352.9384646689648
4,9,0.980140832100712,0.15978740898057434,0.9180327868852459,358.9539087745426
5,0,0.980140832100712,0.1606526589378429,0.9180327868852459,346.2915367046691
5,1,0.9801408321007121,0.1571754549869626,0.9180327868852459,333.816058036826
5,2,0.980140832100712,0.1627653412399793,0.9180327868852459,335.9602984137002
5,3,0.9801408321007121,0.16077389049855284,0.9180327868852459,330.5654922626088
5,4,0.9801408321007121,0.15790460589719507,0.9344262295081968,325.8720244463801
5,5,0.9801408321007121,0.1599448246462795,0.9344262295081968,330.70738336005354
5,6,0.9801408321007121,0.16014006712310147,0.9016393442622951,334.9006388730721
5,7,0.980140832100712,0.15703385303402329,0.9344262295081968,331.85846586012707
5,8,0.980140832100712,0.16187454570374563,0.9016393442622951,341.304356805338
5,9,0.9801408321007121,0.15833316371600165,0.9180327868852459,334.03309281658017
6,0,0.9801408321007121,0.1568425902837153,0.9180327868852459,310.8463912093217
6,1,0.9801408321007121,0.15466347108965067,0.9180327868852459,301.90010510725847
6,2,0.980140832100712,0.15559279807722326,0.9180327868852459,303.8508575333886
6,3,0.9801408321007121,0.16448090833905865,0.9016393442622951,308.8758620459861
6,4,0.980140832100712,0.16850547649141576,0.9016393442622951,303.7837208335284
6,5,0.980140832100712,0.1548496111460381,0.9180327868852459,305.65756571655646
6,6,0.9801408321007121,0.16096066950900934,0.9016393442622951,307.0162288475086
6,7,0.9801408321007121,0.15852272364067507,0.9180327868852459,306.154091598471
6,8,0.9801408321007121,0.1606747578903422,0.9180327868852459,310.48233814935395
6,9,0.980140832100712,0.15653206346653747,0.9344262295081968,300.59983749474407
7,0,0.9801408321007118,0.1851368863875786,0.8688524590163934,86.37411034834838
7,1,0.9801408321006981,0.1782433940409235,0.8852459016393442,85.512120183768
7,2,0.980140832100712,0.18829716868337684,0.8688524590163934,88.28186292513608
7,3,0.9801408321007118,0.18674310158695004,0.8688524590163934,84.21147256923997
7,4,0.9801408321007115,0.17395873436605785,0.8852459016393442,85.12531575638157
7,5,0.980140832100712,0.18895621709143637,0.8852459016393442,83.53063685886815
7,6,0.9801408321007119,0.1778901164766604,0.8688524590163934,83.10116981497173
7,7,0.9801408321007118,0.18900733419026836,0.8524590163934426,85.6357551594567
7,8,0.9801408321001446,0.1924228450589381,0.8688524590163934,84.23953382161433
7,9,0.9801408321005749,0.180559234373307,0.8524590163934426,85.21237511591124
8,0,0.6446619938049298,0.5010284192478693,0.14754098360655737,3.6947797082588387
8,1,0.6086092396304785,0.4795518212519566,0.2459016393442623,2.656061731237478
8,2,0.5981106565601526,0.4770767571440561,0.21311475409836064,3.016984910022644
8,3,0.520714536549782,0.482673748923175,0.16393442622950818,1.9978782885175739
8,4,0.5750170063782661,0.47399113503533696,0.13114754098360656,1.851105165564007
8,5,0.6300033322156945,0.48631174498905166,0.18032786885245902,2.4732556909895074
8,6,0.5214684253684999,0.4449785955045621,0.18032786885245902,2.4950983371653175
8,7,0.5744465422041661,0.45419621524794074,0.21311475409836064,3.550729203789335
8,8,0.5268301488302726,0.44968010254827484,0.06557377049180328,2.805050379047984
8,9,0.6868523441059337,0.47097057756190464,0.18032786885245902,2.1973249979764873
9,0,0.9733006425454034,0.4963320919894466,0.7704918032786885,10.125533357125544
9,1,0.9647171666503607,0.49250559575790515,0.7377049180327869,10.991478344392053
9,2,0.9677372749641552,0.496403499291755,0.819672131147541,11.767071510589576
9,3,0.9773032733516195,0.4517501403716677,0.5081967213114754,11.365121377869913
9,4,0.9743357945141504,0.45973321582207294,0.5573770491803278,11.228576306573004
9,5,0.969534736119056,0.4511644196077115,0.5901639344262295,11.910851446272101
9,6,0.9578088357166172,0.46550122850247516,0.6557377049180327,10.969499596187543
9,7,0.9693828791159089,0.4560191480916357,0.4918032786885246,9.383692781753433
9,8,0.9602354137956205,0.4597611755101836,0.6065573770491803,11.576384771109094
9,9,0.9714408510548626,0.5008043183531373,0.6557377049180327,10.941988123853054
10,0,0.7006807754957911,0.4838689181297426,0.08196721311475409,1.6355781925704416
10,1,0.49458701392403936,0.4886889589850824,0.0,1.090036202578815
10,2,0.8414730639173552,0.44477593431066764,0.0,1.0440026172020649
10,3,0.7535816175073279,0.4753343911609308,0.03278688524590164,1.7817268163593034
10,4,0.6132452568141201,0.4650512260450189,0.0,1.411457212142416
10,5,0.8382184474247352,0.4266873482587111,0.0,0.7542918013746258
10,6,0.699990956262519,0.44750854150926195,0.01639344262295082,1.5231213703976338
10,7,0.8897910921053676,0.4284884886486712,0.0,0.9259461462904139
10,8,0.6444571716186879,0.48854853148061766,0.04918032786885246,1.6737289430160032
10,9,0.8163520394212327,0.43122744588098094,0.0,0.9865536715395086
11,0,0.9801408311025375,0.24285352402038188,0.8524590163934426,34.74473721362249
11,1,0.9801408312668745,0.24883442511597847,0.8360655737704918,34.86596516373918
11,2,0.9801408190843243,0.23276943306296716,0.7868852459016393,37.569092437417694
11,3,0.8527815793382543,0.23026750452089684,0.819672131147541,38.80980481665668
11,4,0.9801408318761226,0.22209952263299415,0.7704918032786885,38.38312977687542
11,5,0.9801408264683549,0.19875015138619415,0.8360655737704918,37.84927326751235
11,6,0.9605094104232482,0.2569603673500814,0.8360655737704918,37.663655724787624
11,7,0.9801392591104612,0.2134456413249532,0.8360655737704918,37.177039644254094
11,8,0.9801407782303206,0.24579493290021037,0.819672131147541,36.34252160941237
11,9,0.9801408299800379,0.21801609092635432,0.8032786885245902,35.416747793899575
12,0,0.9801408317830591,0.23836541899818328,0.7540983606557377,32.04171531360182
12,1,0.978664075667466,0.21891716486958757,0.8360655737704918,33.516304366932275
12,2,0.9801408296215904,0.2886225085048789,0.819672131147541,35.38422705329373
12,3,0.9801408320452236,0.2507212976507408,0.7377049180327869,35.328611904745586
12,4,0.9801407572874109,0.2393572764814783,0.7540983606557377,32.059111580252505
12,5,0.9801407494850548,0.28794145743470917,0.8032786885245902,32.656727233825116
12,6,0.9801397718552795,0.20140166688467082,0.8360655737704918,34.942058422687765
12,7,0.9801408311893,0.2200503448555852,0.7868852459016393,34.48214252528511
12,8,0.9801408319639269,0.24101880100401213,0.7868852459016393,33.30117112856293
12,9,0.9721747021272888,0.23469173312162883,0.7704918032786885,34.358657065317495
13,0,0.9538037451673407,0.5345822688906398,0.7704918032786885,35.23304665363169
13,1,0.9801252693296002,0.5447807940541401,0.7377049180327869,33.77981153013355
13,2,0.9789900697904061,0.5551150314204809,0.7213114754098361,34.26929476347904
13,3,0.9801323993090506,0.522274114023877,0.6065573770491803,33.76977322755707
13,4,0.9801322055298115,0.4993417445365735,0.7540983606557377,34.081369355942165
13,5,0.9642310856871751,0.5134736582438864,0.639344262295082,34.60323329170827
13,6,0.7224367316483633,0.554231277804053,0.7049180327868853,35.01042447518931
13,7,0.8133556378490389,0.5719682991493729,0.7540983606557377,35.3790245356326
13,8,0.9801364991319392,0.5278930470180351,0.6721311475409836,33.85230431710638
13,9,0.9801357089825868,0.496485148368807,0.7868852459016393,37.37137446500672
14,0,0.6973592725115548,0.5075072219343054,0.819672131147541,47.094720514021716
14,1,0.7627140516910388,0.49961424374655794,0.8032786885245902,50.127504466890585
14,2,0.4994408204638687,0.4647196428069475,0.8360655737704918,46.31110067400584
14,3,0.659723087764089,0.5285258202137293,0.7704918032786885,46.290536327642286
14,4,0.7505803666858297,0.5369050470764423,0.8032786885245902,48.99545406857126
14,5,0.730754575002199,0.4933490159147985,0.8360655737704918,44.89531219117073
14,6,0.6561379421161351,0.4904184566427167,0.7704918032786885,45.67022989818007
14,7,0.5281157380287083,0.49493324189427307,0.8360655737704918,48.288330599682595
14,8,0.971646978009628,0.4747845186633788,0.7868852459016393,45.10517594404597
14,9,0.7490252780780101,0.523103018934261,0.7704918032786885,51.80707530046736
15,0,0.9447895071200392,0.5323694127807298,0.6885245901639344,33.50435432879992
15,1,0.634578699656583,0.4722307362744823,0.7377049180327869,33.330592015828415
15,2,0.633034776624083,0.48025924945084225,0.7213114754098361,34.94318000950902
15,3,0.9695417309460796,0.5264953889753226,0.6557377049180327,35.74879755458783
15,4,0.7464863970696926,0.5479806395068044,0.7868852459016393,33.419186993006825
15,5,0.9286279855579069,0.5274975518638829,0.8032786885245902,33.42278301919714
15,6,0.7477346783318938,0.5248348483620846,0.7540983606557377,34.38649252983937
15,7,0.9801115863605345,0.5176405543665696,0.7868852459016393,34.00992443363789
15,8,0.9152616484670689,0.5342177234871489,0.7868852459016393,37.10866142156382
15,9,0.9800939254796677,0.538712641014719,0.6065573770491803,35.6974351424447
16,0,0.980140832100712,0.18335310230954568,0.8852459016393442,76.36464219937295
16,1,0.9801408321007112,0.18140472390889498,0.8852459016393442,77.07315180594502
16,2,0.980140832098806,0.18289852605576698,0.8852459016393442,80.59370137938724
16,3,0.9801408321007107,0.18316064623168418,0.8688524590163934,77.12994753466594
16,4,0.9801408320974659,0.1862932264555144,0.8688524590163934,82.53995698453812
16,5,0.9801408321006811,0.17978146012099777,0.8524590163934426,77.16586614065636
16,6,0.9801408321007117,0.1842520963629883,0.8688524590163934,80.58443984216972
16,7,0.9801408320994967,0.1759119151440668,0.8688524590163934,80.58999219576145
16,8,0.9801408320754957,0.18012145874495414,0.8852459016393442,81.81591261333259
16,9,0.9801408321007111,0.18919218803813811,0.8688524590163934,77.91743526899381
17,0,0.980140832100712,0.15935933424281737,0.9180327868852459,310.77097057784795
17,1,0.9801408321007121,0.1595011201875675,0.9180327868852459,312.03715729720733
17,2,0.980140832100712,0.16414978497195326,0.9016393442622951,305.49375963362365
17,3,0.980140832100712,0.1615805432703204,0.9016393442622951,303.7902964894563
17,4,0.9801408321007121,0.15950673043319125,0.9180327868852459,313.26735416579663
17,5,0.980140832100712,0.1577723378719527,0.9016393442622951,303.4880124008801
17,6,0.980140832100712,0.16521751328177872,0.9180327868852459,311.5280536544085
17,7,0.9801408321007121,0.1548460229345415,0.9180327868852459,311.9010932150247
17,8,0.980140832100712,0.16105466976270477,0.9180327868852459,311.6319231139579
17,9,0.9801408321007121,0.15929602877879487,0.9180327868852459,306.62477621042996
18,0,0.6241408014555732,0.4567866020674223,0.2459016393442623,4.902977578495733
18,1,0.7173559758632285,0.5090263523134484,0.39344262295081966,3.9788499810037843
18,2,0.5610871642155321,0.44962323973580337,0.2459016393442623,3.9981149533297553
18,3,0.6551080375656795,0.5004822727103398,0.2459016393442623,4.33686254177321
18,4,0.5192594736103463,0.5158678211505608,0.3770491803278688,3.750406835986908
18,5,0.5992791910243445,0.522607594851157,0.21311475409836064,3.8078700781810326
18,6,0.656887132057954,0.511757786446901,0.2459016393442623,4.259950700415445
18,7,0.7004435393751576,0.47263723732025753,0.22950819672131148,4.854448083793531
18,8,0.7847346077314055,0.46265767055636936,0.19672131147540983,4.410171129710106
18,9,0.6671529917679522,0.4587582869782865,0.21311475409836064,3.542655832011106
19,0,0.8886917423695042,0.5004278318954822,0.11475409836065574,1.8252990924530867
19,1,0.9150153867336343,0.4568434121724753,0.03278688524590164,1.6572489279734977
19,2,0.8083509918502665,0.5205043286097879,0.08196721311475409,2.0260897767019874
19,3,0.9302893576279857,0.46982418507526413,0.0,1.473046250108085
19,4,0.7689625890428228,0.4973077654212975,0.0,1.0920947416210283
19,5,0.9480368070353946,0.43544277786712604,0.0,1.3064657276005938
19,6,0.9123026876337539,0.45906410286995053,0.01639344262295082,1.5712026935173182
19,7,0.9557686403613341,0.4379216009052086,0.08196721311475409,1.963560690804862
19,8,0.9509102990512351,0.4409217146725336,0.14754098360655737,1.9793915609611055
19,9,0.9336711023394454,0.4648213069542636,0.18032786885245902,1.93656168277899
20,0,0.9801408321007121,0.19411496747305895,0.9016393442622951,105.41813834219496
20,1,0.9801408321006262,0.19913665287824145,0.8688524590163934,103.14191726068752
20,2,0.9801408321007121,0.19169821453739994,0.8688524590163934,104.59075163107346
20,3,0.980140832100712,0.2100698431217584,0.8852459016393442,102.94902988030346
20,4,0.9801408321006924,0.18918184917427733,0.8852459016393442,101.75272202492377
20,5,0.980140832100712,0.20868905856842282,0.8688524590163934,102.20968597015647
20,6,0.9801408320068683,0.2320689899061593,0.8524590163934426,102.05291453187168
20,7,0.9801408321006527,0.21356203345722688,0.8688524590163934,100.39281710458422
20,8,0.9801408319778019,0.18014010631942262,0.8852459016393442,101.91013810059542
20,9,0.9801408321007121,0.1918214787179395,0.8852459016393442,99.50652866101007
21,0,0.9801352948254715,0.5289309717461171,0.6885245901639344,28.52499161043611
21,1,0.9801056935858387,0.5108641460667578,0.6721311475409836,30.487102966052767
21,2,0.980129860393482,0.5540082322703292,0.6557377049180327,32.146838700798405
21,3,0.9801352585119039,0.5377099246231801,0.7377049180327869,31.023099705666073
21,4,0.5708761957905385,0.5368625942535928,0.639344262295082,31.321090914286877
21,5,0.7699781995246145,0.5599741018764051,0.7540983606557377,30.69398319639313
21,6,0.9742636152072578,0.534533694817715,0.7540983606557377,34.72581059897709
21,7,0.9801339629005568,0.5138309016196088,0.6065573770491803,31.879328274673327
21,8,0.9692731516739971,0.5290816067222815,0.7704918032786885,28.435253062115244
21,9,0.9753800668885235,0.522410737705691,0.6721311475409836,30.770515204626
22,0,0.9361070577692183,0.4863655344722085,0.08196721311475409,2.0573257191238916
22,1,0.8898376561559957,0.4751779697993632,0.01639344262295082,1.5283012709704946
22,2,0.9336673024448154,0.4708411357801825,0.09836065573770492,2.0431154124050868
22,3,0.7113882037160872,0.5129694134619327,0.0,1.0350158038261692
22,4,0.9513397564125322,0.4790519949113485,0.03278688524590164,1.616354546583171
22,5,0.9179884643382399,0.46695975447629057,0.04918032786885246,1.576861712993628
22,6,0.9125679140842232,0.4840155406424029,0.0,1.3810105753611923
22,7,0.8517815699127252,0.5098375859917303,0.0,1.2363174177922318
22,8,0.8669943929281636,0.5151295980641594,0.0,1.2111521689748501
22,9,0.9483979526667025,0.4713979799550338,0.0,1.3152714504992291
23,0,0.9801304931006197,0.43630701782401105,0.7704918032786885,26.0429135286233
23,1,0.9801323911723535,0.4001616047902815,0.7049180327868853,26.04372594042447
23,2,0.980113780935303,0.4496880917679931,0.7049180327868853,26.864665587601262
23,3,0.9801317224809538,0.47121180095158977,0.6885245901639344,24.171591564414875
23,4,0.9720433278312101,0.40607648345285674,0.7540983606557377,25.69279058393539
23,5,0.9801007733087274,0.4839669935847426,0.6065573770491803,27.070405086431272
23,6,0.980134077650781,0.35836148601684886,0.8360655737704918,26.519645613288734
23,7,0.9801215997423809,0.36971000016616984,0.6885245901639344,25.533029529960668
23,8,0.9801264919191021,0.4068432304690922,0.6885245901639344,25.563512660740976
23,9,0.9801298912118347,0.42691063914150035,0.7540983606557377,25.897296895026013
24,0,0.9801408321001531,0.17609183815892507,0.8852459016393442,105.75295762981715
24,1,0.9801408321007039,0.18021178211030925,0.8688524590163934,102.85795595709239
24,2,0.9801408321006542,0.21944605012049392,0.8852459016393442,101.75268723308707
24,3,0.980140832100711,0.1899841215635766,0.9016393442622951,100.27467399825537
24,4,0.9801408321007121,0.2098134482918925,0.8852459016393442,103.92157942184585
24,5,0.9801408320990959,0.19715860545249175,0.8852459016393442,101.02451327743194
24,6,0.9801408320896277,0.18856763781863903,0.9016393442622951,102.90340445640784
24,7,0.9801408321007034,0.17322647979559605,0.9180327868852459,105.00301663602616
24,8,0.980140832100712,0.1852912418955253,0.8852459016393442,99.69228418986948
24,9,0.9801408321006502,0.22682906792153773,0.8852459016393442,104.35905071415317
25,0,0.980140832100712,0.15465703153128194,0.9180327868852459,558.0957095052971
25,1,0.980140832100712,0.15114140208567028,0.9180327868852459,555.1449056453922
25,2,0.980140832100712,0.15744197008666047,0.9344262295081968,554.9863337335553
25,3,0.9801408321007121,0.15317240404957475,0.9180327868852459,561.089264883613
25,4,0.9801408321007121,0.1550648621893464,0.9344262295081968,569.5450326883873
25,5,0.980140832100712,0.15508247524145827,0.9180327868852459,565.405688354575
25,6,0.9801408321007121,0.1521102874756245,0.9180327868852459,570.2156423262219
25,7,0.9801408321007121,0.1501602103653586,0.9344262295081968,572.0608649043047
25,8,0.9801408321007121,0.15252947942861078,0.9344262295081968,566.1027658328867
25,9,0.980140832100712,0.15698081267155037,0.9180327868852459,565.1833256846854
26,0,0.6512060667808239,0.674160352003999,0.4098360655737705,14.538080143213566
26,1,0.5928522141605763,0.6538266700327022,0.5901639344262295,15.466180079156796
26,2,0.5721011682945131,0.6365320702357329,0.6229508196721312,15.89399760687677
26,3,0.7466323692235394,0.663293107984118,0.639344262295082,14.817590999845567
26,4,0.8078763985984299,0.6115923274387948,0.7704918032786885,14.486924293972242
26,5,0.4759544073763251,0.6319503544341071,0.6065573770491803,15.886863008140509
26,6,0.5570286399217517,0.658386855028149,0.5245901639344263,14.795281999574868
26,7,0.7863723060485521,0.613897145987466,0.5901639344262295,13.04699173514093
26,8,0.6094077474423957,0.6983245214023114,0.5245901639344263,13.4841031399693
26,9,0.6641618492643656,0.6359572328018052,0.7049180327868853,14.393569734398863
27,0,0.9616844458029897,0.45888874926343953,0.4426229508196721,6.3680168647973066
27,1,0.9211993131948853,0.45608771681645743,0.2459016393442623,6.570738437356315
27,2,0.9520324069260232,0.4880418510315371,0.4426229508196721,7.411167389903219
27,3,0.9645640672908141,0.4582612459802379,0.47540983606557374,7.071145732254605
27,4,0.9339959251090877,0.4565103273970131,0.39344262295081966,7.287857240327564
27,5,0.9214631805257988,0.5008131168012695,0.7049180327868853,7.494734192586948
27,6,0.9412326203912726,0.46506914762007967,0.4098360655737705,7.844444669450426
27,7,0.9370121819408775,0.46411926112015217,0.36065573770491804,5.938635271370433
27,8,0.9641959791498234,0.4618190407989833,0.5573770491803278,6.080343411591803
27,9,0.955774480129341,0.4847681235579301,0.5245901639344263,7.44171220156743
28,0,0.9801408321007109,0.1842718372538601,0.8852459016393442,84.40854916768342
28,1,0.9801408320990347,0.17932285384373206,0.8688524590163934,88.53595173294896
28,2,0.9801408321007086,0.19200117038250844,0.8524590163934426,87.1996282462753
28,3,0.9801408321007119,0.17698838895161081,0.8852459016393442,82.40565991636898
28,4,0.9801408321004769,0.1835513032064346,0.8688524590163934,84.78159969183943
28,5,0.9801408321007116,0.18718879103695557,0.8688524590163934,81.27748481458448
28,6,0.9801408321007106,0.19181881637773848,0.8688524590163934,87.02097746997644
28,7,0.9801408321007118,0.18033814248692284,0.8524590163934426,85.00803741236982
28,8,0.9801408321006897,0.1958921048790996,0.8688524590163934,86.69581707028401
28,9,0.9801408321007119,0.1934425329837405,0.8688524590163934,83.92654658475865
29,0,0.980101789671622,0.3903439881578054,0.32786885245901637,5.166107815584719
29,1,0.9756583666606367,0.4377413334731393,0.22950819672131148,5.108005557840268
29,2,0.9756544818877917,0.43192115355393873,0.21311475409836064,4.378221014330225
29,3,0.971572347898327,0.446750013333724,0.18032786885245902,5.44675629560441
29,4,0.9792151182445384,0.433905362396638,0.26229508196721313,5.490679464658456
29,5,0.9800892240534655,0.38405342653657815,0.26229508196721313,6.061347221780886
29,6,0.9800965434530401,0.40885687420080946,0.29508196721311475,4.821036724039668
29,7,0.9693566878537411,0.45467672968940664,0.2459016393442623,4.922748986942894
29,8,0.9756320708030888,0.4529164167270288,0.22950819672131148,4.896899275559108
29,9,0.9707564317218451,0.4427309114086765,0.19672131147540983,5.145511371624611
30,0,0.9801408310071349,0.3022064994939017,0.8524590163934426,34.865158683823125
30,1,0.9014734950237003,0.23448627310559111,0.819672131147541,36.48034732832654
30,2,0.9801078638309945,0.2673906993559003,0.7377049180327869,33.798306395340106
30,3,0.9788358891488066,0.25968315906313766,0.819672131147541,36.1760554568055
30,4,0.9801406646922817,0.24575765139637581,0.8852459016393442,34.339649453411624
30,5,0.9801408289961946,0.2950851118484574,0.819672131147541,34.30942954172848
30,6,0.980140802116134,0.21962058535493215,0.8360655737704918,33.24249516491697
30,7,0.9801408320113204,0.2678487230517931,0.7704918032786885,34.76063155692431
30,8,0.980140825743524,0.23641506351814057,0.7704918032786885,33.07241712913481
30,9,0.8905389265277738,0.2696380666667037,0.8032786885245902,35.6816211017751
31,0,0.6005136437696672,0.5073428301677323,0.2786885245901639,3.560418520436543
31,1,0.8168019381022231,0.4894580630243601,0.26229508196721313,3.110213931482473
31,2,0.5096071697960071,0.4760886675896167,0.2459016393442623,2.5752657057369523
31,3,0.6458333103964439,0.4997168521753291,0.22950819672131148,2.298992297152217
31,4,0.5442599231743144,0.4683477944211404,0.18032786885245902,2.605289637812188
31,5,0.5252801096151296,0.5049881235991297,0.14754098360655737,2.743990833772833
31,6,0.5811380339546176,0.47268242797961224,0.21311475409836064,2.8067792251611388
31,7,0.60914970246506,0.5004781758238857,0.19672131147540983,3.1169838067185083
31,8,0.6208685186103562,0.4916447909159604,0.2459016393442623,3.2304131074541096
31,9,0.7722356380841537,0.49235363930197634,0.22950819672131148,2.9513308120162307
32,0,0.980140832100712,0.17094767993495344,0.9016393442622951,153.07512665391357
32,1,0.9801408321007119,0.16680176195871102,0.9180327868852459,153.31224155793205
32,2,0.980140832100712,0.1712103533557157,0.8852459016393442,154.30965122076498
32,3,0.9801408321007119,0.16720345131881031,0.8852459016393442,153.24738153568447
32,4,0.980140832100712,0.1652948370937624,0.9016393442622951,155.5502725595518
32,5,0.980140832100712,0.18303929273191175,0.8852459016393442,153.02538632384568
32,6,0.9801408321007119,0.1651922207703031,0.9016393442622951,157.23026674306016
32,7,0.980140832100712,0.17091737167123927,0.9016393442622951,157.24156461081972
32,8,0.980140832100712,0.16639446895012217,0.8852459016393442,158.06835640475504
32,9,0.9801408321007119,0.1708775573694087,0.9016393442622951,157.4630262139935
33,0,0.7276099244181637,0.6476991173973312,0.5245901639344263,11.331409779559333
33,1,0.8311096307247621,0.6108406131005273,0.7377049180327869,10.798830604564126
33,2,0.6764956538044371,0.6446713419855117,0.5081967213114754,13.577638630027144
33,3,0.6626175071053809,0.6641747825427051,0.4918032786885246,11.677452916588884
33,4,0.8174467194569865,0.6311128263081264,0.6721311475409836,10.785373157079617
33,5,0.6738675751625325,0.6775106811068322,0.45901639344262296,11.454713258684682
33,6,0.6547031141392311,0.6344039525017572,0.5245901639344263,12.40228003723197
33,7,0.8385777543025515,0.6173553113413429,0.639344262295082,10.48785062462097
33,8,0.5455491975564633,0.6374164752487309,0.5737704918032787,12.178045117505057
33,9,0.6189262554532569,0.6689914466940772,0.5409836065573771,11.501042965441382
34,0,0.9801408321007121,0.16309498286129506,0.9180327868852459,193.76780609586118
34,1,0.980140832100712,0.17211225603935182,0.9016393442622951,189.82016803406825
34,2,0.9801408321007121,0.1793129793227954,0.9016393442622951,193.17799533515765
34,3,0.9801408321007121,0.1714782815669704,0.9180327868852459,188.9385844781711
34,4,0.9801408321007121,0.17215990226164624,0.9180327868852459,190.9433072689134
34,5,0.9801408321007121,0.18101029744098113,0.9016393442622951,188.76195135172802
34,6,0.9801408321007121,0.16924349652070728,0.9180327868852459,182.94099532011836
34,7,0.980140832100712,0.16409482770556955,0.9180327868852459,182.62051278257047
34,8,0.9801408321007121,0.18282116212987562,0.8688524590163934,189.29171843890532
34,9,0.980140832100712,0.17588121259053796,0.9016393442622951,186.66532636028222
35,0,0.614249904793362,0.5763158632538472,0.7540983606557377,40.99849853490617
35,1,0.6466456152217788,0.5385580458964705,0.7540983606557377,46.02591546201964
35,2,0.564840753009277,0.5058567333104431,0.8852459016393442,43.534244484477014
35,3,0.8506870094993771,0.5168327898227748,0.8032786885245902,41.60026702965043
35,4,0.49710150319406743,0.5047772836687798,0.8032786885245902,40.85232246684489
35,5,0.8481532578293393,0.5620388566521668,0.7868852459016393,43.532311780020294
35,6,0.639990443189685,0.4835211116129261,0.8360655737704918,37.5310556804058
35,7,0.9102089686879674,0.5165446569396689,0.7868852459016393,41.580575327052074
35,8,0.9663267393660527,0.5237024662146281,0.7704918032786885,44.2310381080986
35,9,0.7159399917903196,0.5426964986003266,0.819672131147541,42.31641338407997
36,0,0.9801408321007121,0.15151144649050657,0.9344262295081968,701.3508579618657
36,1,0.980140832100712,0.1492735528946167,0.9508196721311475,692.387927939957
36,2,0.980140832100712,0.15323518802344369,0.9180327868852459,706.7603458014146
36,3,0.980140832100712,0.15122796560143936,0.9344262295081968,710.7880563680999
36,4,0.9801408321007121,0.15310189228425888,0.9344262295081968,695.4616286254535
36,5,0.9801408321007121,0.15897668439900178,0.9180327868852459,710.0940839847171
36,6,0.980140832100712,0.1545458555607867,0.9344262295081968,698.7732476891819
36,7,0.980140832100712,0.15198569119985283,0.9344262295081968,695.4154559342795
36,8,0.9801408321007121,0.15304807322211417,0.9344262295081968,692.3962391083334
36,9,0.9801408321007121,0.1520157091499505,0.9180327868852459,692.6430325026633
37,0,0.9801408320665006,0.19477838061472114,0.8688524590163934,107.36439825784822
37,1,0.9801408321006966,0.21303300151449864,0.9016393442622951,102.82639382697101
37,2,0.9801408321005214,0.23246938752748209,0.8852459016393442,101.56083570483177
37,3,0.980140832100712,0.24722314252529556,0.8524590163934426,103.41635484962688
37,4,0.9801408321007121,0.20938799751945128,0.8852459016393442,100.25411000960857
37,5,0.9801408321007121,0.22355159719232864,0.8852459016393442,102.13196999428621
37,6,0.9801408320997833,0.2322358917648762,0.9016393442622951,101.51656420417848
37,7,0.9801408321007121,0.19800524584876383,0.8688524590163934,99.37217930245589
37,8,0.9801408321007111,0.1967281190218141,0.8688524590163934,102.53078583269107
37,9,0.980140832100696,0.19556869833427612,0.8688524590163934,102.93690882944824
38,0,0.980140832100712,0.16298707378467805,0.9180327868852459,314.7712249849066
38,1,0.980140832100712,0.16285104087036792,0.9016393442622951,311.95953707296667
38,2,0.980140832100712,0.15620704218977696,0.9180327868852459,308.9981010427264
38,3,0.980140832100712,0.15803212034831415,0.9180327868852459,305.8888587429997
38,4,0.980140832100712,0.16128150111424727,0.9180327868852459,303.90070616136825
38,5,0.9801408321007121,0.15915288912461162,0.9180327868852459,311.80058992086276
38,6,0.980140832100712,0.1545061211814833,0.9344262295081968,309.4914441047427
38,7,0.980140832100712,0.15993980341850575,0.9180327868852459,311.23947890782796
38,8,0.980140832100712,0.1556815691866081,0.9180327868852459,307.4708807498018
38,9,0.9801408321007121,0.15858120253471591,0.9016393442622951,306.4233939271808
39,0,0.8766897241097923,0.4769609284466998,0.0,1.410999301222776
39,1,0.7622530609486394,0.47273052981088853,0.0,1.2939034879385503
39,2,0.8044413801465091,0.4657745621794572,0.08196721311475409,1.933242090112831
39,3,0.7184348944906513,0.44850117032935194,0.19672131147540983,2.775457409983198
39,4,0.7311326065499973,0.48065631160425515,0.04918032786885246,1.9402173252686252
39,5,0.9196907725502746,0.4870905154181924,0.14754098360655737,2.4148128618995033
39,6,0.7188007918366841,0.4850422252593485,0.22950819672131148,2.707348244661
39,7,0.7177760379880164,0.4632957347177825,0.14754098360655737,2.402324624296803
39,8,0.6513009901117995,0.4728079850798371,0.16393442622950818,1.9074263726782321
39,9,0.5840343544010556,0.4778377440307614,0.08196721311475409,1.8039418926819977
40,0,0.9801408318753058,0.22373167320845025,0.8360655737704918,41.47898213792562
40,1,0.9801408320980881,0.21863092908859774,0.8360655737704918,40.18694997148859
40,2,0.9801408319939827,0.20247704479616524,0.8688524590163934,39.7854997117735
40,3,0.9801407685971921,0.19979501552339907,0.819672131147541,41.91297643300579
40,4,0.9801299566237807,0.2004650130502506,0.8852459016393442,41.356272074232436
40,5,0.9801405684355535,0.22340739692689437,0.8688524590163934,40.15642578198267
40,6,0.9801405161096518,0.20870711636825603,0.8852459016393442,38.83781408203386
40,7,0.9801408273906977,0.21993460597965372,0.8360655737704918,39.33368096779305
40,8,0.9801408223335811,0.23537506137621045,0.819672131147541,40.185297695794226
40,9,0.9801408312912079,0.2031273111193677,0.819672131147541,40.49394613218166
41,0,0.9801408321007121,0.16394885228995204,0.9016393442622951,165.47888357548507
41,1,0.980140832100712,0.17129446568025503,0.9016393442622951,166.84168548136222
41,2,0.9801408321007121,0.16756107247500795,0.9016393442622951,167.6974603909395
41,3,0.9801408321007121,0.17554752821117914,0.9016393442622951,169.93671911302567
41,4,0.980140832100712,0.1675810968855236,0.9016393442622951,170.01069235859498
41,5,0.980140832100712,0.17026872139816543,0.9016393442622951,166.82623352068535
41,6,0.980140832100712,0.16711424964784075,0.9180327868852459,164.40772588177308
41,7,0.980140832100712,0.17284900704578865,0.8852459016393442,170.80771027916987
41,8,0.9801408321007121,0.17369970959494976,0.9180327868852459,170.40240856701695
41,9,0.9801408321007121,0.1693651301183358,0.9016393442622951,172.89418499476403
42,0,0.857736584745058,0.4720176122021346,0.0,1.3243147967194608
42,1,0.8308948693576454,0.470252024382275,0.01639344262295082,1.5255344876443817
42,2,0.8597439256867379,0.46547589625542596,0.03278688524590164,1.54483581690184
42,3,0.8587870624432459,0.44680180977942857,0.08196721311475409,2.0073773181955596
42,4,0.7740573153015449,0.5040560968965827,0.01639344262295082,1.5832828872966438
42,5,0.8558588428543539,0.4729471316478388,0.09836065573770492,2.069969796050004
42,6,0.7292470999249508,0.5686982619431368,0.14754098360655737,1.9001964097040336
42,7,0.8044112099281964,0.4460829029335378,0.0,1.0534492181881472
42,8,0.7632848963222228,0.49406896893165264,0.03278688524590164,1.7191155511901286
42,9,0.8567380101255818,0.498017001174905,0.03278688524590164,1.7359740170936748
43,0,0.9801408321007121,0.17459303122304856,0.8852459016393442,120.17089846952808
43,1,0.980140832100712,0.17988242575090682,0.8852459016393442,117.37411498623226
43,2,0.9801408321007041,0.18402865018881454,0.8852459016393442,116.69035649002723
43,3,0.9801408321007116,0.19048539420295907,0.8852459016393442,123.87519661201388
43,4,0.9801408321007121,0.19802092255501885,0.8688524590163934,119.76223176714458
43,5,0.9801408321007121,0.17973293190891884,0.9016393442622951,117.65984810560496
43,6,0.9801408321007119,0.1877873309409756,0.9016393442622951,117.81065094164599
43,7,0.9801408321007121,0.18667964354843863,0.8852459016393442,116.33532163635337
43,8,0.9801408321007119,0.19105710446156077,0.8852459016393442,118.0044578643878
43,9,0.980140832100712,0.19274028626305492,0.8852459016393442,117.38875637803785
44,0,0.9801156713320631,0.43830443592573226,0.639344262295082,19.72698726753928
44,1,0.980122736630718,0.4584299137715617,0.8032786885245902,17.840141036747184
44,2,0.9801338171407572,0.44806109278317396,0.6065573770491803,21.953114540755973
44,3,0.980133790663748,0.4667247094725672,0.7049180327868853,19.263148983150252
44,4,0.9801240186819218,0.4194452134885424,0.6885245901639344,21.626663113994645
44,5,0.9800927450010255,0.40210032030777204,0.7049180327868853,18.888921577140525
44,6,0.9801304309012158,0.4253870351255033,0.6721311475409836,19.406750164473827
44,7,0.9801135880318903,0.4890875189914352,0.7049180327868853,20.80449671761176
44,8,0.9801279146779737,0.4371795225434207,0.6885245901639344,19.852747413608718
44,9,0.9801206383043997,0.4501444817523686,0.7540983606557377,18.696485398319467
45,0,0.9801408321007121,0.16104120494552807,0.9180327868852459,584.3774146729244
45,1,0.9801408321007121,0.15634575480347299,0.9180327868852459,574.287989818798
45,2,0.9801408321007121,0.1545437991043265,0.9344262295081968,570.1603727525095
45,3,0.980140832100712,0.16001571273294973,0.9180327868852459,579.782869353664
45,4,0.9801408321007121,0.15329075169999654,0.9344262295081968,565.0176588453805
45,5,0.980140832100712,0.15505782490221365,0.9344262295081968,570.7920558714923
45,6,0.980140832100712,0.15054028144517284,0.9344262295081968,571.9979521906033
45,7,0.9801408321007121,0.16104324374934006,0.9180327868852459,568.2812824943021
45,8,0.9801408321007121,0.1551595258892973,0.9344262295081968,572.2455861096721
45,9,0.9801408321007121,0.15514320582787222,0.9344262295081968,579.1191683487096
46,0,0.8068374972970722,0.4033703539150675,0.8852459016393442,60.46233655671555
46,1,0.9123121791475489,0.3972484658759091,0.8852459016393442,61.94546709200597
46,2,0.975047537305121,0.4477684640003752,0.8032786885245902,60.477157348598965
46,3,0.9754816638087667,0.329128295311698,0.8524590163934426,59.47246946718922
46,4,0.5936644525362671,0.41939043505425627,0.8688524590163934,62.029199826131126
46,5,0.7473510997946022,0.4769687477017207,0.819672131147541,61.79623198803411
46,6,0.5931633013462078,0.45124293108269414,0.8360655737704918,61.0313236704711
46,7,0.9766121628620036,0.38043253082335315,0.8688524590163934,61.64808253071148
46,8,0.8275236263925194,0.3654667681545335,0.8688524590163934,62.68643839447511
46,9,0.9162408000200742,0.42688138735649844,0.8852459016393442,59.59550274728676
47,0,0.6236980108388188,0.5349062588707527,0.7540983606557377,44.17357971312894
47,1,0.5049600669325267,0.5436853555951159,0.8032786885245902,45.26107290415912
47,2,0.6843279629561124,0.5344659471886994,0.7213114754098361,46.591793821204746
47,3,0.5988094644031325,0.5209141769663204,0.8360655737704918,45.55112166718658
47,4,0.851624821007922,0.5051429667302735,0.8360655737704918,44.77373560666131
47,5,0.5418799549671165,0.5577869377660468,0.7868852459016393,46.26310410093208
47,6,0.8518176321935569,0.5514390091463923,0.7540983606557377,44.648458747876944
47,7,0.503505897892185,0.4923231901962121,0.7213114754098361,44.664588839287276
47,8,0.7133292174841234,0.5307870444227453,0.8032786885245902,45.69685732484313
47,9,0.9622354667996971,0.4925070952460421,0.819672131147541,41.467745239671245
48,0,0.6837772553927883,0.5221304645799862,0.2459016393442623,4.1987371874213695
48,1,0.73407327862888,0.48345928713550906,0.3442622950819672,4.63747646440364
48,2,0.6423645173518681,0.5015026200831769,0.2459016393442623,3.1892049532708135
48,3,0.560958705710869,0.47877740020789006,0.2459016393442623,3.95264457731554
48,4,0.5523625053199612,0.5276598396364198,0.2786885245901639,3.824133198598892
48,5,0.5124711443052269,0.532748972245579,0.26229508196721313,4.2066716832563635
48,6,0.5144643852674684,0.5152259432718054,0.29508196721311475,4.3224155663967725
48,7,0.5218660918926687,0.5101074520820249,0.26229508196721313,3.3869382446277014
48,8,0.6702822055680865,0.5053731820869292,0.2459016393442623,4.447998565806253
48,9,0.8011198111678561,0.4773366456837675,0.2459016393442623,4.0541019311064295
49,0,0.6076499755218908,0.641270003067883,0.639344262295082,8.75835614539242
49,1,0.7106573853724063,0.6035504115424926,0.6065573770491803,7.897151975836687
49,2,0.6785114783516983,0.5995608107355936,0.8032786885245902,8.281742845256854
49,3,0.5922158258404082,0.6168251858662577,0.5245901639344263,8.020687968216988
49,4,0.6751899685818425,0.6105603822577643,0.6885245901639344,7.8980171077894585
49,5,0.5915802714119446,0.609202109160288,0.7377049180327869,8.901704307061786
49,6,0.6498722797326618,0.6530568881205953,0.5573770491803278,10.23935100016742
49,7,0.5200474213270833,0.633293216085585,0.5245901639344263,8.054268633511306
49,8,0.7547519396658448,0.6410827509437345,0.6229508196721312,8.40009568908382
49,9,0.6675658597723474,0.6284008854588646,0.5901639344262295,9.374141007106818
50,0,0.9801408265346909,0.19408793140370478,0.8852459016393442,47.86926766973721
50,1,0.9801408309655901,0.2001925817519018,0.8360655737704918,44.26922538097233
50,2,0.9801408311156508,0.20529819244727443,0.8852459016393442,46.48652753764135
50,3,0.9801408320747528,0.1988381653825564,0.8524590163934426,44.574773437484446
50,4,0.9801408320654037,0.2014701688242015,0.8852459016393442,46.64145597478199
50,5,0.9801407537173089,0.1965284425149645,0.9016393442622951,47.12913542965719
50,6,0.9801408307064615,0.20397041080372152,0.8524590163934426,45.33022632086657
50,7,0.9801402235670186,0.21221043184556962,0.8688524590163934,51.57196249454436
50,8,0.9801408313329528,0.2061028781487564,0.8688524590163934,46.56427706450603
50,9,0.9801408320984561,0.18845775595425962,0.8852459016393442,48.12059347486346
51,0,0.9666909557391973,0.43844548755819635,0.5737704918032787,12.971435780451142
51,1,0.9619414522784111,0.4981655924364356,0.639344262295082,13.075047933979322
51,2,0.9666825746060345,0.4779824674948005,0.6229508196721312,12.210861760613936
51,3,0.9650164603510479,0.4741678046245421,0.6065573770491803,13.740453219822419
51,4,0.9594508213608967,0.4631348455490459,0.5081967213114754,12.419203615416624
51,5,0.9708675032075355,0.4551403206012717,0.6065573770491803,12.264955033146038
51,6,0.9747419158748881,0.48503037462174975,0.639344262295082,12.024569042090246
51,7,0.9707875337003921,0.4845288576644111,0.6557377049180327,12.383422640936164
51,8,0.9730230336878476,0.5035333615253198,0.6065573770491803,12.298474598316918
51,9,0.9746403869728173,0.45464881237550125,0.5737704918032787,13.418513155766245
52,0,0.8394763823891256,0.3484346258357065,0.8524590163934426,70.25570190155852
52,1,0.9801407607666349,0.39792265331649274,0.8524590163934426,72.0680103579827
52,2,0.923667476551163,0.43660861034400056,0.8524590163934426,73.58061582899927
52,3,0.9765192092627349,0.3650269458932946,0.8852459016393442,71.39087461124812
52,4,0.9244543717987546,0.3133505229991285,0.8360655737704918,70.3537921622318
52,5,0.9801408180122362,0.3713493015758453,0.8852459016393442,69.18332917787629
52,6,0.9801408223082536,0.3020021303269566,0.8852459016393442,69.67110584919564
52,7,0.9801408261083389,0.29998401292591154,0.8524590163934426,71.20869879015011
52,8,0.9801347014168882,0.3828622798844163,0.8524590163934426,70.7656435536352
52,9,0.6350444351949903,0.25306327581518884,0.8852459016393442,75.56071844753832
53,0,0.980140832100683,0.2751786248560294,0.8688524590163934,87.64795392967456
53,1,0.980140831222169,0.30030168512542993,0.8688524590163934,88.1076200499227
53,2,0.9801398003811068,0.2767511473958935,0.8852459016393442,90.50664957313029
53,3,0.9801408320734591,0.2763309486556074,0.8688524590163934,84.87819674215211
53,4,0.9801408321000739,0.2771601562781933,0.8852459016393442,85.0294366565131
53,5,0.9801408244204303,0.3141433456990072,0.8688524590163934,88.95694536831058
53,6,0.9801408311183153,0.2262725917878283,0.8688524590163934,87.32702989359998
53,7,0.9801408318993804,0.3137702376069872,0.9016393442622951,86.90338778226406
53,8,0.9801408318667839,0.3338351969385517,0.8360655737704918,86.4672276332463
53,9,0.9801407829840248,0.25613972150508596,0.8360655737704918,84.77668634750573
54,0,0.8324900961430062,0.4712262139138255,0.0,1.1100690013545527
54,1,0.9122922426734269,0.43330357456259183,0.0,0.7874212133312877
54,2,0.7907931536732997,0.4588640209391012,0.0,0.8060123685686365
54,3,0.7610474503442964,0.4841918532598144,0.0,0.5748070229071548
54,4,0.8814463320690287,0.477577184731205,0.0,0.4939105951955309
54,5,0.7228411096238482,0.49617779168766485,0.0,0.9629969193242068
54,6,0.6200214716233791,0.5301711618029722,0.0,0.7172951084882238
54,7,0.5579495814686082,0.4998084880149433,0.0,1.3808712818231894
54,8,0.6695653818528814,0.5007087026942307,0.0,0.6980196744859664
54,9,0.8419165868435144,0.46284896392808417,0.0,1.052170715642236
55,0,0.8631997468016885,0.3347148366607472,0.8852459016393442,61.850724666016674
55,1,0.6285186918838789,0.40363931844983586,0.8360655737704918,63.69478290260308
55,2,0.8852326428265882,0.4025647514829273,0.8524590163934426,61.79342388470593
55,3,0.9756354691767151,0.3050765782879918,0.8524590163934426,62.275331184028055
55,4,0.9679685205572011,0.2729099115509453,0.8688524590163934,62.69863494467386
55,5,0.8225729848529277,0.402899749090989,0.8524590163934426,63.538049882259266
55,6,0.7661615801490567,0.4021039273094352,0.7868852459016393,60.707986229478806
55,7,0.8194026420357489,0.3701982643711119,0.8524590163934426,62.93937366129228
55,8,0.8895316299220573,0.3990424985620965,0.8360655737704918,62.188390703489326
55,9,0.9801405605138929,0.3605157351289343,0.819672131147541,61.27444345246668
56,0,0.8801172142105286,0.4464166191813635,0.0,0.31200512244766593
56,1,0.6415316672054554,0.5010116443767297,0.0,1.3324896700396827
56,2,0.7898220799722434,0.5324860762530026,0.0,1.1279334871885784
56,3,0.8462480975426281,0.4640955998942901,0.0,0.716307378712647
56,4,0.853518983430366,0.46852985288729015,0.0,0.8702686388998759
56,5,0.7892506043117157,0.421160577564676,0.0,0.6094613278425672
56,6,0.7242486763278579,0.4796657559826086,0.0,0.3882143038159994
56,7,0.9021453009760407,0.4317390763408936,0.0,0.7482177488662886
56,8,0.8354565874612957,0.44890712346424677,0.0,0.685941573551547
56,9,0.7995262527562012,0.46560804460631444,0.0,1.222125743911869
57,0,0.941663245643293,0.3988654226941143,0.7377049180327869,23.403245850721866
57,1,0.9801349485617381,0.4283641458517533,0.7868852459016393,24.44769823570839
57,2,0.9801332515765743,0.44880472247082837,0.7868852459016393,22.98672070724822
57,3,0.9801296457103403,0.4627570780467741,0.6885245901639344,24.71881398546119
57,4,0.9801300301087614,0.3976766737414646,0.7540983606557377,23.87695754318527
57,5,0.9801307994076432,0.4451818731289571,0.6557377049180327,24.773776500883635
57,6,0.9801274917102335,0.41530193756216627,0.6885245901639344,23.91250661465527
57,7,0.9801319792346018,0.4243278795945643,0.7868852459016393,22.288374420010573
57,8,0.980133267680504,0.399816011613593,0.7049180327868853,24.66319253136188
57,9,0.9551888747066707,0.457529450755008,0.6885245901639344,23.44331480502683
58,0,0.980140832100712,0.15960846282383842,0.9016393442622951,392.7849463949614
58,1,0.9801408321007121,0.15696560416061067,0.9344262295081968,392.2050279216287
58,2,0.980140832100712,0.15609453507751608,0.9180327868852459,385.02221503974016
58,3,0.9801408321007121,0.1600165710225943,0.9180327868852459,388.05883863449185
58,4,0.9801408321007121,0.15718510766415728,0.9180327868852459,385.1937726114873
58,5,0.980140832100712,0.15784092630676694,0.9180327868852459,392.3308840443208
58,6,0.980140832100712,0.15606731632094012,0.9180327868852459,390.152433941598
58,7,0.9801408321007121,0.16108093906450374,0.9180327868852459,389.425804180468
58,8,0.980140832100712,0.15250237104147588,0.9180327868852459,384.8097650108418
58,9,0.980140832100712,0.15826287197221525,0.9016393442622951,390.14819796097504
59,0,0.9801408321007093,0.17456081505724919,0.9016393442622951,79.91940938912352
59,1,0.9801408321007116,0.18314460565801696,0.8688524590163934,78.3931371423067
59,2,0.9801408320956302,0.17540570383007414,0.8852459016393442,80.50681051251658
59,3,0.9801408320076568,0.17453670897970805,0.9180327868852459,77.93979147778948
59,4,0.98014083210071,0.17593692797490168,0.9016393442622951,82.24159191382334
59,5,0.9801408321006525,0.17626272754048766,0.8688524590163934,74.79709235114089
59,6,0.9801408321007058,0.1833775036788839,0.8852459016393442,79.68769649012916
59,7,0.9801408321006853,0.17143821627729294,0.9180327868852459,75.85053770598641
59,8,0.9801408318991482,0.171078189322809,0.9180327868852459,80.7092521305844
59,9,0.9801408320987862,0.17685504956840892,0.9016393442622951,75.84768396751369
60,0,0.6050706516487558,0.4842058610949012,0.0,1.3558843765843287
60,1,0.7834846416273991,0.4337757940458084,0.0,1.206679913140304
60,2,0.6310453019584525,0.4391058328786634,0.01639344262295082,1.5957897545130895
60,3,0.7835319634512744,0.42032129205392343,0.0,0.9324404127408206
60,4,0.6496459462547816,0.4501201437943541,0.0,1.046889337224072
60,5,0.7097293269717607,0.49213976428661727,0.09836065573770492,1.7930005640248257
60,6,0.7456684001323503,0.4423295616667604,0.0,1.3734783453721575
60,7,0.6982338166958743,0.45820401766464475,0.04918032786885246,1.7872555486103008
60,8,0.553602110070096,0.4908173945258932,0.08196721311475409,1.8412834230057142
60,9,0.6112454052930684,0.4467695699967747,0.08196721311475409,2.1322631753259476
61,0,0.9774948470091771,0.20757150193504031,0.8360655737704918,36.41618237188418
61,1,0.9801408263827041,0.2452719435459264,0.8360655737704918,36.98912669412818
61,2,0.9801408291914225,0.24742051297982207,0.819672131147541,34.63517347061524
61,3,0.980140273779999,0.2586540968597856,0.8688524590163934,37.68541032904617
61,4,0.9801407887656008,0.2437423218059238,0.8524590163934426,35.501084198002495
61,5,0.98014067993053,0.2521566183462766,0.819672131147541,37.935515977808876
61,6,0.9740743343422303,0.2872933204736827,0.8524590163934426,39.46999882324053
61,7,0.9801408320854684,0.22972314572002722,0.8360655737704918,36.784739684439245
61,8,0.9719430518370152,0.22496749198130547,0.8524590163934426,36.34550412832489
61,9,0.9801407053380539,0.2465496501948739,0.8360655737704918,38.11859512371834
62,0,0.9444869789174442,0.3135554494555865,0.8032786885245902,65.21365564862737
62,1,0.9801408320778643,0.35678299208613196,0.819672131147541,67.51970267585165
62,2,0.98014083202975,0.332314660412506,0.819672131147541,67.90664067550043
62,3,0.9599102437754066,0.36543803550708764,0.8852459016393442,65.7746248249274
62,4,0.9801406577812015,0.31492262314193786,0.8852459016393442,72.31190581524085
62,5,0.9512127446147783,0.3198782795108798,0.8852459016393442,70.7628091747859
62,6,0.980140832096204,0.32291657063365575,0.8524590163934426,66.78532447708582
62,7,0.9780611661099975,0.29826949692966676,0.8524590163934426,67.4648794933267
62,8,0.8256022243453783,0.42165514517302694,0.8524590163934426,72.28191549372538
62,9,0.9360772984132817,0.3434003417468665,0.8852459016393442,68.66567744855207
63,0,0.6338720819084351,0.48127885480196514,0.0,0.6830486120041739
63,1,0.7620816893467576,0.4419606285058391,0.0,1.4208619459693503
63,2,0.6996184037476832,0.46188084359851866,0.0,0.8791618295981853
63,3,0.8672975327417781,0.4262435445762604,0.0,1.0340689714439883
63,4,0.8557565534815038,0.4512045267152225,0.0,0.7420059221588177
63,5,0.6449272517201706,0.4756670701019346,0.0,1.473478036278904
63,6,0.8044368728128574,0.42871610700604607,0.0,1.09486797026937
63,7,0.8466175215343826,0.4378618571077466,0.0,1.3528239556024602
63,8,0.7693125903202878,0.5431351524685246,0.0,1.22642349112533
63,9,0.7998160180186471,0.47436846015786743,0.0,1.4266352210338418
64,0,0.62321571891104,0.568887360831304,0.5081967213114754,5.595553693620058
64,1,0.803630489344517,0.609875811416401,0.4918032786885246,4.783695002541537
64,2,0.6619529204246216,0.5315803015631662,0.2459016393442623,5.181839183645309
64,3,0.6774804387022321,0.5727278565029202,0.4098360655737705,5.462199513708403
64,4,0.6794269855733771,0.5417481379997993,0.21311475409836064,4.98737218091817
64,5,0.750331076854626,0.5090024149234512,0.26229508196721313,4.222211006606605
64,6,0.6710319940517785,0.5665340139515956,0.47540983606557374,6.043177820050929
64,7,0.6022808451863634,0.5727372966476966,0.4262295081967213,6.1690499003850885
64,8,0.5979429290890673,0.5771071619196481,0.6065573770491803,4.846076389279407
64,9,0.5594505852415345,0.4943746722380029,0.3114754098360656,4.481585700561791
65,0,0.7848600803948939,0.48172479614003794,0.14754098360655737,1.9275851553075118
65,1,0.5015102703587735,0.5087220860612104,0.03278688524590164,1.6246438411507949
65,2,0.7290152587658767,0.49484837184413605,0.0,1.0254219698635187
65,3,0.7684461829945286,0.49291644401671725,0.14754098360655737,2.0241182926098302
65,4,0.7491720172168747,0.5025144410573114,0.0,1.2167134423937647
65,5,0.7467757145744701,0.4841408878335623,0.0,1.475448557286204
65,6,0.7115078570851111,0.5023768193438556,0.0,1.401651960911325
65,7,0.9436350746557842,0.45427630770686617,0.19672131147540983,2.355662849491845
65,8,0.847373495812079,0.4925901026955454,0.0,1.1480146320902356
65,9,0.7475933407099611,0.49359722663567246,0.01639344262295082,1.5748216465319733
66,0,0.940500376871178,0.28994622147434956,0.8360655737704918,39.445409480831415
66,1,0.9801404014617605,0.2566514412214098,0.8360655737704918,37.84638414179084
66,2,0.9801375231742223,0.2393344043144717,0.8688524590163934,39.821867990237024
66,3,0.9801408250061071,0.2675331011189809,0.8524590163934426,38.616509821159056
66,4,0.9801405519037925,0.26859261252009986,0.819672131147541,41.39295716255116
66,5,0.9799102028360228,0.2757416308298734,0.8524590163934426,39.1819966748066
66,6,0.9801408288940443,0.25387591455637826,0.7704918032786885,38.79085968504925
66,7,0.980140832089994,0.2006640429117194,0.8688524590163934,37.37996767027023
66,8,0.9801408261324743,0.2754171571594135,0.8852459016393442,38.101150109394865
66,9,0.9767941267842131,0.296679123733726,0.8852459016393442,38.46215646306576
67,0,0.9801386130720978,0.36233373942748326,0.7868852459016393,33.651761055943766
67,1,0.9801405218430763,0.3078505751474656,0.7377049180327869,34.32842079001489
67,2,0.9801408228444658,0.3535344315347161,0.7377049180327869,33.253114535405366
67,3,0.9801408211870973,0.3071768048057,0.7377049180327869,31.663926777921244
67,4,0.965203178684297,0.3073383177417567,0.8032786885245902,34.72050779305471
67,5,0.9801408194079132,0.3398375123777259,0.6721311475409836,34.064519813952145
67,6,0.9801408314036111,0.3252692461216348,0.7868852459016393,33.47126972651829
67,7,0.9801404822651812,0.3484253712586515,0.8032786885245902,31.83354466886321
67,8,0.9801408173463455,0.354863710232518,0.6721311475409836,31.395681629168358
67,9,0.9801408320680732,0.39187098473066057,0.7049180327868853,33.047785036438846
68,0,0.9601341394693448,0.24428927309512424,0.8360655737704918,73.11480315891343
68,1,0.9247231869189692,0.28232842263518,0.8524590163934426,76.64844516454323
68,2,0.8896092174552139,0.277971480730192,0.8688524590163934,76.62381550245279
68,3,0.9801408319403091,0.2516110551181472,0.8688524590163934,74.09904232351242
68,4,0.9801408287477618,0.20904443188907046,0.8688524590163934,74.55972575742068
68,5,0.9453740011590677,0.23555757667830213,0.8688524590163934,74.13041449460204
68,6,0.9801408321007107,0.20366078004982766,0.8524590163934426,75.36834837689436
68,7,0.9758498561327204,0.24880777609970695,0.8852459016393442,73.59398600114976
68,8,0.957945831432528,0.22808946191486051,0.8524590163934426,74.34352265184229
68,9,0.8982194407809622,0.2375072597158959,0.8852459016393442,73.41000682487454
69,0,0.954403909102068,0.308024718874234,0.8688524590163934,33.990495842685505
69,1,0.9801043742032256,0.32607590431236444,0.7868852459016393,32.41297619661162
69,2,0.9801408318258064,0.3398086288714977,0.6721311475409836,31.312632073992376
69,3,0.9801397201624511,0.3190757713545255,0.819672131147541,33.02040838866677
69,4,0.9801408312778715,0.2711774915919537,0.7704918032786885,32.52967398743741
69,5,0.9760245548542327,0.3235572605554136,0.7704918032786885,32.92714547086254
69,6,0.9801407262283132,0.34776645834528686,0.7540983606557377,31.960309137956944
69,7,0.9801408311194293,0.23681733702752575,0.8032786885245902,32.012143221946694
69,8,0.9078962596012005,0.2903173524111115,0.7868852459016393,31.85356579182022
69,9,0.9776711810604969,0.3558074869724249,0.7868852459016393,30.964260943226336
70,0,0.9801408321006053,0.17220091591257053,0.8852459016393442,79.14576588592942
70,1,0.9801408318646957,0.2824395564156418,0.8688524590163934,78.79998141243215
70,2,0.8910890209896888,0.26266069624612237,0.8360655737704918,81.18051870039865
70,3,0.9801408314037239,0.2317078880232614,0.9016393442622951,80.67833494666489
70,4,0.9801408321007,0.2051143713698512,0.8524590163934426,80.69695832877716
70,5,0.9801243198710643,0.203689724895808,0.8852459016393442,80.55675613868434
70,6,0.9801388718118953,0.2648741536812139,0.8688524590163934,84.60347208238076
70,7,0.9801408320888325,0.253828446906147,0.8852459016393442,78.06770546166369
70,8,0.9633241171679456,0.2513241057110162,0.8688524590163934,77.40680856278328
70,9,0.9801408321007115,0.23534934877080543,0.9016393442622951,80.73726622590583
71,0,0.8857310122197923,0.4020235507476027,0.9016393442622951,58.880686093798175
71,1,0.5410868866768375,0.4757686130078297,0.819672131147541,60.8498547627955
71,2,0.8376119076008173,0.5186275843657261,0.8032786885245902,64.31012262919
71,3,0.8429094415990072,0.43538374009468384,0.8360655737704918,57.270200741897156
71,4,0.9801408204246403,0.4197020610462861,0.8524590163934426,59.77904157116713
71,5,0.7155174433622434,0.4697781867357909,0.819672131147541,60.52823564493296
71,6,0.8291887535033179,0.457717755199046,0.8524590163934426,60.34317392139337
71,7,0.9451723258384136,0.48368001235015046,0.7868852459016393,60.846175793269566
71,8,0.5805985291449226,0.41010263596596624,0.7868852459016393,60.75827042022889
71,9,0.7540082493189458,0.49148750125477725,0.7704918032786885,62.444392844494146
72,0,0.980140832100712,0.16872996661802359,0.9180327868852459,234.91577033838584
72,1,0.9801408321007121,0.1602929637634488,0.9016393442622951,240.65101086833735
72,2,0.980140832100712,0.1697947705922297,0.9016393442622951,242.1297244650248
72,3,0.9801408321007121,0.169744242770504,0.9016393442622951,234.49656665888423
72,4,0.980140832100712,0.1648486150865712,0.9016393442622951,235.67077260218355
72,5,0.980140832100712,0.15823589644028535,0.9180327868852459,238.290736773356
72,6,0.9801408321007121,0.16107664690258267,0.9180327868852459,230.46840977259185
72,7,0.980140832100712,0.1618042395796016,0.9016393442622951,240.68810125734515
72,8,0.9801408321007121,0.1617150050697367,0.9180327868852459,234.12528504970152
72,9,0.9801408321007121,0.1700851753421261,0.9016393442622951,240.39642064290274
73,0,0.5767166812219312,0.5222434336207805,0.2786885245901639,4.2404549377261
73,1,0.5343137854500974,0.5390511922340362,0.5245901639344263,5.277067305264828
73,2,0.6408172871425071,0.6143464223843209,0.6229508196721312,4.972124640896853
73,3,0.5347618411504578,0.5683937548406262,0.45901639344262296,6.135155898497557
73,4,0.556360807322258,0.5426233229466827,0.2786885245901639,6.3622839414077355
73,5,0.6068897148659692,0.5229840608821399,0.26229508196721313,4.650673643832031
73,6,0.5603176249750877,0.5852862289423262,0.5409836065573771,4.518814699824226
73,7,0.8248217081794887,0.5343974318099085,0.5245901639344263,4.822625078202835
73,8,0.7640206172495198,0.5395586660592726,0.4262295081967213,5.005492628889569
73,9,0.6404890148344493,0.5505277059636147,0.3442622950819672,7.588565107888683
74,0,0.4931312956329176,0.49012673700410575,0.14754098360655737,2.4063489122905963
74,1,0.5203028178449253,0.5167425172483999,0.18032786885245902,2.3963933533719795
74,2,0.7512522221984477,0.481845079892799,0.09836065573770492,2.0467746342024014
74,3,0.5514029966630783,0.5361514662620068,0.16393442622950818,2.1318870578897857
74,4,0.5991646554784752,0.5106636843042317,0.16393442622950818,3.712619206783063
74,5,0.549189558569369,0.5277891677633928,0.09836065573770492,2.422062961329387
74,6,0.5201132059825763,0.5238161989482781,0.13114754098360656,1.9914406615075853
74,7,0.49190970370625103,0.49184874575232024,0.14754098360655737,2.1470466204504577
74,8,0.5786980392762102,0.5014488613083257,0.16393442622950818,2.6542723568484416
74,9,0.6642004100177858,0.4870141805977217,0.16393442622950818,2.457191232353507
75,0,0.9801408298014804,0.1963988359959139,0.9016393442622951,127.66936358317777
75,1,0.9801408321007121,0.17701298685034966,0.9016393442622951,126.23536649619854
75,2,0.980140832100712,0.18556740125572513,0.8852459016393442,125.81020400046361
75,3,0.9801408321007121,0.17386134229270253,0.8852459016393442,122.13666417681759
75,4,0.9801408321007121,0.17808751982496404,0.8852459016393442,127.39973646140851
75,5,0.9801408321007121,0.1695784886531812,0.9016393442622951,123.3181731279338
75,6,0.980140832100712,0.19364358579295363,0.8852459016393442,125.61274341546323
75,7,0.980140832100712,0.1947947306001174,0.8688524590163934,124.39632311356448
75,8,0.9801408321007119,0.1787934434959817,0.9180327868852459,127.53950925276209
75,9,0.980140832100712,0.18377320645779732,0.8852459016393442,121.63584487826729
76,0,0.7011250374759138,0.5205191376492939,0.08196721311475409,1.6480853481707716
76,1,0.590845805207208,0.5061578531688956,0.06557377049180328,1.9286499281557543
76,2,0.7370294127579725,0.5054237384615654,0.0,0.8999137614142076
76,3,0.5146817460586028,0.5310348981755443,0.14754098360655737,2.1416584122419966
76,4,0.6212118460114807,0.5301832140215147,0.06557377049180328,1.8115708614127786
76,5,0.6525695016289688,0.509290502649864,0.0,1.117358124219713
76,6,0.659228097765095,0.5367496528242872,0.0,1.250029316669092
76,7,0.7833427528544655,0.4837991505793383,0.0,1.283230160495326
76,8,0.7480059511143461,0.5259969988568644,0.0,1.2580898057818142
76,9,0.5417293993164636,0.513846966289432,0.0,1.2422150111811576
77,0,0.8755131372757922,0.3459079956559147,0.8524590163934426,69.65069855887556
77,1,0.6061934661836145,0.31069474068757896,0.8852459016393442,66.11601270364773
77,2,0.6129159795422889,0.3613969265551764,0.8360655737704918,65.38372993568612
77,3,0.8521225546117901,0.29914682514442104,0.8360655737704918,64.2606820336225
77,4,0.9722511013496651,0.3372611322482422,0.9180327868852459,64.1937918276851
77,5,0.9263591497281994,0.3394145348464168,0.8360655737704918,66.9127814098786
77,6,0.9772495487924855,0.3203131653954429,0.8524590163934426,67.409055754067
77,7,0.5160145127789865,0.4067949317043408,0.8852459016393442,70.91381497002996
77,8,0.9801408051540407,0.3949081932751569,0.8360655737704918,66.75897583939961
77,9,0.9801397453515127,0.3579183166074627,0.8688524590163934,66.5879254141056
78,0,0.9801408321007035,0.18679595049212228,0.8688524590163934,51.59493092089644
78,1,0.9801408297203853,0.2082577681826547,0.8524590163934426,52.907604264837744
78,2,0.9801408320997924,0.19385208675246346,0.8360655737704918,49.48008596271207
78,3,0.9801408320865845,0.1942335109951032,0.8524590163934426,52.390786137373944
78,4,0.9801408316000106,0.20148951148614194,0.8524590163934426,53.02533906756875
78,5,0.980140832100625,0.22522923719383378,0.8688524590163934,52.39264096911914
78,6,0.9801408321002214,0.19251149056185488,0.8360655737704918,50.42762763469926
78,7,0.9801408297486283,0.18244126031396604,0.8852459016393442,56.733791145480716
78,8,0.9801403667417438,0.20694793580316168,0.8360655737704918,50.81622815439186
78,9,0.9801408321007047,0.18460942922450613,0.9016393442622951,51.06282267350547
79,0,0.980140832100712,0.1543968854489918,0.9180327868852459,457.95623323806177
79,1,0.980140832100712,0.15815724060744285,0.9180327868852459,454.2062426093067
79,2,0.980140832100712,0.1574565403697974,0.9344262295081968,449.13687436780145
79,3,0.9801408321007121,0.15384838292582614,0.9344262295081968,445.18060509048144
79,4,0.9801408321007121,0.1525784095918044,0.9344262295081968,451.3849453324147
79,5,0.9801408321007121,0.153520205377782,0.9344262295081968,442.1616962884327
79,6,0.9801408321007121,0.15642552159201784,0.9344262295081968,456.28103988007814
79,7,0.980140832100712,0.15557973098176545,0.9344262295081968,460.4245343671688
79,8,0.9801408321007121,0.15026862805931238,0.9344262295081968,441.853272629516
79,9,0.980140832100712,0.15214559708602066,0.9344262295081968,458.90076196372445
80,0,0.8903051372727716,0.44090837347749595,0.0,1.0830190573239054
80,1,0.8320843492470076,0.49880499938317047,0.0,1.15623335130367
80,2,0.7578725519253963,0.49830567842751855,0.0,1.130417577803503
80,3,0.8602049997372406,0.4351366416345714,0.0,1.4187607897792396
80,4,0.8963683554672415,0.45948078501664524,0.0,0.7461933467958478
80,5,0.9119823835172264,0.4118178576150362,0.0,0.8738662635634143
80,6,0.9215348808887471,0.43618495505994154,0.0,0.9867020804398907
80,7,0.8828534108547234,0.44690250145728483,0.0,0.6519780863327868
80,8,0.868650424860373,0.4277953341007762,0.0,0.8867762813528878
80,9,0.8561740573693282,0.48037587863244147,0.0,1.225886304115853
81,0,0.980140832100712,0.1576773700580461,0.9344262295081968,287.08280912559485
81,1,0.980140832100712,0.16388190928308496,0.9016393442622951,282.4970399562475
81,2,0.980140832100712,0.17195085354153242,0.8852459016393442,277.71447787215857
81,3,0.9801408321007121,0.17103116249366995,0.9016393442622951,285.7683871152916
81,4,0.980140832100712,0.16096940112497055,0.9180327868852459,278.03162185702575
81,5,0.9801408321007121,0.18761440950938146,0.9016393442622951,281.70113066807966
81,6,0.980140832100712,0.16849672242256003,0.9016393442622951,283.08892406058374
81,7,0.980140832100712,0.1614256487283204,0.9016393442622951,280.6233733127736
81,8,0.980140832100712,0.16386029591496654,0.9180327868852459,284.28791006502183
81,9,0.980140832100712,0.15610894378239165,0.9180327868852459,277.8893415006034
82,0,0.5787830948375505,0.5576544403497203,0.7213114754098361,20.11326719048752
82,1,0.6602310757074755,0.536784195409346,0.7704918032786885,18.199068537819066
82,2,0.6189528464198191,0.541531025249473,0.7868852459016393,20.080973139430256
82,3,0.5857363904199321,0.5433263673320424,0.6557377049180327,21.508972212358472
82,4,0.8890371164341564,0.43477822231856966,0.6885245901639344,19.62240762706199
82,5,0.7754937331417104,0.4908326774822281,0.7377049180327869,19.511203597150093
82,6,0.9025203774175441,0.5566356150518108,0.6229508196721312,19.53313974441652
82,7,0.5168579746310799,0.5196175861285798,0.6065573770491803,19.214497821168646
82,8,0.7705399523179791,0.5437304936834585,0.7049180327868853,18.778376495619025
82,9,0.8832370552325504,0.4936447599242745,0.6885245901639344,20.112276684987958
83,0,0.9355765445137686,0.45523412862638063,0.13114754098360656,2.597831202394797
83,1,0.8576773404075186,0.4832259504754914,0.04918032786885246,1.7890947293941566
83,2,0.8551073071475728,0.4830554060636603,0.0,1.4555627386782963
83,3,0.8939722110885167,0.47512273208286193,0.09836065573770492,1.9343564066348127
83,4,0.9801067523535798,0.3880756730721952,0.2786885245901639,2.2042057379824582
83,5,0.9549250874794031,0.4411463700506749,0.11475409836065574,2.560334546538919
83,6,0.9004814761275123,0.43613446346341933,0.04918032786885246,1.796059256486019
83,7,0.9550596973698751,0.43003562950794966,0.06557377049180328,1.617779676712384
83,8,0.9632206347161636,0.42037252917677187,0.0,1.2846694610073288
83,9,0.8728400596299669,0.503871693536893,0.0,1.4048407880224714
84,0,0.9640785911117098,0.4707864842431095,0.7377049180327869,11.29309817470197
84,1,0.959482512539236,0.49165202805473746,0.8032786885245902,11.567259199203658
84,2,0.9544588281751218,0.45716820868661756,0.6885245901639344,10.107363392923244
84,3,0.9712258113027379,0.44188068278173137,0.7213114754098361,11.48886455835381
84,4,0.9731819200187783,0.5114672155655157,0.7704918032786885,12.307350675049328
84,5,0.9595979040474993,0.4916939510870507,0.6885245901639344,10.183072782456128
84,6,0.970265972859975,0.4750950233485262,0.6229508196721312,12.498430724070397
84,7,0.9649790258514817,0.47567465889429517,0.6721311475409836,11.332123441911182
84,8,0.9685394431960422,0.453891752433326,0.6229508196721312,12.5916066118584
84,9,0.9680832427069503,0.48894074682930233,0.6229508196721312,11.395434666138812
85,0,0.7652213564252894,0.440211657566871,0.01639344262295082,1.6063089481749468
85,1,0.8934379991260749,0.4396057126395834,0.0,1.3611243977205096
85,2,0.6865782038494985,0.4786099042355633,0.0,1.0798931906137361
85,3,0.8727911371718396,0.4622011086254148,0.0,1.3050333266591916
85,4,0.7864651396765198,0.4460466656782508,0.0,1.3463939618491192
85,5,0.8190044515121782,0.42561419561025937,0.0,0.8716341971062961
85,6,0.8571638523947506,0.4379318295530529,0.0,1.2968166976438027
85,7,0.8334703422293187,0.4087288594969726,0.0,1.3550019584501165
85,8,0.8628159213800798,0.4635584799057834,0.0,0.9356541220280512
85,9,0.8495117280571304,0.42692818937754967,0.0,1.387940711878348
86,0,0.9801408321007121,0.17035972022433588,0.9016393442622951,170.88532167785098
86,1,0.9801408321007121,0.17586652143300907,0.9016393442622951,170.72756162499473
86,2,0.980140832100712,0.17856974732151776,0.9016393442622951,167.94751198041047
86,3,0.980140832100712,0.19238034154063682,0.9016393442622951,174.71949170031
86,4,0.980140832100712,0.18441145867511566,0.9016393442622951,174.54246805782623
86,5,0.980140832100712,0.18336168742781053,0.9180327868852459,175.9024703664746
86,6,0.980140832100712,0.17051316154975849,0.9016393442622951,181.17149612369252
86,7,0.980140832100712,0.16750538847435034,0.9016393442622951,171.39687484787092
86,8,0.9801408321007121,0.16907621777166482,0.9180327868852459,166.3625935141958
86,9,0.980140832100712,0.17990030886456776,0.8852459016393442,168.44621767659
87,0,0.5946438143713939,0.4524755144273368,0.0,0.7092860067858293
87,1,0.7796890370702122,0.4546747691198573,0.0,0.5940009178531935
87,2,0.6556594730611404,0.47730094264016176,0.0,0.866962186774969
87,3,0.6049797025005933,0.4302931472855704,0.0,0.8806902354985393
87,4,0.6193265760318838,0.45684327743042236,0.0,0.9499794689547658
87,5,0.5599288135253122,0.47505699255931977,0.0,0.963598005964765
87,6,0.7104332197589766,0.43612955179054924,0.0,0.5233684793519742
87,7,0.6132060592741136,0.4822292478124149,0.0,0.7027786013812434
87,8,0.5114059166073596,0.45972415248319876,0.0,1.0502830193739514
87,9,0.5311125109474704,0.48592657432104214,0.0,0.804101030539852
88,0,0.803789684593895,0.49100849519687395,0.0,0.8731448861695892
88,1,0.8429386906511123,0.4684314628441744,0.0,1.351646308741936
88,2,0.8516660518626105,0.5001330103253327,0.0,1.2256410209168076
88,3,0.8141720528258872,0.45179686581972656,0.0,1.4345423641242
88,4,0.8205698086777964,0.4865636787094232,0.0,1.3359668429219989
88,5,0.8945874306279615,0.4482552760711154,0.0,0.7448352618664463
88,6,0.8817707644102304,0.4271715459090544,0.0,0.8488788720046293
88,7,0.8698696809169616,0.4799819001299841,0.0,0.970951741198196
88,8,0.6763734003248537,0.49425108218485303,0.04918032786885246,1.7945685370423679
88,9,0.7771652135466252,0.4409261397831743,0.03278688524590164,1.5661692033030759
89,0,0.5807933292720608,0.4472822120627584,0.8688524590163934,62.81494465441358
89,1,0.8330734626609396,0.4204376905633637,0.8688524590163934,56.82934977392397
89,2,0.9690628828262653,0.3756438558263052,0.8360655737704918,58.41395744540321
89,3,0.9642995304552573,0.3073943874028199,0.8688524590163934,57.51732137192614
89,4,0.9697987883041722,0.38691161518089257,0.8852459016393442,59.16663050026966
89,5,0.6256564443476131,0.4290727119530389,0.8852459016393442,60.54952940113448
89,6,0.7239835864338454,0.2882992151477485,0.8688524590163934,61.05620378252459
89,7,0.7730410051696912,0.39254221922505544,0.8852459016393442,61.82954438863837
89,8,0.913564553998607,0.4001807104694944,0.8524590163934426,56.07063471977347
89,9,0.62485755018457,0.4262398731691888,0.8524590163934426,58.798191007316944
90,0,0.980140832100712,0.1674278330652122,0.9016393442622951,190.2029456378657
90,1,0.980140832100712,0.16897391542424736,0.9180327868852459,188.3297422378986
90,2,0.980140832100712,0.16099212019799392,0.9180327868852459,191.1734970167654
90,3,0.980140832100712,0.1671879317947781,0.8852459016393442,187.99002316575323
90,4,0.980140832100712,0.17281997703735066,0.9016393442622951,186.21173551129536
90,5,0.980140832100712,0.15758131813415904,0.9180327868852459,190.13651606639849
90,6,0.9801408321007121,0.19082294867541408,0.9016393442622951,183.0284132987137
90,7,0.980140832100712,0.17845713042349048,0.8688524590163934,183.69174600485394
90,8,0.9801408321007121,0.1640291698655066,0.9180327868852459,189.1798646906875
90,9,0.980140832100712,0.17639607119569264,0.9016393442622951,186.3604243391265
91,0,0.9800875196282915,0.41422873744808597,0.6229508196721312,12.712206768549718
91,1,0.9798176277351758,0.45810612432094455,0.7049180327868853,12.588027345608
91,2,0.9801278041830336,0.4891813775843331,0.6229508196721312,12.993917643167975
91,3,0.9801178678076788,0.41491838911115697,0.5737704918032787,13.590587622022923
91,4,0.9801212724020224,0.403997142900143,0.5573770491803278,13.297973223111596
91,5,0.9801150405268173,0.43520093444617836,0.6229508196721312,12.384030383123703
91,6,0.9801107398517033,0.4401558829436754,0.6885245901639344,12.565241322912263
91,7,0.9801275121517123,0.4406280132361142,0.45901639344262296,13.178668838011617
91,8,0.9801125544244864,0.40373462194400717,0.5409836065573771,12.82280952951176
91,9,0.9801184056533194,0.4377118015899678,0.5245901639344263,13.191270934439698
92,0,0.980140832100712,0.1639851130793596,0.9180327868852459,170.88925644293516
92,1,0.980140832100712,0.17475030715617743,0.9016393442622951,175.24697762170828
92,2,0.9801408321007121,0.1666978630998955,0.9180327868852459,171.3405460474659
92,3,0.9801408321007121,0.17766459064339402,0.8852459016393442,172.08356385827028
92,4,0.980140832100712,0.17145654242023237,0.9016393442622951,173.67233348677803
92,5,0.9801408321007121,0.1663827050491558,0.8852459016393442,177.25418338412175
92,6,0.980140832100712,0.16969753975238122,0.9016393442622951,174.31673028924945
92,7,0.980140832100712,0.1703990984245395,0.9016393442622951,175.80903195038024
92,8,0.9801408321007121,0.17547288168246564,0.9344262295081968,179.60129052081425
92,9,0.980140832100712,0.1696883436888853,0.8852459016393442,167.5777726589998
93,0,0.5164367176772375,0.6740717454536,0.6065573770491803,11.973352434315052
93,1,0.41035103976181897,0.6067981378116827,0.39344262295081966,10.563433510390169
93,2,0.7792593705171897,0.5984337535237192,0.5573770491803278,11.284924712714332
93,3,0.5199717822054223,0.6553293450004861,0.45901639344262296,12.005754860487265
93,4,0.3532127309470253,0.6725373994520303,0.4426229508196721,11.134745976146547
93,5,0.6806232487408184,0.6349145997379475,0.5245901639344263,10.813307282138558
93,6,0.6872151566373592,0.6257486662952249,0.36065573770491804,11.82854991933967
93,7,0.5473332538188097,0.6955026345093613,0.47540983606557374,11.166890600842539
93,8,0.5427105363021909,0.6689663760547957,0.5409836065573771,10.743077082154699
93,9,0.5358205550050846,0.7046823144485269,0.47540983606557374,11.718578989660156
94,0,0.6219692745326203,0.5424407665690992,0.7213114754098361,44.57340378959869
94,1,0.5576602234111503,0.5258679131353994,0.6557377049180327,44.69865815546529
94,2,0.49680705554866283,0.6144047073488823,0.6229508196721312,47.35031550289379
94,3,0.5289145577322897,0.5658921303110972,0.7540983606557377,46.844536421162005
94,4,0.7949452723952352,0.5707168624930113,0.7213114754098361,45.24131288558638
94,5,0.7499929340708322,0.5822347380873504,0.5901639344262295,48.118286081853384
94,6,0.494936463241568,0.5600829188584017,0.7704918032786885,45.64889139810185
94,7,0.7142783212203861,0.5712823177025829,0.7049180327868853,44.4043305413893
94,8,0.6195532133728227,0.5592237444381435,0.6229508196721312,45.91151234428778
94,9,0.6408041323668099,0.5333571694188928,0.7540983606557377,45.01080048912649
95,0,0.9801408321007121,0.15217423517262296,0.9344262295081968,460.6283087987565
95,1,0.980140832100712,0.15192585894270877,0.9344262295081968,468.34557983201273
95,2,0.980140832100712,0.15862266297545627,0.9180327868852459,476.3187944443994
95,3,0.980140832100712,0.15828012403293565,0.9180327868852459,461.56348908121726
95,4,0.980140832100712,0.15280496727367252,0.9344262295081968,461.0576875895371
95,5,0.980140832100712,0.15553810671773538,0.9344262295081968,468.17749589941883
95,6,0.980140832100712,0.15528704972394983,0.9344262295081968,466.3934315258556
95,7,0.980140832100712,0.1529113390574275,0.9344262295081968,477.16387609398487
95,8,0.980140832100712,0.15899389407194,0.9344262295081968,467.6460197153876
95,9,0.980140832100712,0.16052623294086998,0.9180327868852459,463.84825123065275
96,0,0.9801408321007121,0.1538044286101581,0.9180327868852459,514.2603586307848
96,1,0.980140832100712,0.15963070556957262,0.9180327868852459,514.2232340779688
96,2,0.9801408321007121,0.15855985827748145,0.9344262295081968,516.2581704427299
96,3,0.980140832100712,0.15444493911409674,0.9180327868852459,519.2612009699607
96,4,0.980140832100712,0.15421592319978444,0.9344262295081968,515.3260631910631
96,5,0.980140832100712,0.15359601473441534,0.9344262295081968,521.9005468039311
96,6,0.9801408321007121,0.15156187579274258,0.9344262295081968,514.4624705004215
96,7,0.980140832100712,0.15466103561299174,0.9180327868852459,520.5592977189817
96,8,0.980140832100712,0.15201630368939292,0.9344262295081968,509.03605596298996
96,9,0.980140832100712,0.1576247143321766,0.9344262295081968,516.9083398100114
97,0,0.6860226259716934,0.48554476418194176,0.8688524590163934,50.5581596799404
97,1,0.8074945630149029,0.5250968104412174,0.7704918032786885,52.79344076706973
97,2,0.7518903458580288,0.5346814446957996,0.8360655737704918,52.108965002340625
97,3,0.5837521775427157,0.5356789402189838,0.8688524590163934,54.32984456012963
97,4,0.531988999227194,0.504818513429871,0.8360655737704918,50.47148423171559
97,5,0.5892143870714308,0.5075070708038284,0.8360655737704918,53.40299257721637
97,6,0.7460267878930638,0.47742576087980587,0.8852459016393442,58.03466369912104
97,7,0.928877233249087,0.5165942596223962,0.8852459016393442,51.99144112730397
97,8,0.5476568718659641,0.5142781586728912,0.8360655737704918,50.085471706771514
97,9,0.5254112304872943,0.511467945802203,0.8524590163934426,50.94435639467103
98,0,0.9801408321007121,0.17752303954200324,0.9016393442622951,173.58179207967348
98,1,0.980140832100712,0.18973542821663789,0.9016393442622951,181.95561634474382
98,2,0.9801408321007121,0.19256943599693402,0.8688524590163934,178.66362837976646
98,3,0.9801408321007121,0.18063922854538333,0.8852459016393442,180.74025653164875
98,4,0.9801408321007121,0.16211774190019854,0.9180327868852459,175.91808899850855
98,5,0.980140832100712,0.17015768084315774,0.9344262295081968,176.5358412548311
98,6,0.980140832100712,0.17403215761401697,0.8852459016393442,171.72880556131287
98,7,0.980140832100712,0.1688963390707862,0.8852459016393442,176.5418490720926
98,8,0.9801408321007121,0.17726841687241363,0.9180327868852459,179.90287513380275
98,9,0.9801408321007121,0.18938336204559508,0.9180327868852459,172.36628544723072
99,0,0.8223730886337924,0.4943461798674792,0.03278688524590164,1.69170967356809
99,1,0.8643493622016356,0.447810652092743,0.16393442622950818,3.112209627512347
99,2,0.8660619136473919,0.47594536087688677,0.09836065573770492,1.9597612712408055
99,3,0.8925227998996181,0.48906796055015817,0.11475409836065574,2.451723215560949
99,4,0.8758936669447238,0.48389997899996384,0.16393442622950818,3.6972481757978737
99,5,0.830737687356517,0.4751814311688795,0.18032786885245902,4.700166920713082
99,6,0.8329512803540856,0.4660740464968772,0.08196721311475409,1.8475442068137515
99,7,0.9186770611378127,0.480990065174686,0.18032786885245902,3.3728656099186427
99,8,0.8286790203565433,0.4940538695716797,0.14754098360655737,2.753380536442259
99,9,0.5881261285498421,0.4422276110937677,0.08196721311475409,1.994227373231074
