scenario,sensor_count,sensor_nodes_1_based,node_1_rmse_C,node_2_rmse_C,node_3_rmse_C,node_4_rmse_C,node_5_rmse_C,mean_node_rmse_C,hotspot_rmse_C,maximum_absolute_error_C,q95_absolute_error_C,hotspot_position_accuracy
capacity_plus_12pct,1,5,0.11062166279625155,0.08349151661388332,0.051512361573599404,0.03237463741874215,0.052311016280159335,0.07161852915753202,0.07441550440882641,0.3076221545052391,0.16593901173347095,0.884263114071607
capacity_plus_12pct,1,4,0.11228029661664335,0.08263347232727689,0.045933473647349767,0.05358391429394089,0.053585227801888895,0.07387510036289188,0.07997585151109196,0.5101994810538315,0.17546255881536027,0.8792672772689425
capacity_plus_12pct,1,3,0.09489589737312351,0.055591621224626485,0.051292755104868734,0.06555592217712386,0.09177900813783899,0.07409125681501076,0.0847810425652179,0.5269759888772043,0.1781499314484337,0.8784346378018318
capacity_plus_12pct,1,2,0.070529940494452,0.05086644716635369,0.04836348808223458,0.08452366006132526,0.11631484922915207,0.07819755519748897,0.08542552446550167,0.6139194358181328,0.19377816440443354,0.8767693588676103
capacity_plus_12pct,1,1,0.055410228704097855,0.03708085753245566,0.05271896280828488,0.08395224425794069,0.11139525505897581,0.07304992080154946,0.08868936972146681,0.34038087386706906,0.167924630403303,0.8800999167360533
capacity_plus_12pct,2,"2,5",0.06675149568622996,0.050801959192481976,0.029470689984300687,0.02593744316656188,0.0522431704265548,0.04755464775714529,0.04159097503897789,0.6127277110850784,0.08694235037147707,0.8884263114071607
capacity_plus_12pct,2,"3,5",0.07241765289669311,0.039742836886110994,0.05108868409896047,0.02925654751697007,0.052188386331744524,0.051016539314832944,0.04840525308281011,0.3930323739969097,0.09934589041756114,0.8967527060782681
capacity_plus_12pct,2,"1,5",0.055360926870132984,0.02998246678267069,0.021400912580985428,0.02613051675792624,0.0522603039237585,0.03958717688806065,0.05083022242444958,0.340960702798931,0.085942528058213,0.8767693588676103
capacity_plus_12pct,2,"2,4",0.06781096738317162,0.05070921491667552,0.02541778479085058,0.05341295743761327,0.052525351397801685,0.05182214221792839,0.053370013997742445,0.6317208706220043,0.09075716897638415,0.8717735220649458
capacity_plus_12pct,2,"3,4",0.06933748102763689,0.039610341914490484,0.05066635087804182,0.053054622635597695,0.04730325627791159,0.05290772270781846,0.053610870180081295,0.5355969509225034,0.09783957592132285,0.8742714404662781
capacity_plus_12pct,2,"1,4",0.055341148934378206,0.029719242883395423,0.023754329556323225,0.05347637633126921,0.04926360953794295,0.04426459168644871,0.05789525132109556,0.5019299233125025,0.09026951971456754,0.8642797668609492
capacity_plus_12pct,2,"4,5",0.09869882925338348,0.06844564543782022,0.03812180647203948,0.05300934571735692,0.05157471082511347,0.06534443960147844,0.06142113413805898,0.349850401207334,0.14058220797932822,0.8484596169858452
capacity_plus_12pct,2,"2,3",0.07665846211668274,0.05040605087023825,0.05077934276931596,0.05249001334676981,0.06917934046828801,0.06088811719750088,0.06433054189762567,0.6618985979059957,0.10745794011722155,0.8434637801831807
capacity_plus_12pct,2,"1,3",0.05522825228682783,0.03633551747808963,0.05120093762763716,0.04858613684183492,0.06724716239246172,0.05267781172003801,0.068331697170707,0.5893344602319317,0.1049833302983842,0.8351373855120733
capacity_plus_12pct,2,"1,2",0.05470313858655596,0.05027732705059781,0.04653072746141249,0.06570788275259684,0.09835455550722831,0.06584298904137695,0.08243178866317528,0.36526382059030027,0.14682872124809737,0.8151540383014155
capacity_plus_12pct,3,"2,4,5",0.07086241276947539,0.050699960359682626,0.023347898308032983,0.0527566965509555,0.051574788523105965,0.05211587036893821,0.04139910004537987,0.6509885823911503,0.09491964358028897,0.8301415487094088
capacity_plus_12pct,3,"2,3,5",0.0766297658716924,0.050406129993972565,0.050448025506828066,0.029965577039537228,0.0521785054549322,0.053997100801580176,0.04269049577504643,0.6620141670345774,0.09510404430898803,0.8459616985845129
capacity_plus_12pct,3,"3,4,5",0.06930898597161572,0.039578112563693965,0.05066668408566389,0.05228588466743501,0.05157520323712125,0.053537072634131204,0.047596125785052,0.33732426915155145,0.10272975416574043,0.839300582847627
capacity_plus_12pct,3,"2,3,4",0.07662562516382605,0.050406206526557966,0.04991081954354762,0.053054911452337025,0.047292006228542745,0.05648844037144169,0.049019880079588914,0.662592165023618,0.09633120225410893,0.8234804329725229
capacity_plus_12pct,3,"1,4,5",0.05532144893669297,0.030054008387233017,0.02581806226094567,0.05283858075009546,0.05157462552574127,0.044904645829379086,0.0502030492322399,0.38675397335119754,0.09485977916990865,0.813488759367194
capacity_plus_12pct,3,"1,2,5",0.05470295790134574,0.050174081142904836,0.041208928641314285,0.027655524694579377,0.052232080245183936,0.04626239525646714,0.05032565816287234,0.3654721690682905,0.09368372348018288,0.8284762697751873
capacity_plus_12pct,3,"1,3,5",0.05521131067812406,0.038301389647986676,0.0509146497812017,0.02777427123064039,0.052169386382944646,0.046044851734090335,0.05090010185023313,0.6067849672688723,0.09407904189968548,0.8309741881765196
capacity_plus_12pct,3,"1,3,4",0.055205142826049054,0.0405527009701396,0.050450996283068414,0.05305510691703841,0.04729165606535228,0.049575755122346174,0.05625443745249728,0.6680318820091955,0.09535110511543086,0.8084929225645295
capacity_plus_12pct,3,"1,2,4",0.05470273730170827,0.05004579375913282,0.0347121032177022,0.05342625451782876,0.057411311176255975,0.05069975221607793,0.06415949591023472,0.5900472794668374,0.09768512257731321,0.8026644462947544
capacity_plus_12pct,3,"1,2,3",0.054702287344438695,0.04967138476975726,0.05077876431900991,0.05242911597825658,0.06909369188541152,0.055786772754913914,0.07000036551998337,0.5641492711249114,0.10711749987582242,0.7926727726894255
combined_mismatch,1,3,0.42934539337590344,0.2795508174493763,0.060187461857955704,0.30485445319257704,0.4657386419844367,0.3393986968694721,0.17386018324482239,0.9568287584689941,0.7526689074642335,0.14071606994171523
combined_mismatch,1,4,0.7688816177187041,0.639668618153297,0.3850038641313487,0.06231225492706205,0.17258647909115157,0.4862616103274298,0.17837994137003607,1.5167145362716283,1.1884853174594838,0.3130724396336386
combined_mismatch,1,5,1.02575132709088,0.9287666904046101,0.7306094358185378,0.4260279052396552,0.06015116369871313,0.725766000371761,0.19307537508919373,1.9636020126591092,1.6729575321013899,0.5611990008326395
combined_mismatch,1,2,0.15276182337926272,0.06352843924676792,0.40824898944968546,0.6798952218391525,0.8188918623875304,0.5151467110690322,0.2000609629080211,1.5282256209155705,1.1687879651415714,0.3172356369691923
combined_mismatch,1,1,0.06078461082723962,0.4396227024251593,0.7622517125289595,0.977861582894573,1.0863540757513521,0.7634617234487927,0.22840841174823234,1.9586995277118788,1.654646119041324,0.4912572855953372
combined_mismatch,2,"1,5",0.05837852763709137,0.2707750524991683,0.3572067027909154,0.2711313715967911,0.05770653103346718,0.23713543575418372,0.05515626252423058,0.7380361223354583,0.5315521356556361,0.9017485428809325
combined_mismatch,2,"2,5",0.19214944429967554,0.06057733706793526,0.1981471012659122,0.20112269162927693,0.056694613273934026,0.15717373362841905,0.07216129013891336,0.47111345597409837,0.361063800877605,0.5945045795170691
combined_mismatch,2,"1,4",0.05749902929595517,0.19932851953349717,0.19465382247318755,0.059642020049505355,0.20388917347990443,0.15878039758781323,0.08574481984058006,0.49485147411586183,0.36772560877725774,0.5653621981681932
combined_mismatch,2,"2,4",0.20586137791399647,0.059248108453579786,0.1106489658008816,0.05840343288054293,0.21247461282046676,0.1460745432785744,0.09259129859122729,0.5192698762064865,0.3371930680773929,0.2514571190674438
combined_mismatch,2,"3,5",0.47489155816081385,0.315210108269757,0.05749138888138508,0.1088534605457631,0.05542692771103687,0.2619564407880138,0.10739796630368705,1.0224576292715,0.6136686089782429,0.5245628642797668
combined_mismatch,2,"3,4",0.47648514723344376,0.31756448074740623,0.05570596984846741,0.0565912860185554,0.22120895823032466,0.27681200367678566,0.12245216213446458,1.029991442860542,0.6156566301585897,0.1765195670274771
combined_mismatch,2,"2,3",0.21258100043191328,0.05765016217868229,0.05621881986646598,0.3277605215415122,0.49144959939008215,0.28306340168692806,0.1391800244965845,0.9945170977491813,0.6373052082939058,0.12656119900083265
combined_mismatch,2,"1,3",0.056377834002566185,0.10662765970401222,0.057867469776411336,0.3297212636049154,0.49566300543874164,0.2728715773666753,0.14134679736705294,0.9842108495696635,0.6314054548718164,0.4571190674437968
combined_mismatch,2,"4,5",0.7706441538939899,0.6432431398672896,0.39108329472589476,0.0591743967009989,0.05402480552864895,0.4831191532465486,0.15467676325546814,1.5222696112451075,1.192370212337943,0.492089925062448
combined_mismatch,2,"1,2",0.055173550868663414,0.06081671219593368,0.4068650603601634,0.6721911452389602,0.8075698595916593,0.5052310331716009,0.1837043636019023,1.5324438089265016,1.1699509441876446,0.4238134887593672
combined_mismatch,3,"1,4,5",0.05758512334336128,0.206644378136285,0.20715208341451116,0.05610584234300376,0.05402417547808364,0.13783788172333422,0.04979140031326201,0.4623253572036461,0.3492845570476945,0.8193172356369692
combined_mismatch,3,"1,2,5",0.05517360457281172,0.057537167452438205,0.20969236557374857,0.20836607212323885,0.05678684094905762,0.13925997686123737,0.05064143200235099,0.47292047827799166,0.35011246076287394,0.8209825145711906
combined_mismatch,3,"1,3,5",0.05651065207403865,0.11840560239632243,0.05492101647922317,0.12059825230674398,0.05559973777010746,0.08702290253413282,0.05099421391211245,0.31233894181678323,0.19438743782723703,0.8417985012489592
combined_mismatch,3,"2,3,5",0.212781438229476,0.057657304765678555,0.05335757052755235,0.12286477117362803,0.05562103625576044,0.11801422562569477,0.06732695478181049,0.514345772562244,0.24766976240360067,0.5104079933388843
combined_mismatch,3,"2,4,5",0.20396355997007504,0.059381349705308104,0.11983837188563753,0.05480285419438851,0.054026546107406155,0.11437721309494991,0.06760366440449395,0.49485437113990827,0.23869868731786004,0.5162364696086594
combined_mismatch,3,"1,2,4",0.055175916454682825,0.05613074266092903,0.11851588166539007,0.05853093909516433,0.21140955782727283,0.11692812168789096,0.07846467020202136,0.5152476100299097,0.24416512512346744,0.4904246461282265
combined_mismatch,3,"1,3,4",0.056544405910919596,0.12123200744865563,0.053196750830795565,0.05659689021624114,0.2213804337848218,0.12077820019664856,0.08116769176491882,0.5327269581323719,0.26297068530415546,0.48959200666111574
combined_mismatch,3,"2,3,4",0.2129754609629841,0.05765787158498033,0.051681570901917336,0.05659782650207242,0.22154154761747163,0.14397078396987265,0.09180196487064435,0.5331869725317233,0.34831346194668955,0.17318900915903415
combined_mismatch,3,"3,4,5",0.47664558327284035,0.31777107533013016,0.05571185237698327,0.05287651396923743,0.05402780413700591,0.2596105576492042,0.1023027630321909,1.0301860438695627,0.6159962493392442,0.4687760199833472
combined_mismatch,3,"1,2,3",0.05517689718985131,0.054443186122143335,0.056223827405076775,0.32796769021105354,0.49160965070684015,0.2677358861853154,0.12935500570287728,0.9946217796583667,0.6373150967872067,0.39217318900915904
conduction_plus_20pct,1,4,0.066231392118707,0.05304938803511037,0.04375420001762393,0.050893703760747554,0.03680286034605268,0.05110750337123047,0.04708674410764312,0.43686028453840464,0.10225563693080063,0.9192339716902581
conduction_plus_20pct,1,5,0.06453079606415645,0.04296700671004216,0.02311114652499933,0.027110588327645718,0.053472251232007106,0.04503060748265452,0.04859204204508262,0.29999999999999716,0.09608814051943569,0.9267277268942548
conduction_plus_20pct,1,2,0.05892415598957236,0.051282814170318866,0.031545950872020084,0.04926195116953641,0.06969729430416041,0.05363130218646824,0.06107524156803549,0.6008528413787388,0.11202833345928553,0.906744379683597
conduction_plus_20pct,1,3,0.061461481530407445,0.03738280006020755,0.049550142937316285,0.050733640367869565,0.06305463867672488,0.05325409625745459,0.06466437420881435,0.45819783073658726,0.10585837735356307,0.9159034138218152
conduction_plus_20pct,1,1,0.05547830732340026,0.02914980874630881,0.024495137031265803,0.04351412918051294,0.06339319563607743,0.04569407480820437,0.0667722687803685,0.36805931571378636,0.09600232226658535,0.925895087427144
conduction_plus_20pct,2,"2,4",0.05122344919231554,0.05114078193510749,0.034510041404214854,0.050675965964749194,0.03899875856036923,0.04586746336461821,0.040603752624085374,0.606088306813831,0.08523757186426338,0.8925895087427144
conduction_plus_20pct,2,"2,5",0.05832647980777083,0.05118137304498513,0.02316973565748007,0.0246891431554612,0.05337372892710212,0.044758589283641154,0.041686548850155894,0.6040482082084324,0.08776060667388777,0.8859283930058285
conduction_plus_20pct,2,"3,5",0.050466319114608804,0.03137333608502002,0.049380244564293824,0.032286828094370223,0.053263132140160846,0.04438230424186259,0.042711801882533616,0.3975362631995054,0.09019900938900492,0.9125728559533722
conduction_plus_20pct,2,"3,4",0.042744326145879495,0.030759074082210392,0.04909090276076468,0.050350718591458746,0.04516326377361206,0.04417698506527625,0.045965701862241276,0.44792418281062396,0.08483925129851289,0.9134054954204829
conduction_plus_20pct,2,"4,5",0.06428786936776933,0.05187565266864394,0.04549179459382639,0.05011310533424646,0.05271549853245702,0.05326117530580565,0.04721598566242015,0.35320734344909255,0.09866942024408729,0.8642797668609492
conduction_plus_20pct,2,"1,4",0.05540016610128116,0.031054577057523253,0.034905159897672226,0.0507704434801384,0.03767189922945808,0.043008709049395154,0.05094702647260386,0.4368219258748596,0.08846696201424749,0.8850957535387177
conduction_plus_20pct,2,"1,5",0.055418292953676215,0.02734554684855967,0.01572820329987822,0.025508529671937848,0.05341962611000703,0.03891191088894407,0.0524242801328393,0.36934895885440966,0.08635083576108259,0.8950874271440467
conduction_plus_20pct,2,"2,3",0.062016108628222995,0.05064166675551258,0.048873643557571456,0.04682565108523463,0.054735941013516344,0.052892105297383966,0.05597257882277729,0.6521675652724142,0.0929886497936849,0.890924229808493
conduction_plus_20pct,2,"1,2",0.05492329566194517,0.05094672722931101,0.03355467566626858,0.03572251986589803,0.05885844109650637,0.047913397280293396,0.06352443063065175,0.3821256436693048,0.09702379120809326,0.8659450457951707
conduction_plus_20pct,2,"1,3",0.05523637221333916,0.026233478657220186,0.04938113300962003,0.04793825557307465,0.05705898189802726,0.048438728880291625,0.06538589333869689,0.477694844503354,0.0949234446927463,0.8984179850124896
conduction_plus_20pct,3,"3,4,5",0.04277253056698813,0.030763729782602438,0.04909049556441716,0.049303373369097486,0.05271516203485145,0.045597114228719,0.04057356744330698,0.29999999999999716,0.09120790916085046,0.8534554537885096
conduction_plus_20pct,3,"2,4,5",0.05143600478267224,0.05114080915141474,0.035958565594801165,0.04979245461783957,0.05271544241453732,0.048605081615259386,0.04113532866602503,0.6168812105907477,0.09112159379448033,0.829308909242298
conduction_plus_20pct,3,"2,3,5",0.06200071823583694,0.050641717531937795,0.04858525858588114,0.033405458163858384,0.053253658070252785,0.05044021550549095,0.04179376560469033,0.6521374500042967,0.09300620009380794,0.8642797668609492
conduction_plus_20pct,3,"2,3,4",0.06194628930089665,0.05064233469117806,0.04820063877686737,0.050350534066105616,0.045163771993171724,0.05157563956174465,0.046807948752843595,0.6523783640119589,0.09124579203380564,0.8742714404662781
conduction_plus_20pct,3,"1,2,4",0.054923239025573986,0.05073060959419093,0.042226208289737686,0.05068532874856278,0.039008271747807924,0.04788289343071818,0.05122890359376322,0.43840746534859676,0.09269646474156731,0.8368026644462948
conduction_plus_20pct,3,"1,2,5",0.05492327073447749,0.05080519604069911,0.03184737388694935,0.023890335663385283,0.05336166949413841,0.044788848490919256,0.05192909812628964,0.3621336420700132,0.09303644306301066,0.8434637801831807
conduction_plus_20pct,3,"1,3,5",0.05522749558345892,0.02672532972716967,0.04913654154851495,0.03274767127418245,0.05326159378337721,0.044917539066656915,0.05193937299945414,0.42228517095156803,0.092920379592438,0.8734388009991674
conduction_plus_20pct,3,"1,4,5",0.05538647276131954,0.03090868237985674,0.03724662344754596,0.04993868418349694,0.052715424237748165,0.04622360241302565,0.051961747715637,0.38650218548610127,0.09440739708538791,0.8334721065778518
conduction_plus_20pct,3,"1,3,4",0.055208905579031915,0.028345686066745708,0.048812040973096785,0.05035105689392099,0.045160204551078935,0.04649470835099067,0.05605826494803132,0.44795677618039775,0.09197860956344642,0.8709408825978351
conduction_plus_20pct,3,"1,2,3",0.05492301983994445,0.0501829230261792,0.04887343749927916,0.046784089265626584,0.05468457609395706,0.05119107468255809,0.06376301228003156,0.49132777187069365,0.09747106451073508,0.8476269775187344
cooling_minus_15pct,1,4,0.7949865460017224,0.6604568720830752,0.39445130017453217,0.06076004107606559,0.15600741526266465,0.5003656288402293,0.18048086732256177,1.483929556966423,1.19219727412482,0.28975853455453787
cooling_minus_15pct,1,3,0.4420815913190088,0.28760243109063865,0.058663915032248264,0.30814534000784016,0.47199495643014927,0.34621540582225674,0.18728983997137602,0.914858227645496,0.7589561468296168,0.13238967527060783
cooling_minus_15pct,1,2,0.15180544578683788,0.05852950807771846,0.4125614264154863,0.6953193968268362,0.8399819514139142,0.5264439703438731,0.2075840700427809,1.515341549153149,1.1811424152443153,0.29558701082431305
cooling_minus_15pct,1,5,1.07419466244445,0.9720706606084784,0.7631444505514648,0.4424008291117834,0.06041211087601079,0.7590221487132949,0.2108747125052088,1.9620375687246536,1.7003412663583717,0.5462114904246461
cooling_minus_15pct,1,1,0.05651355371864653,0.454627681600546,0.7905346456162002,1.014483049064339,1.1264863365964577,0.7915772179551801,0.24173585083202834,1.9542500180040463,1.693438897601638,0.5037468776019983
cooling_minus_15pct,2,"1,5",0.05401148870165848,0.2775234039243124,0.36706844733279415,0.27759568024297926,0.058191650398005015,0.24294911217389564,0.05356882301191419,0.7400071600902507,0.5395338974321575,0.9142381348875936
cooling_minus_15pct,2,"2,5",0.19064787951396409,0.05608413782085473,0.19625300989807473,0.20202812008368584,0.05725828272723033,0.15626974154823003,0.0733511373456066,0.5671286532102968,0.3651916682834412,0.5745212323064113
cooling_minus_15pct,2,"1,4",0.05304560362575092,0.20160755147458098,0.19610729897272253,0.058634957225575275,0.19104342277928796,0.15611096129487104,0.07882410553623101,0.526934573656554,0.35509443938107954,0.5803497085761865
cooling_minus_15pct,2,"2,4",0.2041996730178867,0.05502481392231232,0.10549775027685712,0.057635710212486056,0.2045091863383204,0.14212733326825952,0.09257735985112008,0.5724006688427892,0.3303868716846609,0.21149042464612822
cooling_minus_15pct,2,"3,5",0.4899958895377924,0.3248192834938965,0.05595491565758901,0.1078143952958757,0.05613942826164498,0.26963311017685815,0.1200873901844726,0.9827931803923207,0.6142608021679724,0.5220649458784347
cooling_minus_15pct,2,"3,4",0.4949421772098306,0.32974902111977017,0.054434010597241234,0.05637431149477688,0.20923768555520128,0.2841209986162099,0.13001983354346083,0.993590376757858,0.6228419299121755,0.17069109075770192
cooling_minus_15pct,2,"1,3",0.05181384581751765,0.10600861786811233,0.05609229835333788,0.3352498960166979,0.5051031946693291,0.2773411536932944,0.1434904738259767,0.9766627580252418,0.6276296495358072,0.4870940882597835
cooling_minus_15pct,2,"2,3",0.21143602441550688,0.05372308720387478,0.05456395781948699,0.3374298967122186,0.5068482537891633,0.29028354261880557,0.1448730130780986,0.9901121696932051,0.6370363041403783,0.13488759367194006
cooling_minus_15pct,2,"4,5",0.7904491953760829,0.658694404756986,0.39713241637514096,0.05831413717344216,0.054738892425232354,0.4945299364857579,0.16072567709726776,1.4821070753410908,1.1939143661897702,0.48376353039134057
cooling_minus_15pct,2,"1,2",0.05050093495167475,0.05608590339108458,0.40775633567492,0.6809653155035401,0.8210592056677816,0.511822856543916,0.19065547488034273,1.5131145163229576,1.181030024976501,0.4279766860949209
cooling_minus_15pct,3,"1,2,5",0.05049913477932636,0.05354620845914485,0.20752478774650676,0.20809523353204665,0.057318151697336034,0.13789335975006142,0.049010876860550924,0.4571704967401189,0.3428623043324649,0.8284762697751873
cooling_minus_15pct,3,"1,4,5",0.05312899222170556,0.20860473910691762,0.2078469333297114,0.05606989161257756,0.05473750786810027,0.1383322104211317,0.04925694414158639,0.5278815379016422,0.34244948385302953,0.8384679433805162
cooling_minus_15pct,3,"1,3,5",0.05195814861292813,0.11878627611205261,0.05308580409773794,0.11995498619851094,0.05627601127026771,0.0862370214640227,0.05042551612842205,0.3706029310463066,0.19108396535174,0.8667776852622814
cooling_minus_15pct,3,"2,3,5",0.2116257342900428,0.05372673338614473,0.051632846629375714,0.12300286328923873,0.05630894018706391,0.11716515289755722,0.06882563636970691,0.639895093473811,0.24684838159985537,0.5104079933388843
cooling_minus_15pct,3,"2,4,5",0.20229554345940456,0.055117408733135496,0.1140074732676045,0.05507364526768506,0.05473945238798714,0.11223959520656021,0.07010327454189764,0.599905800310701,0.23955004167231386,0.4870940882597835
cooling_minus_15pct,3,"1,3,4",0.05199923931371973,0.12247097326120454,0.05160804501446524,0.05637712995116403,0.20941593062374816,0.1161032844251257,0.07483207526178952,0.5115914999140614,0.26174014096314413,0.5262281432139884
cooling_minus_15pct,3,"1,2,4",0.050501096715561196,0.05247877113077487,0.11549131635079164,0.05774438902032436,0.20365672598372628,0.11265265451204463,0.07692818680523864,0.49209279847558207,0.256045293522287,0.47960033305578686
cooling_minus_15pct,3,"2,3,4",0.21183267157379415,0.053728216448238435,0.050239914370965796,0.05637829731462203,0.20962790350654936,0.1395752279750592,0.08794763567061309,0.6398536300940094,0.3408251897938655,0.17735220649458786
cooling_minus_15pct,3,"3,4,5",0.49506479924509134,0.3299275340325152,0.05443813759679064,0.0538138399284094,0.05474107206701269,0.26936865382900527,0.1149279882666339,0.9937310802166337,0.6231226036977588,0.4521232306411324
cooling_minus_15pct,3,"1,2,3",0.05050290686515318,0.05124400842348976,0.0545677218099166,0.3375879545065196,0.5069409751492031,0.27535755213096386,0.13488082367310797,0.9903229675283782,0.6351080448699408,0.42131557035803496
load_input_minus_10pct,1,3,0.33378308077615376,0.2225595356661199,0.06076699612751031,0.21125103363147923,0.3161044860142191,0.24867069189407193,0.3254300574827934,0.6089489051132375,0.5248588452199442,0.9250624479600333
load_input_minus_10pct,1,2,0.10762857956201083,0.0610684843244503,0.27785134206587603,0.4591793058585768,0.5521540174531424,0.34877910864111106,0.4566215398549682,0.9883961788650169,0.7963072823032192,0.6644462947543713
load_input_minus_10pct,1,4,0.5795067379819467,0.4801097656026981,0.28609880585116254,0.05475137199272578,0.10359700563955102,0.3638450289383057,0.47967477544880704,0.9865153554127915,0.8008757644025508,0.6211490424646128
load_input_minus_10pct,1,1,0.05854917398026792,0.3079537698100238,0.5290904062622402,0.6740476684532815,0.7452787854526457,0.5268739726928621,0.6389921578300731,1.290101804941152,1.1433038236468165,0.5220649458784347
load_input_minus_10pct,1,5,0.7761257247318815,0.6985654959194108,0.5440814755864427,0.3174595172942951,0.057322803800914875,0.5459772877533217,0.6681059712464552,1.2915257843516983,1.1462822613714565,0.5253955037468776
load_input_minus_10pct,2,"1,4",0.05680845684748332,0.14244136159508258,0.13714515484472356,0.05334092360360167,0.13186416501394455,0.11185611105840101,0.11385083585043823,0.3544752563029192,0.2373244108877416,0.6378018318068276
load_input_minus_10pct,2,"2,5",0.13358632968324055,0.059816856154022484,0.14445640361279521,0.15178893907463395,0.05551058946717031,0.11697206835097759,0.11717301154642251,0.6573606498192177,0.24376942409587354,0.6586178184845962
load_input_minus_10pct,2,"2,4",0.14351440550150785,0.059180655557358866,0.07795386785026465,0.05273185942784993,0.14161840091941288,0.10296791788625873,0.14247712243721428,0.48139010744122857,0.2284675395338113,0.9375520399666945
load_input_minus_10pct,2,"1,5",0.05728963439801951,0.19363037393970933,0.25409086557689936,0.1990370617077158,0.05599398629480482,0.17209768756466903,0.1577175126858958,0.5936050375479098,0.3648734145884362,0.2048293089092423
load_input_minus_10pct,2,"1,3",0.05614514409786575,0.08426239576674953,0.058637985897955616,0.2378160738991446,0.3505973094848465,0.19655319908824068,0.2772326845657482,0.6627801667801521,0.44162031855792083,0.704412989175687
load_input_minus_10pct,2,"3,5",0.3613193004288402,0.2451414515611721,0.05870930356590323,0.09308111943157923,0.05489594322297136,0.20286468881403383,0.28192826557199496,0.6610792974357764,0.44608257607309837,0.7069109075770191
load_input_minus_10pct,2,"2,3",0.146414640650393,0.058298739989806295,0.057306077737797396,0.2425515215373465,0.3561341919039017,0.20677658468501708,0.290618862053135,0.677417525396649,0.44972483861255075,0.8218151540383014
load_input_minus_10pct,2,"3,4",0.3602894213785232,0.24495130519015038,0.05740835890958273,0.05201868274488431,0.14314037215305006,0.20799059509456067,0.29117253311781743,0.6733481280964853,0.44921988580561845,0.8168193172356369
load_input_minus_10pct,2,"1,2",0.05525649298283663,0.059497215498139834,0.2793434488746698,0.45606986573376884,0.5465320807200621,0.3438962049178816,0.45059345704309567,0.9906283353340157,0.7958970375198277,0.607826810990841
load_input_minus_10pct,2,"4,5",0.5666288315366684,0.47005604369016485,0.2819455184508127,0.05328290837204631,0.05391102894725582,0.35419194222327915,0.4677151970861986,0.9840552394549675,0.7991751356942516,0.5761865112406328
load_input_minus_10pct,3,"1,3,5",0.05622830701585256,0.09420794371503809,0.056181349878332204,0.10091231323842217,0.05498631183743726,0.07536563234744287,0.06388993280616295,0.598801792901483,0.14795211456287805,0.601165695253955
load_input_minus_10pct,3,"1,4,5",0.05684753930180245,0.14645367776989113,0.1439905485863736,0.05178476376856859,0.053915932458105977,0.10099721785336012,0.08690708996894546,0.3096727511646833,0.2320423884468923,0.48542880932556204
load_input_minus_10pct,3,"1,2,5",0.05526107404622052,0.058128772514542154,0.15358163605046685,0.15665723570009088,0.05553910127466231,0.10737424337178665,0.08914840042887212,0.6663022586531042,0.24405679340314212,0.47793505412156534
load_input_minus_10pct,3,"1,2,4",0.05526261803937953,0.057457466143995585,0.0849796087727634,0.052785452695099724,0.1411033960934263,0.08517431969878203,0.10873381967725126,0.516724157458178,0.17274364088402908,0.8151540383014155
load_input_minus_10pct,3,"1,3,4",0.05623669115875818,0.09525437807700281,0.05480017384770813,0.052027034709053885,0.14350649954775793,0.08779515793268891,0.11174012892996098,0.5251429575589199,0.18138136256441442,0.742714404662781
load_input_minus_10pct,3,"2,4,5",0.1422885252116667,0.05923310864585864,0.08431106562412045,0.05112778190115648,0.053917659136385056,0.08530428524091577,0.11182466584903558,0.5248182964340273,0.18514375544201445,0.8484596169858452
load_input_minus_10pct,3,"2,3,5",0.14676794664484724,0.058307229357157354,0.05475363304749981,0.1020911688448729,0.054995793902773184,0.09097875311594654,0.11464814527800546,0.5988179416800037,0.1949444667572436,0.7552039966694422
load_input_minus_10pct,3,"2,3,4",0.14692018244993865,0.05830800827943693,0.05330174569251247,0.052026499228926354,0.14364050694267153,0.10115907452252867,0.14466959056628548,0.37550585289737626,0.23225313963472874,0.93255620316403
load_input_minus_10pct,3,"1,2,3",0.05526107552949444,0.05650659637120762,0.057312433812424145,0.24277050969865172,0.3563628934891085,0.19771875439973383,0.28238746824938676,0.6779735122473838,0.45016428710375195,0.7152373022481265
load_input_minus_10pct,3,"3,4,5",0.3605150846088371,0.24516864267090888,0.05741552947361134,0.05045387601414836,0.05391561464220927,0.19941304857578718,0.28363463517349097,0.6738307840143847,0.4496261230785877,0.7069109075770191
measurement_noise,1,4,0.07274562096793957,0.056667986360605535,0.04749421591139996,0.08034353614253183,0.05660582659312857,0.06390334889095133,0.0549043676625081,0.3150605168339169,0.13581481139703871,0.8800999167360533
measurement_noise,1,5,0.07210710168678383,0.05052029877314356,0.03162429687862819,0.03695788452946351,0.07532173569924754,0.05619800699758655,0.06039825260796929,0.3007902177386015,0.12648098072386352,0.8992506244796004
measurement_noise,1,3,0.06248142241036453,0.05451907749045293,0.0772852880614722,0.06350497071463308,0.08729516921101321,0.07000371644509018,0.07488130998911846,0.465962685754441,0.15649618570246135,0.8692756036636137
measurement_noise,1,2,0.06658687442368685,0.08167252651288194,0.04507247871275776,0.058313485856666396,0.07974994586443877,0.0676701681215021,0.07839826005516938,0.4347524656006527,0.14721762019108273,0.8825978351373855
measurement_noise,1,1,0.08052861185001413,0.05746036077616897,0.03310838766701225,0.05244372205997394,0.07615973480065864,0.06234318713273708,0.0834036898853292,0.45350849364407253,0.12990627287939,0.8792672772689425
measurement_noise,2,"4,5",0.06844837952650053,0.05404189587289493,0.049391841500010844,0.07744166146636387,0.07296867522189128,0.06537109402543549,0.05141180213088309,0.31807810445452134,0.13755073457041078,0.8084929225645295
measurement_noise,2,"3,5",0.05536878131701972,0.05338895477509795,0.07623542362093386,0.04034148170291993,0.07483887550739121,0.06157306989970611,0.053546316540419456,0.4600447573301736,0.12652272406036788,0.8442964196502915
measurement_noise,2,"3,4",0.05731795165046425,0.05660990829966595,0.0745646685649557,0.07789388425225464,0.05897306376339391,0.06571940132236176,0.05433381532909527,0.49101286275120515,0.12895220462464893,0.8251457119067444
measurement_noise,2,"2,4",0.06367151331910104,0.08086112823039741,0.040040696413724014,0.07970994290694623,0.05729801671816334,0.06607961675796374,0.06150089035255784,0.42853221145931286,0.13090194374014885,0.8343047460449625
measurement_noise,2,"2,5",0.06597174956582508,0.0811764316478346,0.032761801658712994,0.03334236015609738,0.07494699777310591,0.0612274217973568,0.062981125866186,0.4322817648009831,0.1259837277631377,0.8343047460449625
measurement_noise,2,"1,4",0.0800455816601192,0.059829357929311947,0.04534964437311679,0.08020452581735045,0.05718631707564458,0.06594918995798339,0.0699655812396367,0.4755751089340663,0.13030117543347616,0.8168193172356369
measurement_noise,2,"1,5",0.08018229212426174,0.0560804831576289,0.027479699909826787,0.034664584368167314,0.07510915493153456,0.05860439067608285,0.07204278851642054,0.4590493059939007,0.12122954285873533,0.8442964196502915
measurement_noise,2,"2,3",0.07162723046280335,0.07953998186796692,0.07567984375436489,0.05659858607549856,0.07383975521877843,0.07188910488596706,0.07395862730713874,0.46210261427287236,0.14727619963046265,0.8184845961698585
measurement_noise,2,"1,2",0.07818063993140911,0.07881498336790947,0.04496663915420124,0.045395668826746095,0.06712354900758208,0.06467201911150373,0.07897008271345247,0.3884663836094333,0.13774175442173095,0.791007493755204
measurement_noise,2,"1,3",0.07988106555520191,0.06457679453491974,0.07704457721403986,0.06413535542952499,0.08642007294350593,0.07492501148263143,0.09051354926733858,0.6556742100152704,0.15515934952868235,0.8176519567027477
measurement_noise,3,"3,4,5",0.05720891079116626,0.056488875528278686,0.07457692889900894,0.07435550892731925,0.07296922477244923,0.06764439419213047,0.05064316122395422,0.49090668439167473,0.1349119558626754,0.7585345545378851
measurement_noise,3,"2,4,5",0.06399194075136762,0.08088824856698211,0.0415146363987139,0.07638844032521001,0.07296668061588416,0.06858669341511728,0.05949185958230926,0.43312131420610456,0.13788494353984931,0.7443796835970025
measurement_noise,3,"2,3,5",0.07150266332618957,0.07953978288597284,0.07409294178030269,0.04313224345317431,0.07489195505702866,0.06985437323963811,0.06404944288480008,0.462079322758818,0.13980444506703124,0.7851790174854288
measurement_noise,3,"2,3,4",0.07136932599135894,0.07953381693477886,0.07225158432780124,0.07788655294436493,0.05895137780633076,0.07236170291165522,0.0643210079090078,0.4621140672931432,0.1399686971040069,0.7743547044129891
measurement_noise,3,"1,4,5",0.08003916264262054,0.05943578437306302,0.04648857363095334,0.07709580780401036,0.07296792627600447,0.06836395153117905,0.06869152449728189,0.47393251715890017,0.13686526881279237,0.7377185678601166
measurement_noise,3,"1,2,4",0.07818185876476863,0.07767024524203978,0.044728433648998325,0.07970966074152437,0.05850496349575518,0.06916959387148983,0.06935703218363767,0.38847665399190845,0.13783615926886914,0.7468776019983348
measurement_noise,3,"1,2,5",0.07817950162699354,0.07810609567904515,0.03941782820202265,0.034763375930403455,0.07491019648081977,0.06416602166241414,0.0704182622189695,0.38846628540184724,0.13526294881128254,0.7468776019983348
measurement_noise,3,"1,3,5",0.07993650846614644,0.06376857659167479,0.07547989568249452,0.040642908621672524,0.07484734468070438,0.0684214329366298,0.0711852135006293,0.6501486225718622,0.1366977842195141,0.7968359700249792
measurement_noise,3,"1,3,4",0.07996957921178166,0.06489995949017244,0.07363240065112303,0.0778963628333154,0.05892486127588901,0.07151063051858127,0.07123931931703636,0.6735559482882749,0.13718929128796875,0.7826810990840966
measurement_noise,3,"1,2,3",0.0781863661650557,0.07631334115896245,0.07568900216643507,0.056072860747979,0.07311935806703937,0.0723274016932575,0.0792944988976213,0.3967862268791862,0.14905283273197656,0.7610324729392173
nominal,1,5,0.07482091797378479,0.05132689216220536,0.027582162267321436,0.029338807250922947,0.053086591092536224,0.050343514111639634,0.05173631291036292,0.29999999999999716,0.10953439251819505,0.9050791007493755
nominal,1,3,0.07434360694464336,0.05697652084680592,0.050063685018353975,0.03711701508354197,0.06613621082752281,0.058363241120241986,0.06387917468455437,0.3980846575629542,0.12506019035823943,0.9125728559533722
nominal,1,2,0.039348336908259944,0.052771775505248614,0.03703593292819768,0.05622629667055158,0.07756990427421048,0.054558773303070705,0.06797586225382787,0.29999999999999716,0.12535525117227453,0.9017485428809325
nominal,1,1,0.05141178639556165,0.026969714183538652,0.02863952726152231,0.051210850117944635,0.07399344775333874,0.049574875220249975,0.07223226229012893,0.29999999999999716,0.10707423252345621,0.9175686927560366
nominal,1,4,0.08275738717250308,0.0600550243556299,0.038553606594245254,0.05548615957209916,0.06154421657981219,0.061332171267422096,0.07480629053939726,0.6308772558384277,0.13138893948493263,0.8992506244796004
nominal,2,"2,5",0.03808107609198504,0.05271761836529978,0.027529557392933036,0.02936392692536569,0.05300627735377237,0.041615136227259916,0.04026055646557789,0.30051681262936114,0.08827388544651883,0.8734388009991674
nominal,2,"3,5",0.0671592439302189,0.05397865700774669,0.049920035210284,0.02215779640693582,0.05287864780744443,0.05138713595558634,0.040882559675032154,0.43401510195348436,0.10054060988293262,0.8825978351373855
nominal,2,"2,3",0.035046662217652076,0.052413699624649444,0.04968397872204871,0.027638711591654846,0.04616172423086842,0.04321750882456689,0.04741600556450408,0.29999999999999716,0.08735538395977333,0.8734388009991674
nominal,2,"4,5",0.0699242529169206,0.04532091723441291,0.03746791791068725,0.05468184937564712,0.052422352227307074,0.053076245575030656,0.04757582410434168,0.36703242084865195,0.10736387949415589,0.839300582847627
nominal,2,"1,5",0.05137595901205792,0.02501630629726207,0.01685140552729467,0.027927466854150648,0.053036781358034434,0.03779449217841684,0.048690852528682965,0.2869170249189281,0.08395445057976618,0.8784346378018318
nominal,2,"1,3",0.051213957279790445,0.02688583684341968,0.04988978011715494,0.027212070880416356,0.04920722997206839,0.042418288712040425,0.055986110026105616,0.29999999999999716,0.0880898800413235,0.8717735220649458
nominal,2,"2,4",0.03739495043925482,0.05262993838357314,0.035203162316758574,0.05533332207558392,0.05699042548812922,0.04840917371521931,0.05900941873386715,0.6225170416020092,0.09096965113277096,0.8634471273938384
nominal,2,"3,4",0.06631739293821268,0.05433986062991293,0.049702245997450094,0.05498348020561077,0.06236205770273042,0.05785039265731939,0.06378734126443401,0.6543468474059537,0.10705723126502707,0.8692756036636137
nominal,2,"1,4",0.051349295477344854,0.025328216707462544,0.027999480537274263,0.055413055706380075,0.060265094268133056,0.04639984471487463,0.0677231995171487,0.6304071615663318,0.08997109891764837,0.8634471273938384
nominal,2,"1,2",0.0508509661646613,0.05218853975686356,0.030938243175861208,0.044311214619522386,0.06702400088870986,0.05044271953181974,0.06833362228086537,0.29999999999999716,0.10483322776300956,0.8534554537885096
nominal,3,"2,3,5",0.035045559395482505,0.05241361518091002,0.04943792153272736,0.023333930974517175,0.05286768359471301,0.04417906897739051,0.04034144747271179,0.29999999999999716,0.0926054739269532,0.8301415487094088
nominal,3,"2,4,5",0.041351429422364236,0.052616968633016674,0.04147831778112815,0.05444545628112945,0.052422340112684415,0.0488084959856442,0.040601111817343924,0.47831609854179646,0.09628326769625915,0.7968359700249792
nominal,3,"3,4,5",0.0662588505016783,0.054304835733877344,0.0497031826025671,0.05397071032368683,0.05242203445398709,0.055624750037819685,0.04079117420740277,0.44499715317648736,0.10661822831726939,0.8151540383014155
nominal,3,"1,3,5",0.05120531007148329,0.02743163389447941,0.04967684692055789,0.02215796544165829,0.05286854626181967,0.04272780372066398,0.047753950123515146,0.2812952932461883,0.09142302771074215,0.8234804329725229
nominal,3,"1,4,5",0.051331607951213144,0.02569148542998983,0.035351479936158815,0.05457111772882936,0.05242225717644102,0.045322871642868655,0.04850845169451487,0.37623947698344296,0.09408617632397669,0.791007493755204
nominal,3,"1,2,5",0.050850825338197216,0.05209231316888425,0.025614136310617968,0.027502401545240956,0.052992213388440575,0.0436349774340759,0.04854258246136048,0.3005029625424953,0.0926758853637054,0.8234804329725229
nominal,3,"1,2,3",0.05085104565735023,0.0516496276507541,0.04968422658441639,0.027630369839022395,0.046129825355436714,0.04607262392563143,0.05417852991982224,0.29999999999999716,0.09284014052287547,0.832639467110741
nominal,3,"2,3,4",0.035050044628434376,0.05241408059729301,0.049137472756093044,0.054983339569262914,0.06232827606957996,0.05157172545138511,0.06383111979502638,0.6545371771190105,0.09625928630887728,0.8259783513738551
nominal,3,"1,2,4",0.050850830130010016,0.05196232415064485,0.03440045690404546,0.05532035812514237,0.059398509666941025,0.05110343719360294,0.06698354978323676,0.6236947923085481,0.09549451598123257,0.8184845961698585
nominal,3,"1,3,4",0.05120867289844473,0.028922588857727232,0.04942369850046013,0.05498289393841312,0.062342205705840724,0.050618604362091174,0.06879332039300277,0.6544373588148034,0.09512302159003812,0.8251457119067444
