time_s,experiment_middle_C,experiment_T1_C,experiment_T2_C,paper_simulation_middle_C,paper_simulation_T1_C,paper_simulation_T2_C
200.0,54.214285714285715,54.79545454545455,54.47077922077922,54.9025974025974,54.32142857142857,54.87662337662338
201.0,54.26698701298701,54.70983116883117,54.425512987012986,54.904824675324676,54.451569430569435,54.87662337662338
202.0,54.33325360750361,54.76623376623377,54.468363636363634,54.91558441558441,54.58171028971029,54.87254545454546
203.0,54.394541305916306,54.69162012987013,54.5727012987013,54.915772727272724,54.71185114885115,54.876435064935066
204.0,54.455829004329004,54.5942380952381,54.701896103896104,54.924493506493505,54.841992007992005,54.87420779220779
205.0,54.5171167027417,54.54363636363637,54.77737012987013,54.929967532467536,54.951298701298704,54.87662337662338
206.0,54.5784044011544,54.44532467532468,54.77409090909091,54.93544155844156,54.96141558441558,54.87662337662338
207.0,54.6396920995671,54.44477272727273,54.74607792207792,54.94416233766234,54.97274025974026,54.87337662337662
208.0,54.7009797979798,54.45431168831169,54.66090909090909,54.949636363636365,54.978857142857144,54.870051948051945
209.0,54.7622674963925,54.39948701298701,54.654714285714284,54.95454545454545,54.99025974025974,54.88198701298701
210.0,54.823555194805195,54.32,54.6962987012987,54.960584415584414,54.993506493506494,54.87337662337662
211.0,54.88484289321789,54.441577922077926,54.790175324675324,54.96605844155844,54.99498051948052,54.89138311688312
212.0,54.94613059163059,54.55722077922078,55.062675324675325,54.96903896103896,55.0,54.90085714285714
213.0,55.00741829004329,54.5595064935065,55.10203246753247,54.97727272727273,55.0,54.91558441558441
214.0,55.06870598845599,54.64562337662338,54.83361038961039,54.98248051948052,55.054233766233764,54.92796103896104
215.0,55.11772727272727,54.65532467532467,54.77409090909091,54.98701298701299,55.08474141929499,54.94019480519481
216.0,55.078155844155845,54.61727272727273,54.746753246753244,54.99025974025974,55.08131539888683,54.95122077922078
217.0,55.022681818181816,54.54975324675325,54.72306493506493,54.996753246753244,55.077889378478666,54.96533766233766
218.0,55.027103896103895,54.55081818181818,54.68605194805195,55.00112987012987,55.0744633580705,54.967532467532465
219.0,54.863525974025976,54.55574675324675,54.67185714285714,55.006493506493506,55.07103733766234,54.97760389610389
220.0,54.83194805194805,54.58493506493507,54.66467532467532,55.006493506493506,55.06761131725417,54.98233766233766
221.0,54.835678571428566,54.62772077922078,54.68181818181818,55.00781168831169,55.064185296846006,54.97859090909091
222.0,54.73663543599258,54.7942987012987,54.50179220779221,55.01623376623377,55.06075927643785,54.97667532467533
223.0,54.63759230055659,54.85931168831169,54.42279220779221,55.01948051948052,55.057333256029686,54.97402597402598
224.0,54.53854916512059,54.84241558441558,54.43135064935065,55.020987012987014,55.05390723562152,54.97251948051948
225.0,54.4395060296846,54.8836038961039,54.57597402597403,55.02597402597402,55.04918831168831,54.96477272727273
226.0,54.3404628942486,54.891207792207794,54.63503246753247,55.029753246753245,55.05194805194805,54.964285714285715
227.0,54.41178571428571,54.917422077922076,54.69890909090909,55.035714285714285,55.06183116883117,54.95779220779221
228.0,54.48309090909091,54.91558441558441,54.770831168831165,55.035714285714285,55.06885714285714,54.95968831168831
229.0,54.47437012987013,54.90362987012987,54.79749675324675,55.041519480519476,55.07757792207792,54.95164285714286
230.0,54.47590909090909,54.59090909090909,54.734415584415586,55.03896103896104,55.077922077922075,54.95779220779221
231.0,54.5186025592055,54.553675324675325,54.69242207792208,55.0380974025974,55.07294805194805,54.96103896103896
232.0,54.567592818945755,54.596155844155845,54.68846753246753,55.0418961038961,55.06818181818182,54.96737662337662
233.0,54.61658307868602,54.59118831168831,54.699285714285715,55.04220779220779,55.064935064935064,54.97844805194805
234.0,54.665573338426285,54.57677922077922,54.814844155844156,55.04975324675325,55.066693806193804,54.98806493506493
235.0,54.71456359816654,54.59084415584416,54.8537987012987,55.05194805194805,55.06367507492507,54.9936038961039
236.0,54.7635538579068,54.84540259740259,54.75309090909091,55.05194805194805,55.06065634365635,55.00875324675325
237.0,54.81254411764706,54.93422727272727,54.696629870129875,55.05318831168831,55.05763761238761,55.0211948051948
238.0,54.861534377387315,54.86363636363637,54.6751038961039,55.055415584415584,55.054618881118884,55.02597402597402
239.0,54.91052463712758,54.86363636363637,54.54535064935065,55.060889610389616,55.05160014985015,55.03001948051948
240.0,54.95951489686784,54.85935064935065,54.52337662337663,55.063506493506495,55.04858141858142,55.02922077922078
241.0,55.0085051566081,54.90142207792208,54.562915584415585,55.06127922077922,55.04556268731269,55.02638311688312
242.0,55.05749541634836,54.960981818181814,54.66922077922078,55.06107792207793,55.04254395604396,55.02658441558441
243.0,55.09901948051948,54.831914285714284,54.824558441558445,55.061688311688314,55.039525224775225,55.021912337662336
244.0,55.12722077922078,54.76298701298701,54.935662337662336,55.062285714285714,55.06555194805195,55.00974025974026
245.0,55.13720779220779,54.71694805194805,54.958636363636366,55.064935064935064,55.08766233766234,55.00366883116883
246.0,55.059449134199134,54.73196103896104,54.91593506493507,55.06674025974026,55.09271428571429,54.99746753246753
247.0,54.97151461038961,54.73848051948052,54.91961688311688,55.06818181818182,55.09415584415584,54.99518181818181
248.0,54.88358008658009,54.77875324675325,54.92,55.06818181818182,55.10041558441558,54.98701298701299
249.0,54.79564556277056,54.887005844155844,55.157038961038964,55.06818181818182,55.10064935064935,54.98575974025974
250.0,54.71655844155844,54.99775974025974,55.14805194805194,55.06818181818182,55.0974025974026,54.993506493506494
251.0,54.71451298701299,55.10851363636364,55.03330844155845,55.06818181818182,55.09095454545455,54.993506493506494
252.0,54.885838961038964,55.171922077922076,54.85475324675325,55.06818181818182,55.09090909090909,55.005428571428574
253.0,55.16664805194805,54.96312337662338,54.700779220779225,55.06818181818182,55.088520833333334,55.01507142857143
254.0,55.17475324675325,54.950584415584416,54.62012987012987,55.071285714285715,55.08379707792208,55.02893506493506
255.0,55.146623376623374,54.94392857142857,54.57607142857143,55.06581168831169,55.07907332251082,55.03220779220779
256.0,55.0027012987013,54.93696103896104,54.703714285714284,55.07142857142857,55.07434956709957,55.04031168831169
257.0,54.93922857142857,54.91432467532468,54.78445454545455,55.07142857142857,55.06962581168831,55.03929220779221
258.0,54.775277922077926,54.95179220779221,54.82074025974026,55.07142857142857,55.064902056277056,55.04220779220779
259.0,54.74604512987013,55.126285714285714,54.85185064935065,55.06818181818182,55.0601783008658,55.04203896103896
260.0,54.82758441558441,55.099870129870126,54.91558441558441,55.06220779220779,55.055454545454545,55.03142857142857
261.0,54.909123701298704,55.0974025974026,54.90184415584416,55.064935064935064,55.05073079004329,55.01998051948052
262.0,54.99066298701298,55.10237662337662,54.82944155844156,55.06320779220779,55.061136363636365,55.01277922077922
263.0,55.072202272727274,55.04545454545455,54.737305194805195,55.061688311688314,55.08116883116883,55.003246753246756
264.0,55.15374155844155,55.217532467532465,54.79127272727273,55.05875324675325,55.08116883116883,54.99412987012987
265.0,55.235280844155845,55.19784090909091,54.83392857142857,55.05977272727273,55.08633116883117,54.98642857142857
266.0,55.30844155844156,54.7565974025974,55.04781818181818,55.05844155844156,55.08766233766234,54.98287012987013
267.0,55.32118181818181,54.6948051948052,55.12012987012987,55.0551948051948,55.09090909090909,54.97727272727273
268.0,55.32257142857143,54.61189610389611,55.1445974025974,55.05844155844156,55.0888051948052,54.96771428571429
269.0,55.31818181818182,54.641798701298704,55.16233441558442,55.05844155844156,55.08657792207792,54.97727272727273
270.0,55.036168831168844,54.66246753246753,54.95084415584416,55.058376623376624,55.084350649350654,54.97422077922078
271.0,54.66117532467532,55.22707792207792,54.84166883116883,55.05748701298701,55.07562987012987,54.9873961038961
272.0,54.672555844155845,55.17277922077922,54.8531948051948,55.05844155844156,55.07015584415584,54.988285714285716
273.0,54.77371688311688,55.12783766233766,54.877474025974024,55.048701298701296,55.02922077922078,55.000253246753246
274.0,54.87487792207792,55.041875695732834,55.165,55.048701298701296,55.02922077922078,55.00572727272727
275.0,54.97603896103896,54.955913729128014,55.20081168831169,55.048701298701296,55.023924512987016,55.01477272727273
276.0,54.94732987012987,54.95174025974026,55.16233766233766,55.048701298701296,55.01411363636364,55.016675324675326
277.0,54.83047142857143,54.96312987012987,55.1715,55.04545454545455,55.00430275974026,55.020814935064934
278.0,54.697792207792205,54.96418181818182,55.17857142857143,55.043805194805195,54.96321645021644,55.01453246753247
279.0,54.64881818181818,55.05395779220779,55.14503896103896,55.04545454545455,54.803167650531286,55.01434415584416
280.0,54.64363636363637,55.171688311688314,54.93896103896104,55.04220779220779,54.86500590318772,55.006103896103895
281.0,54.61230952380952,55.21612337662337,54.90627272727272,55.035714285714285,54.92684415584415,54.98658441558442
282.0,54.580333333333336,54.64203896103896,54.89531168831169,55.0348961038961,54.988682408500594,54.98294805194805
283.0,54.54835714285714,54.637772727272726,54.999019480519486,55.032467532467535,55.05052066115702,54.96468831168831
284.0,54.51638095238095,55.132077922077926,55.15212987012987,55.033272727272724,55.0551948051948,54.96023376623377
285.0,54.52707792207792,55.355129870129865,55.18383116883117,55.03146103896104,55.05844155844156,54.943798701298704
286.0,54.60376623376623,54.9025974025974,55.1882987012987,55.02922077922078,55.05844155844156,54.94157142857143
287.0,54.63401298701299,54.834266233766236,55.08824675324675,55.02375974025974,55.05622727272727,54.938311688311686
288.0,54.657402597402594,54.81049350649351,54.96838961038961,55.02392207792208,55.05194805194805,54.93950649350649
289.0,54.66285308441558,54.80844155844156,55.08511688311689,55.02255194805195,55.04220779220779,54.944980519480524
290.0,54.668303571428574,54.720876623376626,55.11279220779221,55.01948051948052,55.04220779220779,54.95045454545455
291.0,54.66883116883117,54.689694805194804,55.087240259740256,55.01623376623377,54.993506493506494,54.95779220779221
292.0,54.66883116883117,55.20527272727273,54.83514285714286,55.012623376623374,54.99314285714286,54.967532467532465
293.0,55.27302922077921,55.25770779220779,54.86035714285715,55.00974025974026,54.989188311688316,54.971435064935065
294.0,55.34887012987013,55.24025974025974,54.91862337662338,55.00816883116883,54.97465367965368,54.98701298701299
295.0,55.38042207792208,55.22886363636364,54.99743506493506,55.00918831168831,54.96103896103896,54.98646103896104
296.0,55.369220779220775,54.798233766233764,55.02783116883117,55.006493506493506,54.95779220779221,54.98376623376623
297.0,55.36123671782763,55.27651948051948,55.10972077922078,55.006493506493506,54.9605735930736,54.97551298701299
298.0,55.349344746162934,55.26532467532468,55.15646753246753,55.002506493506495,54.96541847041847,54.963545454545454
299.0,55.337452774498225,55.05687012987013,55.188590909090905,54.996753246753244,54.97026334776335,54.95835064935065
300.0,55.32556080283353,55.119913419913416,55.1012987012987,55.0,54.97987012987013,54.944155844155844
301.0,55.31366883116883,55.18677272727273,55.0138961038961,54.996753246753244,55.00603246753247,54.93413636363636
302.0,55.30177685950413,55.268935064935064,54.889792207792205,54.996753246753244,55.01298701298701,54.92225974025974
303.0,55.289884887839435,55.15737662337662,54.866883116883116,54.996753246753244,55.01623376623377,54.91455844155844
304.0,55.27799291617473,55.022493506493504,54.823662337662334,54.993506493506494,55.01948051948052,54.90797402597403
305.0,55.26584415584416,54.75012987012988,54.814935064935064,54.99025974025974,55.01957792207792,54.9089935064935
306.0,55.419909090909094,55.06774025974026,54.82563636363636,54.98885714285714,55.01948051948052,54.9025974025974
307.0,55.49420779220779,55.17341558441558,54.985298701298696,54.98701298701299,55.01492857142857,54.90453896103896
308.0,55.44820779220781,55.30680519480519,55.077999999999996,54.98701298701299,55.00974025974026,54.90909090909091
309.0,54.84226623376623,55.37557792207792,55.138564935064935,54.98376623376623,54.99370779220779,54.90909090909091
310.0,54.82967532467532,55.38759740259741,55.13487012987013,54.98227272727273,54.964285714285715,54.92181818181818
311.0,54.852474025974026,55.30833441558441,55.09439285714286,54.980045454545454,54.96056493506493,54.922551948051954
312.0,54.88389964580874,55.03138528138528,55.10820779220779,54.97727272727273,54.95431910946197,54.94046753246753
313.0,54.942170306965764,54.89657142857143,55.13636363636363,54.97727272727273,54.943106679035246,54.94011038961039
314.0,55.00044096812279,54.93996103896104,55.13503896103896,54.97468831168831,54.931894248608536,54.95063636363636
315.0,55.05871162927981,55.280681818181826,55.087987012987014,54.976915584415586,54.92857142857143,54.94516233766234
316.0,55.11698229043683,55.24802597402598,54.97792207792208,54.97727272727273,54.929506493506494,54.94805194805195
317.0,55.175252951593855,55.13035281385282,54.8235974025974,54.973175324675324,54.933866883116885,54.94635064935065
318.0,55.233523612750886,54.93558874458874,54.88876623376623,54.967532467532465,54.93822727272727,54.932155844155844
319.0,55.29179427390791,54.74082467532468,55.08638961038961,54.97077922077922,54.942587662337665,54.9210487012987
320.0,55.33662337662338,54.71415584415584,55.0725974025974,54.967532467532465,54.94930735930736,54.914545454545454
321.0,55.33760389610389,54.72396753246753,55.07457792207792,54.967532467532465,54.98701298701299,54.9058051948052
322.0,55.31718181818182,54.80242857142857,55.07990909090909,54.967532467532465,54.98701298701299,54.893857142857144
323.0,55.328476190476195,54.935064935064936,55.12872077922078,54.967532467532465,54.99025974025974,54.88961038961039
324.0,55.3401038961039,55.02251948051948,55.22768831168831,54.958207792207794,54.993506493506494,54.87337662337662
325.0,55.3517316017316,55.083874458874455,55.18344155844156,54.967532467532465,54.993506493506494,54.87662337662338
326.0,55.36335930735931,55.18270995670996,55.14435064935065,54.96245454545454,54.99209090909091,54.88128571428571
327.0,55.3592012987013,54.853974025974026,55.065331168831165,54.964285714285715,54.98701298701299,54.880662337662336
328.0,55.33428571428572,54.83966233766234,55.087038961038964,54.96166233766234,54.98376623376623,54.88961038961039
329.0,55.27425324675325,54.858785714285716,55.149311688311684,54.96103896103896,54.961498376623375,54.90584415584416
330.0,55.33909090909091,55.10441558441558,55.12318181818182,54.96103896103896,54.944220779220785,54.90701298701299
331.0,55.39761038961039,55.27878571428571,55.04113636363637,54.96103896103896,54.94437012987013,54.91514935064935
332.0,55.392857142857146,55.265220779220776,54.98958441558441,54.96103896103896,54.93444805194805,54.920623376623375
333.0,55.38388961038961,55.19311038961039,55.00572077922078,54.96103896103896,54.92354707792208,54.93676623376623
334.0,55.31761038961039,54.886909090909086,55.02823376623377,54.96103896103896,54.9126461038961,54.93855844155844
335.0,55.28799918831169,54.80811688311688,55.02993506493507,54.96301948051948,54.91888528138528,54.940292207792204
336.0,55.378477272727274,54.813857142857145,55.14306493506494,54.96103896103896,54.93341991341991,54.933142857142855
337.0,55.46895535714285,54.795337662337666,55.23376623376623,54.96422727272727,54.94795454545454,54.927035714285715
338.0,55.58550649350649,54.84853246753247,55.23377922077922,54.962116883116884,54.9448051948052,54.917740259740256
339.0,55.28193506493508,55.4448051948052,55.179662337662336,54.967532467532465,54.9448051948052,54.910038961038964
340.0,54.71103896103896,55.403181818181814,55.15025974025974,54.9674025974026,54.953584415584416,54.89324675324676
341.0,54.67178896103896,55.40824675324675,55.205123376623376,54.964285714285715,54.97625844155844,54.90112987012987
342.0,54.61077922077922,54.987376623376626,55.22764935064935,54.968870129870126,54.99025974025974,54.88961038961039
343.0,54.7391493506494,54.98999711399711,55.146422077922075,54.967532467532465,54.993824675324674,54.88248051948052
344.0,54.81618181818186,55.05201154401154,55.05402597402598,54.973324675324676,54.996753246753244,54.88057142857143
345.0,54.640941558441554,55.11402597402597,54.84970779220779,54.972305194805195,54.996753246753244,54.88464285714286
346.0,54.693967532467525,55.16010389610389,54.837155844155845,54.96803896103896,54.99401298701299,54.89509090909091
347.0,55.24880519480519,55.156357142857146,54.82023376623377,54.97675974025974,54.988820037105754,54.8972987012987
348.0,55.25153246753247,55.107220779220775,54.792025974025975,54.97231168831169,54.97387012987013,54.90602597402597
349.0,55.25694074675325,54.972753246753285,54.784324675324676,54.97402597402598,54.95892022263451,54.91372727272727
350.0,55.14030032467532,54.642857142857146,54.846753246753245,54.97694805194805,54.95454545454545,54.927922077922084
351.0,55.02365990259741,55.31627922077922,55.067499999999995,54.97727272727273,54.949965761511216,54.932376623376626
352.0,54.90646753246753,55.317298701298704,55.13636363636363,54.9814025974026,54.945208972845336,54.94420779220779
353.0,54.864045454545455,55.26662077922078,55.132844155844154,54.98998701298701,54.940452184179456,54.95454545454545
354.0,54.86777722277723,55.20034285714286,55.06235064935065,54.9891038961039,54.93569539551358,54.95663636363636
355.0,54.83088161838162,55.17964285714286,55.049772727272725,54.99025974025974,54.94125811688311,54.95779220779221
356.0,54.793986013986014,55.17862337662338,55.05264935064934,54.99025974025974,54.965240259740256,54.951298701298704
357.0,54.75709040959041,55.17435714285714,54.791519480519476,54.99253896103896,54.971746753246755,54.9448051948052
358.0,54.7201948051948,55.19461038961039,54.786779220779216,54.994766233766235,54.97203896103896,54.935064935064936
359.0,54.6832992007992,55.2447077922078,54.83212987012987,54.993746753246754,54.975227272727274,54.93157792207792
360.0,54.646403596403594,55.25402597402598,54.85311688311688,55.002467532467534,55.01883116883117,54.92779220779221
361.0,54.60950799200799,55.24429437229437,54.874474025974024,55.00504545454545,55.02597402597402,54.92422727272727
362.0,54.57261238761239,55.151272727272726,54.80875324675325,55.003246753246756,55.02922077922078,54.912766233766234
363.0,54.53571678321678,55.05825108225108,54.79042857142857,55.005902597402596,55.032467532467535,54.91027272727273
364.0,54.451064935064935,55.11187012987013,54.82631168831169,55.00974025974026,55.035714285714285,54.917194805194804
365.0,54.493506493506494,55.12058441558441,54.83256493506494,55.01298701298701,55.032467532467535,54.92594155844156
366.0,54.55468181818183,55.15667532467533,54.85309090909091,55.01298701298701,54.92723376623376,54.93750649350649
367.0,54.70433116883117,55.256493506493506,54.87195454545454,55.01481168831169,54.870814935064935,54.785935064935046
368.0,55.504883116883114,55.271896103896104,54.86283116883117,55.01948051948052,54.993506493506494,55.111662337662345
369.0,55.58476948051948,55.19648701298701,54.86342207792208,55.02251298701299,54.999785714285714,55.016175324675324
370.0,55.73357142857143,54.871688311688324,54.86006493506494,55.01623376623377,54.993988868274585,54.98006493506494
371.0,55.58618831168832,54.74052597402597,54.90909090909091,55.02272727272727,54.98402226345083,54.991253246753246
372.0,55.48677922077922,54.7272987012987,54.89298701298702,55.029194805194805,54.974055658627094,55.003168831168836
373.0,55.24444155844156,55.07896753246753,54.843714285714285,55.028175324675324,54.97727272727273,55.00753896103896
374.0,55.254428571428576,55.025038961038966,54.76651948051948,55.02922077922078,54.983119480519484,55.005311688311686
375.0,55.25275974025974,54.60081168831169,54.762175324675326,55.035714285714285,55.00230519480519,55.0
376.0,55.27064935064935,54.93099913419913,54.74638961038961,55.03896103896104,55.013844155844154,54.98958441558442
377.0,55.3737012987013,54.96355670995671,54.83137662337662,55.035714285714285,55.01298701298701,54.98802597402597
378.0,55.76807792207792,54.996114285714285,55.032149350649355,55.03896103896104,55.000454545454545,54.97981818181818
379.0,55.698623376623374,55.028671861471864,55.13435714285714,55.044785714285716,55.04195779220778,54.97144805194805
380.0,55.455064935064925,55.061229437229436,54.86324675324675,55.047012987012984,55.06974025974026,55.38805194805201
381.0,54.616883116883116,55.09378701298701,54.7868051948052,55.05194805194805,55.074675324675326,54.95725324675325
382.0,54.62012987012987,55.04075324675324,54.78162337662337,55.05194805194805,55.074675324675326,54.95731168831169
383.0,55.24075324675324,55.02597402597402,54.837396103896104,55.05194805194805,55.076422077922075,55.481506493506494
384.0,55.416506493506496,54.74535064935065,54.94854545454545,55.05267532467533,55.0754025974026,54.964285714285715
385.0,55.44831168831169,54.73081168831169,55.14675324675325,55.0551948051948,55.06817532467532,54.979642857142856
386.0,55.38961038961039,54.73120779220779,55.15784415584415,55.05844155844156,55.04898961038961,54.99672077922078
387.0,55.20685281385281,54.89041558441562,55.14485714285714,55.05752597402597,55.03896103896104,55.00091558441559
388.0,54.99174025974026,55.234701298701296,54.967220779220774,55.05844155844156,55.03542532467532,55.00963636363637
389.0,54.91233766233766,55.19805194805195,54.96003896103896,55.06381168831169,55.02561444805195,55.01623376623377
390.0,54.91233766233766,55.31318181818182,55.11383116883117,55.064935064935064,55.01580357142857,55.02928571428571
391.0,54.976092907092905,55.37038311688312,55.143025974025974,55.06818181818182,55.01298701298701,55.03896103896104
392.0,55.06061738261739,55.35345454545455,55.1068051948052,55.06818181818182,55.015298701298704,55.03896103896104
393.0,55.145141858141855,55.34021590909091,54.902064935064935,55.066227272727275,55.01634675324675,55.04287012987013
394.0,55.22966633366634,55.326408008658014,54.91209090909091,55.0717012987013,55.03902077922078,55.035441558441555
395.0,55.314190809190805,55.312600108225105,54.92555194805195,55.074675324675326,55.0551948051948,55.01948051948052
396.0,55.344181818181816,55.29879220779221,55.031766233766234,55.077922077922075,55.05342857142857,55.01828571428571
397.0,55.39007142857143,55.287097402597404,55.029779220779226,55.074214285714284,55.05844155844156,55.01392857142857
398.0,55.392857142857146,55.311129870129875,54.856584415584415,55.074675324675326,55.074571428571424,54.99787012987013
399.0,55.392857142857146,55.26875324675325,54.84703896103896,55.077922077922075,55.10064935064935,54.99990909090909
400.0,55.38214285714285,55.19350649350649,54.85194805194806,55.07857142857143,55.10454545454545,54.98701298701299
401.0,55.342154714850366,55.15268181818182,54.87551298701299,55.08404545454546,55.107142857142854,54.98376623376623
402.0,55.33608808582722,54.93104081632654,54.77736363636363,55.08116883116883,55.10853246753246,54.98515584415584
403.0,55.33002145680406,54.7030547309833,54.82153246753247,55.08441558441559,55.106305194805195,54.99842857142857
404.0,55.323954827780916,54.54906493506493,54.95974025974026,55.08748051948052,55.09163636363637,55.003246753246756
405.0,55.317888198757764,54.61016233766234,55.15055194805195,55.08766233766234,55.064935064935064,55.01707792207792
406.0,55.31182156973461,55.32485714285714,54.98718181818182,55.08322077922078,55.05844155844156,55.033662337662335
407.0,55.30575494071146,55.42538311688312,54.91548701298701,55.08117532467533,55.05897077922078,55.029233766233766
408.0,55.299688311688314,54.84563636363633,54.81594805194805,55.08664935064935,55.042982683982686,55.041194805194806
409.0,55.29362168266516,54.68530519480519,54.70454545454545,55.09090909090909,55.02922077922078,55.054376623376626
410.0,55.26279220779221,54.81418831168831,54.688116883116884,55.090714285714284,55.02941558441559,55.06798701298701
411.0,55.187331168831165,54.92681818181818,54.710110389610385,55.09090909090909,55.032467532467535,55.073438311688314
412.0,55.10196289424861,54.85137662337662,54.84246753246754,55.0895064935065,55.02922077922078,55.053792207792206
413.0,54.88518923933209,54.701298701298704,54.913324675324674,55.08766233766234,55.04182792207792,55.04678571428571
414.0,54.668415584415584,54.80635064935065,55.202129870129866,55.08766233766234,55.057816017316014,55.03444155844156
415.0,54.63948051948052,55.371785714285714,55.27253246753247,55.089253246753245,55.064935064935064,55.032402597402594
416.0,54.736597402597404,55.16348051948052,55.282467532467535,55.09358441558442,55.07715324675324,55.01509090909091
417.0,54.83452597402597,55.1431948051948,55.27407142857143,55.09090909090909,55.10505974025974,55.013883116883115
418.0,54.78802597402597,55.07461038961039,55.20414285714286,55.09090909090909,55.116883116883116,55.005337662337666
419.0,54.863564935064936,55.006089981447126,55.193837662337664,55.09090909090909,55.116883116883116,54.99025974025974
420.0,54.94676948051948,54.95805194805195,55.22311688311689,55.09090909090909,55.116883116883116,54.99324675324675
421.0,55.08521185064935,54.862605519480525,55.20572727272727,55.09090909090909,55.116883116883116,54.99222727272727
422.0,55.223654220779224,54.810740259740264,54.963740259740256,55.09090909090909,55.115935064935066,55.00094805194805
423.0,55.27040909090909,54.8051948051948,54.94812337662338,55.09090909090909,55.18356493506493,55.00966883116883
424.0,55.270545454545456,54.84628571428571,55.10046753246753,55.09090909090909,55.08415584415584,55.02163636363636
425.0,55.265097402597405,54.93076298701298,54.99107142857143,55.09090909090909,55.07029220779221,55.02922077922078
426.0,55.017909090909065,55.10637476808905,54.964636363636366,55.09090909090909,55.061805194805196,55.03896103896104
427.0,54.80248701298701,55.049066790352505,54.99548701298701,55.09090909090909,55.049560064935065,55.0413051948052
428.0,54.850149350649346,54.991758812615956,55.17425974025974,55.08766233766234,55.02922077922078,55.04545454545455
429.0,54.87784415584416,54.98112987012987,55.19805194805195,55.09415584415584,55.02597402597402,55.059051948051945
430.0,54.87987012987013,54.995324675324675,55.22402597402598,55.093441558441555,55.03175324675325,55.06818181818182
431.0,54.86537012987013,55.26623376623377,55.16277922077922,55.09090909090909,55.02922077922078,55.055415584415584
432.0,54.856259740259745,55.274909090909084,55.109896103896105,55.09041558441559,55.00802077922078,55.054701298701296
433.0,54.8402922077922,55.377857142857145,55.11038961038961,55.08441558441559,54.96616103896103,55.043259740259735
434.0,54.542649350649356,55.43367532467532,54.95355844155845,55.08441558441559,55.064935064935064,55.02783116883117
435.0,54.479837662337665,55.51194805194805,54.797792207792206,55.08441558441559,55.061688311688314,55.01555194805195
436.0,54.47436363636364,55.47891774891775,54.95477922077923,55.08441558441559,55.07657142857143,55.00683116883117
437.0,54.64993181818181,55.46438311688311,55.222857142857144,55.08441558441559,55.10484090909091,54.990551948051944
438.0,55.386837662337676,55.44984848484849,55.27938961038961,55.08441558441559,55.107142857142854,54.98938961038961
439.0,55.568629870129875,55.435313852813856,55.21783116883117,55.087512987012985,55.11024025974026,54.97447402597403
440.0,55.584545454545456,55.42857142857143,55.2687012987013,55.08116883116883,55.11038961038961,54.97519480519481
441.0,55.56811038961039,55.40461363636364,55.247883116883116,55.08222727272727,55.10608441558441,54.98701298701299
442.0,55.539,55.260720779220776,55.15557142857143,55.08116883116883,55.07929220779221,55.00003896103896
443.0,55.493941558441556,55.21103896103896,55.02072077922078,55.08116883116883,55.0551948051948,55.005512987012985
444.0,55.40737662337663,55.201298701298704,54.86462337662337,55.07592207792208,55.04994805194805,55.01623376623377
445.0,55.32650599400599,55.16090909090909,54.848457792207796,55.08094155844156,55.054558441558434,55.03560064935065
446.0,55.272168831168834,55.17611688311688,54.81976623376624,55.077922077922075,55.03014025974026,55.032467532467535
447.0,55.21783166833167,55.16558441558441,54.854990259740255,55.07935714285714,55.00974025974026,55.048701298701296
448.0,55.163494505494505,55.189974025974024,54.78979220779221,55.077922077922075,55.01581818181818,55.048701298701296
449.0,55.10915734265735,55.26298701298701,54.73051948051948,55.077922077922075,55.01034415584416,55.04930519480519
450.0,55.071892393320965,55.2775974025974,54.77272727272727,55.077922077922075,55.008116883116884,55.04707792207792
451.0,55.10926716141002,55.242753246753246,54.83698051948052,55.074675324675326,55.01483658008658,55.0397922077922
452.0,55.14664192949907,54.82101298701297,54.950389610389614,55.068597402597405,55.0337316017316,55.0198961038961
453.0,55.18401669758812,54.69511038961039,54.96360389610389,55.06818181818182,55.04688961038961,55.01117532467533
454.0,55.22139146567718,54.62488311688312,54.939974025974024,55.06818181818182,55.04545454545455,54.993506493506494
455.0,55.25876623376624,54.63818181818181,55.01425324675324,55.0712012987013,55.05775974025974,54.987467532467534
456.0,55.32394805194805,54.72557922077922,55.03971428571428,55.066935064935066,55.083922077922075,54.97727272727273
457.0,55.342870129870136,54.746509090909086,54.989149350649356,55.06818181818182,55.08766233766234,54.9697987012987
458.0,55.36997402597403,54.76743896103896,54.986389610389615,55.064935064935064,55.09411688311688,54.967454545454544
459.0,55.410821428571424,54.78836883116883,55.08392857142857,55.064935064935064,55.09090909090909,54.95779220779221
460.0,55.47432900432901,54.82649350649351,55.23077922077922,55.06376623376623,55.08766233766234,54.95779220779221
461.0,55.541188311688316,54.90435389610389,55.24335714285714,55.061688311688314,55.084266233766236,54.96783116883117
462.0,55.54679220779221,55.19649999999999,55.19138961038961,55.061688311688314,55.054926406926405,54.98463636363636
463.0,55.707019480519484,55.2812987012987,55.01762337662338,55.0551948051948,55.03435714285715,54.98783766233766
464.0,55.6358961038961,55.15625974025974,54.901480519480515,55.05844155844156,55.0328051948052,55.00290909090909
465.0,55.59103896103896,55.113515450067176,54.933019480519484,55.05844155844156,55.023744588744584,55.00581168831169
466.0,55.530766233766236,55.12794984326019,55.14777922077923,55.0568961038961,54.99103246753246,55.02474025974026
467.0,55.482791208791205,55.1423842364532,55.288652597402596,55.0551948051948,54.993506493506494,55.02377922077922
468.0,55.421074925074926,55.15681862964622,55.30696103896104,55.05844155844156,54.99625974025974,55.02922077922078
469.0,55.35935864135865,55.17125302283923,55.23543506493506,55.05844155844156,54.99003896103896,55.02424025974026
470.0,55.29764235764236,55.185687416032245,55.02253246753247,55.0551948051948,54.98376623376623,55.01987012987013
471.0,55.23592607392607,55.20012180922526,54.5942077922078,55.052253246753246,54.99985584415584,55.01035064935065
472.0,55.16403710575139,55.21455620241827,54.73376623376623,55.05194805194805,55.022529870129866,54.993506493506494
473.0,55.091779220779216,55.228990595611286,54.8096948051948,55.048701298701296,55.02362987012987,54.97492857142857
474.0,55.01952133580705,55.2434249888043,55.159324675324676,55.048701298701296,55.0291038961039,54.967883116883115
475.0,54.94726345083488,55.257859381997314,55.09220779220779,55.048701298701296,55.06136363636364,54.95665584415585
476.0,54.87500556586271,55.29825974025974,55.125662337662334,55.048701298701296,55.07251948051948,54.94477922077922
477.0,54.85974675324675,55.2168658008658,55.25328571428571,55.048701298701296,55.077922077922075,54.93188961038961
478.0,54.79789610389611,55.13547186147186,55.51303246753247,55.04545454545455,55.074675324675326,54.94061038961039
479.0,54.79092857142857,55.07201298701299,55.54427272727273,55.04545454545455,55.07014935064935,54.946084415584416
480.0,54.81922077922078,55.0051048951049,55.49948051948052,55.04844155844155,55.028961038961036,54.951298701298704
481.0,54.85078787878788,55.06749200799201,55.24474675324675,55.04220779220779,55.020240259740255,54.96601298701299
482.0,54.87404329004329,55.129879120879124,55.171324675324676,55.04545454545455,55.01592207792208,54.98345454545455
483.0,54.8972987012987,55.19226623376623,55.14464935064935,55.04220779220779,55.01634415584415,54.99305844155844
484.0,54.920554112554115,55.25465334665335,55.18964935064935,55.03896103896104,54.97402597402598,55.00745454545454
485.0,54.94380952380952,55.3051948051948,55.18003246753247,55.04545454545455,54.97237012987013,55.00311688311688
486.0,54.82085714285714,55.28698701298701,55.18054545454545,55.04220779220779,54.979246753246755,55.01623376623377
487.0,54.79908441558441,55.11407792207792,55.139993506493504,55.04220779220779,54.97325974025974,55.01623376623377
488.0,54.792649350649356,54.89425974025974,55.28849350649351,55.043610389610386,54.97542857142857,55.01394805194805
489.0,54.91986363636364,54.91388311688311,55.52448051948052,55.04138311688312,54.9765,55.00401948051948
490.0,55.068116883116886,54.950140692640694,55.4572077922078,55.04181818181818,55.00266233766234,54.98415584415584
491.0,55.21637012987013,55.12310281385282,55.32937662337662,55.03692857142857,55.01298701298701,54.97563636363636
492.0,55.36462337662338,55.27293506493506,54.86038961038961,55.03896103896104,55.01298701298701,54.96651948051948
493.0,55.389623376623376,55.23705194805195,54.8960974025974,55.035714285714285,55.01948051948052,54.95455194805195
494.0,55.36038961038961,55.22846753246753,54.891493506493504,55.03896103896104,55.054337662337666,54.941389610389606
495.0,55.335170454545455,55.21405844155844,54.88246753246754,55.03896103896104,55.061688311688314,54.93386363636364
496.0,55.31118831168831,55.11812987012987,55.188337662337666,55.038779220779226,55.061688311688314,54.931636363636365
497.0,55.28720616883117,55.0222012987013,55.217636363636366,55.035714285714285,55.061688311688314,54.930142857142854
498.0,55.263224025974026,54.92627272727273,55.20833766233766,55.032467532467535,55.05844155844156,54.938311688311686
499.0,55.23924188311688,54.83034415584416,54.852785714285716,55.032467532467535,55.01911038961039,54.94805194805195
500.0,55.21525974025974,54.734415584415586,54.8448051948052,55.035714285714285,55.01298701298701,54.965584415584416
501.0,55.20454545454545,54.638487012987014,54.872740259740254,55.035714285714285,55.00974025974026,54.969019480519485
502.0,55.22661038961039,54.73203896103896,54.90542857142857,55.035714285714285,55.010892857142856,54.98757142857143
503.0,55.22031818181818,55.05194805194805,54.80287012987013,55.035714285714285,54.97818993506494,54.98701298701299
504.0,55.21696103896104,55.08236363636364,54.745038961038965,55.03748051948052,54.964285714285715,55.00148051948052
505.0,55.18383116883117,55.06366883116883,54.748246753246754,55.03896103896104,54.96928571428572,55.011607142857144
506.0,55.185188311688314,55.09279220779221,54.76487012987013,55.04193506493506,54.96131168831169,55.023
507.0,55.233152597402594,55.13314935064935,54.77922077922078,55.04220779220779,54.96624025974026,55.01818831168831
508.0,55.27877922077922,55.134493506493506,54.82753246753247,55.03802597402598,54.964285714285715,55.00137662337662
509.0,55.314555194805195,55.126876623376624,54.86296103896104,55.032467532467535,54.988319805194806,54.99359090909091
510.0,55.29532467532468,55.13415584415584,54.93714285714286,55.03357142857143,55.010844155844154,54.982727272727274
511.0,55.10508441558439,54.883116883116884,55.09977272727273,55.03359090909091,55.008616883116886,54.97277922077922
512.0,55.467532467532465,54.91997402597406,55.13761038961039,55.035714285714285,55.01298701298701,54.95119480519481
513.0,55.48326623376623,55.33766233766234,55.18323376623377,55.035714285714285,55.049243506493504,54.93364935064935
514.0,55.4738961038961,55.32516883116883,55.196805194805194,55.035714285714285,55.059753246753246,54.925324675324674
515.0,54.836168831168834,54.9875974025974,55.21220779220779,55.035714285714285,55.061688311688314,54.91558441558441
516.0,55.41558441558441,54.92853246753248,55.21719480519481,55.035714285714285,55.061688311688314,54.92135064935065
517.0,55.43808441558441,54.83766233766234,55.2023051948052,55.035714285714285,55.05844155844156,54.929824675324674
518.0,55.48773376623377,54.86519480519481,55.075519480519475,55.035714285714285,55.034214285714285,54.94203896103896
519.0,55.48050649350649,55.203506493506495,55.07035064935065,55.035714285714285,55.01298701298701,54.95075974025974
520.0,55.43922077922078,55.13272727272727,55.07142857142857,55.035714285714285,55.00805194805195,54.968506493506496
521.0,55.38716363636364,55.12471428571428,54.94088961038961,55.035714285714285,55.01040909090909,54.97794155844156
522.0,55.33832727272727,55.200077922077924,54.935064935064936,55.035714285714285,54.99126623376624,54.98631168831169
523.0,55.336441558441564,55.25,55.0943051948052,55.03383766233766,54.964285714285715,55.00786363636364
524.0,55.45503896103896,54.88735064935065,55.116883116883116,55.032467532467535,54.967532467532465,55.00496103896104
525.0,55.4038961038961,54.736607142857146,55.143019480519484,55.035714285714285,54.96412337662338,55.01298701298701
526.0,55.30551948051948,54.705129870129866,55.07557142857143,55.035714285714285,54.964285714285715,55.01092207792208
527.0,55.1831948051948,54.7172012987013,54.93946753246753,55.035714285714285,54.962194805194805,55.01425324675325
528.0,54.97912727272726,54.818623376623385,54.93828571428571,55.02922077922078,54.98387012987013,54.98693506493507
529.0,54.729712987012995,54.88496038961039,55.03195454545454,55.02922077922078,55.00974025974026,54.97601298701299
530.0,54.7477922077922,54.917227272727274,55.14064935064934,55.02922077922078,55.006493506493506,54.967532467532465
531.0,55.35064935064935,54.94949415584415,55.1926461038961,55.02922077922078,55.006493506493506,54.95065584415585
532.0,55.33591145218418,54.98176103896105,55.199714285714286,55.02922077922078,55.01706493506494,54.93584415584415
533.0,55.313316706021254,54.8487987012987,55.25955194805194,55.03064285714286,55.04322727272727,54.92572727272727
534.0,55.290721959858324,54.81088311688312,55.30194805194805,55.032467532467535,55.05194805194805,54.92167532467533
535.0,55.2681272136954,54.800714285714285,55.27540584415584,55.032467532467535,55.05194805194805,54.922077922077925
536.0,55.24553246753247,54.95290909090909,55.09428571428572,55.02922077922078,55.05033766233766,54.91558441558441
537.0,55.22293772136954,54.965467532467535,55.07379220779221,55.02862987012987,55.02375649350649,54.925915584415584
538.0,55.20034297520661,54.98290909090909,55.069896103896106,55.02597402597402,55.003246753246756,54.935064935064936
539.0,55.17774822904369,55.00035064935065,54.88976948051949,55.024175324675326,54.9964025974026,54.95164935064935
540.0,55.183701298701294,55.01779220779221,54.79948051948052,55.02272727272727,55.0,54.97
541.0,55.20827272727273,55.035233766233766,54.804474025974024,55.02272727272727,54.9744448051948,54.964285714285715
542.0,55.315956709956716,55.05267532467532,54.7767012987013,55.02272727272727,54.94805194805195,54.98774025974026
543.0,55.40453246753246,55.193363636363635,54.735292207792206,55.02597402597402,54.94805194805195,54.996753246753244
544.0,55.405896103896104,55.23025974025974,54.827454545454536,55.02597402597402,54.94161038961039,54.99355844155844
545.0,55.393020779220784,55.299805194805195,55.07698051948052,55.020551948051946,54.9448051948052,54.996753246753244
546.0,55.31558025974026,55.318402597402596,55.14401298701299,55.01623376623377,54.940402597402596,54.97958441558441
547.0,55.23813974025974,55.409363636363636,55.129051948051945,55.01623376623377,54.95952727272727,54.964285714285715
548.0,55.16069922077922,55.42444155844156,55.121896103896106,55.01387012987013,54.987433766233764,54.958675324675326
549.0,55.08325870129871,55.38781168831169,55.086318181818186,55.01108441558441,54.98376623376623,54.94211688311688
550.0,55.00581818181818,55.33149350649351,55.11006493506493,55.01298701298701,54.987337662337666,54.93441558441559
551.0,54.92837766233766,55.3757012987013,54.990688311688295,55.00974025974026,54.99025974025974,54.922077922077925
552.0,54.85093714285715,55.38158441558441,55.03896103896104,55.01298701298701,55.018935064935064,54.91080519480519
553.0,54.77349662337662,55.36875974025974,54.93181818181818,55.01298701298701,55.032467532467535,54.896616883116884
554.0,54.696056103896105,55.25568831168832,54.97849350649351,55.007,55.02972727272727,54.88737662337662
555.0,54.6777922077922,54.756298701298704,55.0056818181818,55.003246753246756,55.027499999999996,54.89477272727273
556.0,54.716249350649356,54.740701298701296,54.95709090909091,55.003246753246756,54.98051948051948,54.91233766233766
557.0,54.84967727272727,54.61198051948052,54.82855844155844,55.002928571428576,54.97759090909091,54.91851298701299
558.0,54.983105194805184,54.61898701298702,54.84854545454545,55.0,54.975935064935065,54.933727272727275
559.0,55.11653311688312,54.61483766233766,54.940850649350644,55.003246753246756,54.969577922077924,54.94658441558442
560.0,55.15519480519481,54.61090909090909,55.04519480519481,54.99688311688311,54.92597402597402,54.95766233766234
561.0,55.164233766233764,54.64935064935065,55.04545454545455,54.99885064935065,54.93066883116883,54.965233766233766
562.0,55.128262032085566,54.73463636363635,55.044363636363634,55.0,54.921,54.97402597402598
563.0,55.033359434682964,54.82458333333334,55.11735064935065,55.0,54.918772727272724,54.970837662337665
564.0,54.93845683728036,54.73010822510822,55.13997402597403,55.0,54.91883116883117,54.97174025974026
565.0,54.84355423987776,54.648084415584414,55.01889610389608,55.0,54.91558441558441,54.96175324675325
566.0,54.748651642475174,54.63961038961039,54.86071428571429,54.993506493506494,54.94423051948052,54.94155844155844
567.0,54.65374904507258,54.64873376623376,54.788188311688316,54.99427922077922,54.97077922077922,54.936610389610394
568.0,54.57612987012987,55.02306493506493,54.77742857142857,54.992051948051945,54.96103896103896,54.915922077922076
569.0,54.5974025974026,55.03116233766234,54.83464935064936,54.990694805194806,54.964285714285715,54.90540909090909
570.0,54.592727272727274,54.932613636363634,55.023506493506495,54.98818181818182,54.97019480519481,54.905259740259744
571.0,54.66355477131564,54.78853246753248,55.13949350649351,54.98701298701299,55.00813636363637,54.88472077922078
572.0,54.73445849802371,54.697428571428574,55.138363636363636,54.98701298701299,55.00974025974026,54.87337662337662
573.0,54.80536222473179,54.71151298701299,55.12701948051948,54.98701298701299,55.00974025974026,54.87907792207792
574.0,54.87626595143987,54.72835064935065,55.167493506493514,54.98376623376623,55.00790909090909,54.874792207792204
575.0,54.94716967814794,55.5349025974026,55.221185064935064,54.98376623376623,54.96103896103896,54.88961038961039
576.0,55.01807340485601,54.865168831168845,55.266441558441564,54.98072727272728,54.96103896103896,54.8958961038961
577.0,55.088977131564086,54.84415584415584,55.240896103896105,54.98297402597403,54.95901948051948,54.90540909090909
578.0,55.15988085827216,54.81266233766234,55.01398701298701,54.98051948051948,54.9522987012987,54.91333766233766
579.0,55.181954545454545,54.61091558441558,55.01946103896103,54.97729220779221,54.961,54.92855194805195
580.0,55.15155844155844,54.53948051948052,55.01077922077922,54.98051948051948,54.9117316017316,54.93948051948052
581.0,55.075227272727275,54.56794805194805,54.824272727272735,54.98170779220779,54.90378571428571,54.949558441558445
582.0,55.05827272727273,54.72803896103896,54.75923376623377,54.98051948051948,54.896103896103895,54.95779220779221
583.0,55.048701298701296,55.0,54.76777922077922,54.982915584415586,54.896103896103895,54.953
584.0,55.06087764866712,55.00462337662338,54.76948051948052,54.98051948051948,54.89935064935065,54.95779220779221
585.0,55.03517429938483,55.022012987012985,54.773084415584414,54.97727272727273,54.895746753246755,54.93253246753247
586.0,55.009470950102525,55.20772727272727,54.82454545454546,54.97727272727273,54.91909740259741,54.91757142857143
587.0,54.98376760082023,55.23028571428572,54.81818181818182,54.97402597402598,54.94973376623377,54.90596103896104
588.0,54.95806425153794,55.21581818181817,54.80623376623377,54.97402597402598,54.94535064935065,54.89122077922078
589.0,54.93236090225564,55.09977272727273,54.74073376623377,54.97355194805195,54.950824675324675,54.882642857142855
590.0,54.90665755297334,55.10116883116883,54.801233766233764,54.96928571428571,54.966545454545454,54.868376623376626
591.0,54.883116883116884,55.09709090909091,54.81818181818182,54.97402597402598,54.98747532467532,54.8629025974026
592.0,54.880155844155844,55.103896103896105,54.81818181818182,54.97402597402598,54.993506493506494,54.857142857142854
593.0,54.77610389610389,55.14861688311689,54.82855844155844,54.97208441558442,54.981857142857145,54.86233116883117
594.0,54.72174025974026,55.190597402597405,54.9478961038961,54.96845454545454,54.95037662337663,54.87153246753247
595.0,54.70837662337663,55.23003246753247,55.05727272727272,54.97077922077922,54.9449025974026,54.883116883116884
596.0,54.62561038961039,55.245636363636365,55.0767012987013,54.97077922077922,54.94155844155844,54.89711688311689
597.0,54.717231910946204,55.080181818181764,55.08338961038961,54.97077922077922,54.93600649350649,54.9166948051948
598.0,54.91158070500928,54.70318181818182,55.01809090909091,54.97077922077922,54.892857142857146,54.92550649350649
599.0,55.105929499072346,54.93216883116879,54.77089610389611,54.9730974025974,54.892857142857146,54.932746753246754
600.0,55.01193181818183,55.04438502673797,54.62272727272726,54.97402597402598,54.88831168831169,54.9461038961039
601.0,54.7295965909091,55.03720320855615,55.0207012987013,54.97402597402598,54.88608441558441,54.94536363636364
602.0,54.44726136363635,55.03002139037433,55.03581818181817,54.97402597402598,54.88562337662337,54.94753896103896
603.0,54.32291558441558,55.02283957219252,55.17225324675325,54.97077922077922,54.892857142857146,54.938311688311686
604.0,54.307974025974026,55.0156577540107,54.666883116883135,54.97077922077922,54.892857142857146,54.9281038961039
605.0,54.95844155844157,55.008475935828876,54.60016233766234,54.97347402597403,54.92256493506493,54.91883116883117
606.0,55.107246753246756,55.001294117647056,54.609012987013,54.97077922077922,54.938311688311686,54.90741558441558
607.0,55.1117012987013,55.020792207792205,54.813064935064936,54.97012337662338,54.93896753246753,54.8922012987013
608.0,55.13067532467532,55.023818181818186,54.919194805194806,54.97077922077922,54.9448051948052,54.884207792207796
609.0,55.150297077922076,54.85968831168832,54.92394155844156,54.97077922077922,54.94805194805195,54.871512987012984
610.0,55.169918831168836,54.67590909090909,54.996753246753244,54.97077922077922,54.96712987012987,54.86279220779221
611.0,55.18954058441558,54.65926623376623,55.02167532467533,54.97077922077922,54.98980389610389,54.857142857142854
612.0,55.229168831168835,54.67976623376624,54.95810389610389,54.97077922077922,54.99025974025974,54.85064935064935
613.0,55.252064935064936,55.00469696969695,54.922961038961034,54.97077922077922,54.99025974025974,54.85817532467532
614.0,55.26259740259739,55.107103896103894,54.89288311688312,54.970766233766234,54.96423376623377,54.87009090909091
615.0,54.639805194805184,55.10165584415584,54.91704545454546,54.967532467532465,54.94805194805195,54.88211038961039
616.0,54.559636363636365,55.108363636363634,54.84901298701299,54.97077922077922,54.94358441558442,54.884337662337664
617.0,54.48088352272727,55.151993506493504,54.82774675324676,54.967532467532465,54.94155844155844,54.893259740259744
618.0,54.637312499999986,55.13961038961039,54.69324675324676,54.96835064935065,54.94155844155844,54.908272727272724
619.0,54.793741477272725,55.11645454545455,54.66190909090909,54.96937012987013,54.88360606060606,54.9184025974026
620.0,54.950170454545464,55.10922077922078,54.687142857142874,54.964285714285715,54.89,54.93181818181818
621.0,55.10659943181818,55.106512987012984,54.76623376623377,54.967532467532465,54.884376623376625,54.938311688311686
622.0,55.2630284090909,55.172285714285714,54.753246753246756,54.967532467532465,54.87987012987013,54.938311688311686
623.0,55.4142922077922,55.247042207792205,54.74617532467532,54.9702012987013,54.883116883116884,54.94516233766234
624.0,55.45166233766234,55.24158441558441,54.66792207792208,54.964285714285715,54.88636363636363,54.92015584415584
625.0,55.43474025974026,55.18831168831168,54.53165584415586,54.964285714285715,54.901739332096476,54.91525974025974
626.0,55.387599025974026,55.10407792207792,54.575623376623376,54.95779220779221,54.917935064935065,54.90507792207792
627.0,55.364706980519486,55.087155844155845,54.62122402597402,54.95779220779221,54.92557792207792,54.886870129870125
628.0,55.34181493506493,55.01387384044527,54.91498701298702,54.95779220779221,54.9272987012987,54.8707012987013
629.0,55.318922889610384,54.93787847866419,55.03494805194806,54.95779220779221,54.935064935064936,54.857142857142854
630.0,55.296030844155844,54.74324675324674,55.05834415584415,54.95461038961039,54.978482142857146,54.844350649350645
631.0,55.273138798701304,54.746753246753244,55.02598051948052,54.95454545454545,55.08858198051948,54.84198701298701
632.0,55.259532467532466,54.735688311688314,55.0337922077922,54.94805194805195,55.19868181818181,54.83994805194805
633.0,55.31616883116883,54.72102597402598,55.09434090909091,54.9448051948052,54.92844805194805,54.84427922077922
634.0,55.34572727272727,54.66872727272726,55.114474025974026,54.947155844155844,54.92297402597403,54.853
635.0,55.35357142857143,54.599318181818184,55.10964285714286,54.9448051948052,54.9175,54.86363636363637
636.0,55.33614285714286,54.5752987012987,55.003246753246756,54.94155844155844,54.9094025974026,54.87012987012987
637.0,55.157366883116886,54.61954545454545,54.96911688311688,54.94155844155844,54.90655194805195,54.87012987012987
638.0,55.142857142857146,54.73701298701299,54.88236363636363,54.938311688311686,54.8700974025974,54.884844155844156
639.0,55.142857142857146,54.727646103896106,54.82592207792207,54.935064935064936,54.8548961038961,54.89335714285715
640.0,55.14463579898363,54.6425974025974,54.814415584415585,54.93181818181818,54.84571428571429,54.89987012987013
641.0,55.150323263692826,54.61022077922078,54.96616233766233,54.93335714285714,54.84415584415584,54.90584415584416
642.0,55.15601072840204,54.73622077922078,55.023909090909086,54.93181818181818,54.845532467532465,54.89472727272727
643.0,55.161698193111235,54.79265584415579,55.00225324675325,54.92857142857143,54.84415584415584,54.88961038961039
644.0,55.16738565782044,55.148675324675324,55.003246753246756,54.925324675324674,54.85079220779221,54.87283116883117
645.0,55.173073122529644,55.167694805194806,54.95191558441559,54.919707792207795,54.881314935064935,54.856266233766235
646.0,55.17876058723885,55.16811688311688,54.720675324675334,54.91883116883117,54.88650649350649,54.841337662337665
647.0,55.184448051948046,55.12361688311688,54.65424025974026,54.91674675324675,54.8852012987013,54.83233116883117
648.0,55.19013551665726,55.0832987012987,54.63407792207793,54.910155844155845,54.88961038961039,54.81488311688312
649.0,55.19471428571429,55.025564935064935,54.6557987012987,54.912292207792206,54.88961038961039,54.79856493506493
650.0,55.15779220779221,54.9081168831169,54.650324675324676,54.90681818181818,54.85933441558443,54.79675324675324
651.0,55.09512337662338,54.864603896103894,54.6300974025974,54.9070974025974,54.730702922077924,54.790214285714285
652.0,55.02828571428571,54.87872727272728,54.67845454545455,54.9025974025974,54.82687445887447,54.79220779220779
653.0,55.034038961038966,54.95721428571429,54.667941558441555,54.90181168831169,54.87740909090909,54.794668831168835
654.0,55.029411255411254,55.0357012987013,54.582616883116884,54.89935064935065,54.866883116883116,54.80302597402597
655.0,55.08948773448773,55.09857142857145,54.580324675324675,54.89568181818182,54.858409090909085,54.81211038961039
656.0,55.14956421356421,55.03015584415584,54.60262337662338,54.892857142857146,54.857740259740254,54.82023376623376
657.0,55.2096406926407,55.00974025974026,54.649376623376625,54.892857142857146,54.8326948051948,54.83601948051948
658.0,55.281564935064935,55.03166233766234,54.62945454545454,54.888999999999996,54.80844155844156,54.84293506493506
659.0,55.28328571428572,55.056012987012984,54.603896103896105,54.88352597402597,54.80844155844156,54.84333766233766
660.0,55.285194805194806,55.050519480519476,54.62896103896104,54.884935064935064,54.80012987012987,54.857922077922076
661.0,55.22970021645022,55.078720779220774,54.63790909090909,54.882318181818185,54.79465584415585,54.8522987012987
662.0,55.14394588744589,54.990610389610374,54.64979220779221,54.87987012987013,54.79523376623377,54.8474025974026
663.0,55.086951298701294,54.963224567099566,54.64190909090909,54.87662337662338,54.79220779220779,54.83766233766234
664.0,55.119844155844156,54.94214935064935,54.63748051948052,54.877896103896106,54.792662337662335,54.81818181818182
665.0,55.155616883116885,54.92107413419914,54.90688311688312,54.87340909090909,54.82536525974026,54.80522727272727
666.0,55.17751948051948,54.89999891774892,55.00132467532468,54.87012987012987,54.83546753246753,54.79536363636363
667.0,55.17297402597402,54.89168181818182,55.04607142857143,54.86363636363637,54.82999350649351,54.78129220779221
668.0,55.18119480519481,54.942805194805196,55.0,54.86363636363637,54.83781818181818,54.769012987012985
669.0,54.98809307359312,55.01257142857142,54.78424025974031,54.86363636363637,54.83852597402598,54.762555194805195
670.0,54.48480519480519,55.025454545454544,54.69772727272727,54.86038961038961,54.83373376623377,54.74402597402597
671.0,54.45779220779221,54.99006493506493,54.65362987012987,54.8567987012987,54.83441558441559,54.743506493506494
672.0,54.43127272727273,54.94615584415585,54.66693506493506,54.853896103896105,54.83441558441559,54.75122077922078
673.0,54.48141750841751,54.964,54.59924025974026,54.85234415584416,54.81987662337662,54.753246753246756
674.0,54.54795382395382,54.993506493506494,54.6147012987013,54.85064935064935,54.81983116883117,54.77325974025974
675.0,54.61449013949014,55.01428571428571,54.641396103896106,54.847889610389615,54.80568181818182,54.77922077922078
676.0,54.681026455026455,54.748857142857105,54.736909090909094,54.8474025974026,54.81018181818182,54.785948051948054
677.0,54.74756277056277,54.59668181818182,54.92206493506493,54.8474025974026,54.78391558441559,54.791123376623375
678.0,54.81409908609908,54.571129870129866,55.0108961038961,54.84415584415584,54.76918181818181,54.80164935064935
679.0,54.8806354016354,54.56879220779221,55.02648701298701,54.84222727272727,54.764305194805196,54.80712337662337
680.0,54.94717171717172,54.61168831168831,54.979480519480504,54.84,54.75974025974026,54.80987012987013
681.0,55.01370803270804,54.72594805194805,54.90650649350649,54.8407987012987,54.76298701298701,54.79881168831169
682.0,55.08024434824434,54.970636363636366,54.898363636363634,54.84090909090909,54.76367161410018,54.79333766233766
683.0,55.16549350649351,54.97073376623377,54.726129870129874,54.83871428571429,54.77986734693877,54.77922077922078
684.0,55.15623376623377,54.91566233766233,54.56701298701299,54.83441558441559,54.79606307977737,54.766077922077926
685.0,55.12681818181818,54.87714285714285,54.488944805194805,54.83766233766234,54.798701298701296,54.75974025974026
686.0,55.004051948051945,54.78348571428571,54.51035064935065,54.83116883116883,54.79674025974026,54.75845454545455
687.0,55.08281818181819,54.62302337662339,54.6258831168831,54.83766233766234,54.80844155844156,54.739993506493505
688.0,55.10064935064935,54.620597402597404,54.785194805194806,54.83116883116883,54.80844155844156,54.72877922077922
689.0,55.098597402597406,54.88339610389611,54.67976623376623,54.83116883116883,54.80844155844156,54.72225324675325
690.0,55.04597402597402,54.90399350649351,54.60597402597402,54.83116883116883,54.80844155844156,55.11967532467533
691.0,55.21356493506493,54.7860064935065,54.51821103896104,54.830603896103895,54.8051948051948,54.72402597402598
692.0,55.2465974025974,54.28096103896104,54.55202597402597,54.827922077922075,54.801870129870125,54.728935064935065
693.0,55.26575324675325,54.2726948051948,54.59711038961039,54.827922077922075,54.79545454545455,54.73701298701299
694.0,54.979171428571405,54.484512987013005,54.7204025974026,54.827922077922075,54.78646753246753,55.15693506493504
695.0,54.64952597402597,54.96680735930737,54.715194805194805,54.827922077922075,54.78896103896104,54.76113636363636
696.0,54.48376623376623,55.13561038961039,54.75259740259739,54.827090909090906,54.777935064935065,54.67088311688315
697.0,54.43770129870131,55.243175324675306,54.944428571428574,54.824675324675326,54.74741233766234,54.74933116883109
698.0,54.43793506493506,55.15335064935065,54.94442857142857,54.827922077922075,54.74796103896104,54.77922077922078
699.0,54.473837662337665,54.69008441558441,54.93525324675324,54.826902597402594,54.746753246753244,54.77597402597402
700.0,54.48051948051948,54.6525974025974,54.91558441558441,54.824675324675326,54.746753246753244,54.77272727272727
