time_s,experiment_current_A,paper_simulation_current_A
0.0,9.972067039106147,6.32216014897579
1.0,9.997648975791435,7.1065642458100555
2.0,10.000093109869647,9.613594040968344
3.0,9.974185288640598,9.613594040968344
4.0,9.911452513966482,9.613594040968344
5.0,9.906890130353819,9.613594040968344
6.0,9.906890130353819,9.613594040968344
7.0,9.906890130353819,9.613594040968344
8.0,9.906890130353819,9.613594040968344
9.0,9.891655027932961,9.613594040968344
10.0,9.87918994413408,9.613594040968344
11.0,9.918784916201119,9.625488826815644
12.0,9.939478584729983,9.627281191806333
13.0,9.939478584729983,9.639501862197395
14.0,9.939152700186222,9.613594040968344
15.0,9.906890130353819,9.613594040968344
16.0,9.906890130353819,9.613594040968344
17.0,9.928235567970207,9.613594040968344
18.0,9.967830540037246,9.641945996275608
19.0,10.007425512104284,9.613594040968344
20.0,10.056797020484172,9.613594040968344
21.0,10.05207169459963,9.613594040968344
22.0,9.933286778398513,9.613594040968344
23.0,9.876094040968344,9.613594040968344
24.0,9.768715083798885,9.613594040968344
25.0,9.397695530726258,9.613594040968344
26.0,9.398836126629424,9.613594040968344
27.0,9.385474860335197,9.613594040968344
28.0,9.319646182495346,9.613594040968344
29.0,9.295367783985103,9.613594040968344
30.0,9.305633147113596,9.613594040968344
31.0,9.287709497206706,9.613594040968344
32.0,9.31638733705773,9.613594040968344
33.0,9.43191340782123,9.613594040968344
34.0,9.894506517690877,9.613594040968344
35.0,9.956587523277468,9.613594040968344
36.0,9.972067039106147,9.613594040968344
37.0,9.972067039106147,9.613594040968344
38.0,9.98868715083799,9.613594040968344
39.0,10.032192737430169,9.613594040968344
40.0,9.95251396648045,9.633147113594042
41.0,9.939478584729983,9.619622905027935
42.0,9.973044692737432,9.613594040968344
43.0,10.02860800744879,9.613594040968344
44.0,10.087430167597766,9.613594040968344
45.0,10.09182960893855,9.613594040968344
46.0,10.044413407821231,9.613594040968344
47.0,10.037243947858475,9.613594040968344
48.0,10.026815642458102,9.613594040968344
49.0,10.056959962756054,9.613594040968344
50.0,10.126862197392926,9.613594040968344
51.0,10.07211359404097,9.613594040968344
52.0,10.069832402234638,9.613594040968344
53.0,10.005470204841714,9.613594040968344
54.0,9.58882681564246,9.613594040968344
55.0,9.412360335195533,9.613594040968344
56.0,9.939478584729983,9.613594040968344
57.0,9.947788640595904,9.613594040968344
58.0,9.972067039106147,9.613594040968344
59.0,9.99439013035382,9.613594040968344
60.0,10.063314711359405,9.613594040968344
61.0,10.06608472998138,9.613594040968344
62.0,10.02648975791434,9.613594040968344
63.0,10.02241620111732,9.613594040968344
64.0,10.037243947858475,9.613594040968344
65.0,10.005470204841714,9.613594040968344
66.0,9.978258845437617,9.613594040968344
67.0,10.00465549348231,9.613594040968344
68.0,10.00465549348231,9.613594040968344
69.0,10.031866852886408,9.613594040968344
70.0,9.660847299813781,9.613594040968344
71.0,9.328933891992552,9.613594040968344
72.0,9.368528864059591,9.613594040968344
73.0,9.40812383612663,9.613594040968344
74.0,9.388407821229052,9.613594040968344
75.0,9.352886405959033,9.613594040968344
76.0,9.352886405959033,9.613594040968344
77.0,9.352886405959033,9.613594040968344
78.0,9.352886405959033,9.613594040968344
79.0,9.352886405959033,9.613594040968344
80.0,9.352886405959033,9.607076350093111
81.0,9.352886405959033,9.58100558659218
82.0,9.352886405959033,9.58100558659218
83.0,9.352886405959033,9.608542830540038
84.0,9.387430167597767,9.613594040968344
85.0,9.534567039106149,9.613594040968344
86.0,9.857681564245812,9.613594040968344
87.0,9.874301675977655,9.613594040968344
88.0,9.904283054003725,9.613594040968344
89.0,9.939478584729983,9.613594040968344
90.0,9.95088454376164,9.613594040968344
91.0,9.972067039106147,9.613594040968344
92.0,9.972067039106147,9.613594040968344
93.0,9.90721601489758,9.613594040968344
94.0,9.339199255121045,9.613594040968344
95.0,9.287709497206706,9.613594040968344
96.0,9.30856610800745,9.63445065176909
97.0,9.26457169459963,9.646182495344508
98.0,9.285428305400375,9.643901303538177
99.0,9.264408752327748,9.613594040968344
100.0,9.304003724394788,9.613594040968344
101.0,9.273696461824954,9.613594040968344
102.0,9.224813780260709,9.583286778398511
103.0,9.217807262569835,9.576280260707637
104.0,9.189944134078214,9.548417132216017
105.0,9.208682495344508,9.529678770949722
106.0,9.196787709497208,9.515828677839853
107.0,9.15735567970205,9.515828677839853
108.0,9.150186219739293,9.515828677839853
109.0,9.124767225325886,9.501652700186222
110.0,9.124767225325886,9.483240223463689
111.0,9.152956238361268,9.455051210428307
112.0,9.189944134078214,9.418063314711361
113.0,9.189944134078214,9.418063314711361
114.0,9.189944134078214,9.401443202979518
115.0,9.142690875232777,9.385474860335197
116.0,9.124767225325886,9.354841713221603
117.0,9.092178770949722,9.352886405959033
118.0,9.092178770949722,9.340828677839852
119.0,9.092178770949722,9.32029795158287
120.0,9.066108007448792,9.32029795158287
121.0,9.483729050279331,9.287220670391063
122.0,9.515828677839853,9.255121042830542
123.0,9.515828677839853,9.255121042830542
124.0,9.494320297951585,9.233612662942274
125.0,9.483240223463689,9.222532588454378
126.0,9.403724394785847,9.219599627560523
127.0,8.929236499068903,9.189944134078214
128.0,9.200372439478587,9.189944134078214
129.0,9.450651769087525,9.165991620111733
130.0,8.955307262569843,9.15735567970205
131.0,8.858682495344508,9.11939013035382
132.0,8.831471135940411,9.092178770949722
133.0,8.85086126629423,9.092178770949722
134.0,8.864059590316575,9.06578212290503
135.0,8.831471135940411,9.027001862197395
136.0,8.831471135940411,9.027001862197395
137.0,8.831471135940411,9.027001862197395
138.0,8.809636871508381,9.027001862197395
139.0,8.798882681564248,8.99816108007449
140.0,8.7304469273743,8.991154562383615
141.0,8.701117318435752,8.961824953445067
142.0,8.71838919925512,8.9445530726257
143.0,8.733705772811916,8.90495810055866
144.0,8.702420856610798,8.89664804469274
145.0,8.60335195530726,8.890945065176911
146.0,8.590642458100557,8.876769087523279
147.0,8.531331471135939,8.87693202979516
148.0,8.50558659217877,8.864059590316575
149.0,9.092178770949722,8.862918994413409
150.0,9.08403165735568,8.82332402234637
151.0,9.044436685288643,8.798882681564248
152.0,9.004841713221603,8.798882681564248
153.0,8.99441340782123,8.798882681564248
154.0,8.99441340782123,8.766294227188084
155.0,8.99441340782123,8.766294227188084
156.0,8.99441340782123,8.766294227188084
157.0,8.600744878957169,8.741689944134077
158.0,8.25172253258845,8.733705772811916
159.0,8.322113594040966,8.701117318435752
160.0,8.336126629422717,8.688081936685286
161.0,8.277467411545622,8.648486964618247
162.0,8.250418994413407,8.608891992551209
163.0,8.364641527001861,8.601885474860334
164.0,8.839944134078214,8.570763500931097
165.0,8.864059590316575,8.570763500931097
166.0,8.864059590316575,8.570763500931097
167.0,8.893552141527005,8.570763500931097
168.0,8.929236499068903,8.566852886405957
169.0,8.918319366852888,8.538175046554933
170.0,8.89664804469274,8.520251396648042
171.0,8.77199720670391,8.480656424581005
172.0,8.749674115456239,8.472998137802605
173.0,8.753584729981378,8.472998137802605
174.0,8.687756052141525,8.459636871508378
175.0,8.668528864059589,8.420041899441339
176.0,8.641154562383612,8.407821229050278
177.0,8.634148044692736,8.407821229050278
178.0,8.60335195530726,8.399022346368714
179.0,8.60335195530726,8.359427374301674
180.0,8.60335195530726,8.34264432029795
181.0,8.722625698324022,8.34264432029795
182.0,8.720996275605213,8.310055865921786
183.0,8.411080074487893,8.29881284916201
184.0,7.984171322160147,8.277467411545622
185.0,7.933659217877094,8.277467411545622
186.0,7.951256983240222,8.24520484171322
187.0,7.938221601489756,8.238198324022344
188.0,7.872718808193667,8.212290502793294
189.0,7.853817504655492,8.19159683426443
190.0,7.853817504655492,8.17970204841713
191.0,7.853817504655492,8.17970204841713
192.0,7.844692737430166,8.170577281191804
193.0,7.788966480446926,8.147113594040967
194.0,7.756052141527,8.12397579143389
195.0,7.725907821229049,8.114525139664803
196.0,7.894227188081928,8.081936685288639
197.0,8.331075418994411,8.0703677839851
198.0,8.310055865921786,8.049348230912475
199.0,8.284473929236498,8.049348230912475
200.0,8.244878957169458,8.049348230912475
201.0,8.244878957169458,8.016759776536311
202.0,8.244878957169458,8.016759776536311
203.0,8.244878957169458,8.016759776536311
204.0,8.244878957169458,8.044785847299812
205.0,8.244878957169458,8.014315642458099
206.0,8.23542830540037,7.993621973929235
207.0,7.99834729981378,8.033216945996275
208.0,7.788640595903164,8.049348230912475
209.0,7.758170391061451,8.049348230912475
210.0,7.586592178770945,8.049348230912475
211.0,7.376885474860334,8.049348230912475
212.0,7.416480446927373,8.049348230912475
213.0,7.533798882681562,8.023440409683426
214.0,7.659264432029794,8.017085661080072
215.0,7.763384543761638,8.049348230912475
216.0,7.802979515828676,8.049348230912475
217.0,8.12006517690875,8.028002793296087
218.0,8.305819366852885,8.045111731843575
219.0,8.315595903165732,8.016759776536311
220.0,8.375232774674114,8.016759776536311
221.0,8.35844972067039,8.016759776536311
222.0,8.34264432029795,8.016759776536311
223.0,7.788314711359401,8.016759776536311
224.0,7.685661080074486,8.016759776536311
225.0,7.658286778398509,8.028980446927372
226.0,7.677513966480445,8.049348230912475
227.0,7.743342644320296,8.023114525139663
228.0,8.309404096834262,8.048696461824951
229.0,8.315758845437616,8.02441806331471
230.0,8.411080074487893,8.034683426443202
231.0,8.288547486033519,8.016759776536311
232.0,8.091930477963993,8.045437616387336
233.0,7.880757293606457,8.04625232774674
234.0,7.723463687150836,8.016759776536311
235.0,7.70635474860335,8.016759776536311
236.0,7.7149906890130335,8.016759776536311
237.0,7.723463687150836,8.016759776536311
238.0,7.817644320297952,8.02229981378026
239.0,8.290013966480444,8.049348230912475
240.0,8.310055865921786,8.049348230912475
241.0,8.310055865921786,8.049348230912475
242.0,8.309078212290501,8.016759776536311
243.0,8.277467411545622,8.016759776536311
244.0,8.277467411545622,8.031750465549347
245.0,8.299464618249532,8.027351024208565
246.0,8.310055865921786,8.016759776536311
247.0,8.313477653631283,8.016759776536311
248.0,8.332216014897577,8.016759776536311
249.0,8.310055865921786,8.016759776536311
250.0,8.310055865921786,8.016759776536311
251.0,8.310055865921786,8.016759776536311
252.0,7.782774674115455,8.016759776536311
253.0,7.768924581005585,8.016759776536311
254.0,7.808519553072624,8.016759776536311
255.0,7.821229050279328,8.016759776536311
256.0,7.804283054003725,8.016759776536311
257.0,7.788640595903164,8.016759776536311
258.0,7.773324022346367,8.016759776536311
259.0,7.666759776536308,8.016759776536311
260.0,7.684357541899438,8.016759776536311
261.0,7.608100558659213,8.016759776536311
262.0,7.73421787709497,8.016759776536311
263.0,8.004702048417132,8.016759776536311
264.0,8.23705772811918,8.016759776536311
265.0,7.768272811918049,8.016759776536311
266.0,7.729655493482307,8.016759776536311
267.0,7.756052141527,8.016759776536311
268.0,7.776256983240222,8.016759776536311
269.0,7.788640595903164,8.016759776536311
270.0,7.821229050279328,8.016759776536311
271.0,7.877362662942273,8.016759776536311
272.0,8.134729981378019,8.016759776536311
273.0,8.244878957169458,8.016759776536311
274.0,7.8000465549348235,8.016759776536311
275.0,7.743831471135938,8.016759776536311
276.0,7.691527001862198,8.016759776536311
277.0,7.792225325884542,8.016759776536311
278.0,7.771042830540037,8.041852886405957
279.0,7.756052141527,8.017248603351954
280.0,7.756052141527,8.023277467411544
281.0,7.742527932960892,8.049348230912475
282.0,7.723463687150836,8.049348230912475
283.0,7.7510009310986945,8.049348230912475
284.0,7.756052141527,8.047392923649905
285.0,7.756052141527,8.016759776536311
286.0,7.756052141527,8.016759776536311
287.0,7.756052141527,8.016759776536311
288.0,7.786033519553072,8.016759776536311
289.0,7.788640595903164,8.016759776536311
290.0,7.788640595903164,8.016759776536311
291.0,7.788640595903164,8.016759776536311
292.0,7.763221601489756,8.016759776536311
293.0,7.756052141527,8.016759776536311
294.0,7.76973929236499,8.023603351955305
295.0,7.987430167597753,8.049348230912475
296.0,8.212290502793294,8.02849162011173
297.0,8.240153631284915,8.044622905027932
298.0,8.212942271880813,8.049348230912475
299.0,7.797928305400371,8.049348230912475
300.0,7.83752327746741,8.049348230912475
301.0,8.203328677839838,8.07264897579143
302.0,8.463873370577279,8.081936685288639
303.0,8.445135009310984,8.086662011173182
304.0,8.472998137802605,8.126256983240221
305.0,8.472998137802605,8.147113594040967
306.0,8.498743016759775,8.172858472998136
307.0,8.50558659217877,8.17970204841713
308.0,8.50558659217877,8.186871508379886
309.0,8.50558659217877,8.212290502793294
310.0,8.50558659217877,8.2334729981378
311.0,8.561964618249535,8.27306797020484
312.0,8.573370577281189,8.280074487895714
313.0,8.60335195530726,8.310055865921786
314.0,8.619972067039104,8.326675977653629
315.0,8.659567039106143,8.34264432029795
316.0,8.668528864059589,8.373277467411544
317.0,8.668528864059589,8.38028398510242
318.0,8.487662942271891,8.407821229050278
319.0,8.14157355679702,8.426885474860333
320.0,8.114525139664803,8.440409683426441
321.0,8.114525139664803,8.473486964618248
322.0,8.12202048417132,8.50558659217877
323.0,8.16161545623836,8.520088454376163
324.0,8.17970204841713,8.581191806331468
325.0,8.208216945996273,8.574837057728118
326.0,8.215223463687149,8.60335195530726
327.0,8.254818435754188,8.613291433891991
328.0,8.311359404096834,8.635940409683425
329.0,8.31869180633147,8.659892923649904
330.0,8.310055865921786,8.668528864059589
331.0,8.348021415270017,8.701117318435752
332.0,8.387616387337056,8.701117318435752
333.0,8.38843109869646,8.72050744878957
334.0,8.375232774674114,8.707309124767223
335.0,8.407006517690874,8.766294227188084
336.0,8.375232774674114,8.774115456238363
337.0,8.404888268156423,8.798882681564248
338.0,8.462243947858472,8.798882681564248
339.0,8.501838919925511,8.798882681564248
340.0,8.54143389199255,8.802141527001865
341.0,8.59129422718808,8.841736499068903
342.0,8.618668528864058,8.881331471135942
343.0,8.59121275605214,8.920926443202982
344.0,8.57141527001862,8.929236499068903
345.0,8.624941806331478,8.902351024208569
346.0,9.001094040968347,8.941945996275606
347.0,9.189944134078214,8.981540968342646
348.0,9.270111731843576,8.99441340782123
349.0,9.271741154562383,9.028142458100561
350.0,8.82332402234637,9.059590316573559
351.0,8.783729050279332,9.059590316573559
352.0,8.766294227188084,9.08175046554935
353.0,8.766294227188084,9.12134543761639
354.0,8.766294227188084,9.128351955307265
355.0,8.776885474860338,9.167946927374304
356.0,8.816480446927377,9.172346368715084
357.0,8.880679702048418,9.181959962756054
358.0,8.928258845437618,9.189944134078214
359.0,8.923207635009312,9.222532588454378
360.0,8.935754189944136,9.222532588454378
361.0,9.355167597765371,9.24257448789572
362.0,9.635102420856613,9.282169459962759
363.0,9.678770949720672,9.289175977653631
364.0,9.67029795158287,9.32029795158287
365.0,9.646182495344508,9.335777467411546
366.0,9.668668528864062,9.352886405959033
367.0,9.678770949720672,9.382378957169463
368.0,9.678770949720672,9.389385474860337
369.0,9.678770949720672,9.428980446927374
370.0,9.69669459962756,9.450651769087525
371.0,9.761219739292367,9.450651769087525
372.0,9.744599627560524,9.482588454376165
373.0,9.750302607076351,9.48959497206704
374.0,9.763175046554936,9.52918994413408
375.0,9.458798882681577,9.548417132216017
376.0,9.260335195530729,9.548417132216017
377.0,9.255121042830542,9.550209497206705
378.0,9.255121042830542,9.58100558659218
379.0,9.255121042830542,9.612616387337061
380.0,9.277932960893857,9.646182495344508
381.0,9.287709497206706,9.676000931098697
382.0,9.291945996275606,9.678770949720672
383.0,9.342783985102423,9.690013966480448
384.0,9.403724394785849,9.693109869646184
385.0,9.443319366852888,9.729283054003728
386.0,9.482914338919926,9.743947858473
387.0,9.483240223463689,9.783216945996276
388.0,9.496927374301677,9.809124767225327
389.0,9.536522346368717,9.829818435754191
390.0,9.576117318435756,9.841713221601491
391.0,9.583123836126632,9.874301675977655
392.0,9.62271880819367,9.874301675977655
393.0,9.662313780260709,9.890432960893856
394.0,9.678770949720672,9.930027932960895
395.0,9.950069832402239,9.939478584729983
396.0,10.269925512104285,9.972067039106147
397.0,10.297951582867785,9.983635940409686
398.0,10.316527001862198,10.00465549348231
399.0,10.356121973929238,10.030237430167599
400.0,10.363128491620113,10.037243947858475
401.0,10.370135009310989,10.069832402234638
402.0,10.395716945996277,10.08384543761639
403.0,10.395716945996277,10.102420856610802
404.0,10.395716945996277,10.130446927374303
405.0,10.430749534450653,10.137453445065178
406.0,10.460893854748605,10.16759776536313
407.0,10.460893854748605,10.184054934823093
408.0,10.484357541899444,10.200186219739294
409.0,10.493482309124769,10.200186219739294
410.0,10.493482309124769,10.237662942271882
411.0,10.505377094972069,10.265363128491622
412.0,10.526070763500933,10.284264432029797
413.0,10.526070763500933,10.297951582867785
414.0,9.939804469273746,10.33054003724395
415.0,9.986731843575418,10.337872439478586
416.0,10.051582867783987,10.363128491620113
417.0,10.091177839851026,10.384473929236501
418.0,10.102420856610802,10.395716945996277
419.0,10.102420856610802,10.431075418994416
420.0,10.102420856610802,10.470670391061454
421.0,10.102420856610802,10.493482309124769
422.0,10.102420856610802,10.493482309124769
423.0,10.102420856610802,10.524278398510244
424.0,10.208007448789573,10.526070763500933
425.0,10.267399906890132,10.538291433891995
426.0,10.297951582867785,10.577886405959033
427.0,10.271717877094973,10.59124767225326
428.0,10.266014897579145,10.623836126629424
429.0,10.305609869646185,10.631494413407824
430.0,10.301210428305401,10.656424581005588
431.0,10.287034450651772,10.656424581005588
432.0,10.32662942271881,10.685102420856612
433.0,10.401908752327747,10.692108938547486
434.0,10.470996275605215,10.721601489757916
435.0,10.493482309124769,10.738710428305403
436.0,10.493482309124769,10.778305400372442
437.0,10.493482309124769,10.786778398510243
438.0,10.499022346368715,10.79231843575419
439.0,10.526070763500933,10.819366852886407
440.0,10.878026070763502,10.838919925512105
441.0,11.112662942271882,10.878514897579144
442.0,11.14622905027933,10.884543761638735
443.0,11.17783985102421,10.884543761638735
444.0,11.17783985102421,10.89953445065177
445.0,11.19983705772812,10.939129422718809
446.0,11.210428305400374,10.978724394785848
447.0,11.318459031657358,10.982309124767227
448.0,11.426815642458104,10.9927374301676
449.0,11.43626629422719,11.01489757914339
450.0,11.357076350093113,11.039338919925513
451.0,10.806168528864063,11.047486033519554
452.0,10.760055865921789,11.053351955307264
453.0,10.786778398510243,11.080074487895718
454.0,10.766899441340783,11.099953445065179
455.0,10.727304469273745,11.139548417132216
456.0,11.439851024208567,11.146554934823092
457.0,11.471135940409685,11.186149906890131
458.0,11.486452513966482,11.210428305400374
459.0,11.59301675977654,11.210428305400374
460.0,11.83938547486033,11.23975791433892
461.0,11.852828212290506,11.246764432029796
462.0,11.753840782122905,11.275605214152701
463.0,11.663733705772813,11.31112662942272
464.0,11.634078212290504,11.34078212290503
465.0,11.634078212290504,11.34078212290503
466.0,11.666666666666668,11.34078212290503
467.0,11.666666666666668,11.353980446927375
468.0,11.646461824953446,11.373370577281193
469.0,11.253119180633146,11.40058193668529
470.0,11.112662942271882,11.407588454376166
471.0,11.138570763500933,11.447183426443205
472.0,11.491992551210414,11.471135940409685
473.0,11.819669459962757,11.493784916201118
474.0,11.977886405959032,11.503724394785849
475.0,11.923300744878958,11.540386405959033
476.0,11.883705772811918,11.579981378026073
477.0,11.84411080074488,11.60148975791434
478.0,11.403026070763515,11.60148975791434
479.0,11.371904096834264,11.60148975791434
480.0,11.451582867783987,11.640595903165737
481.0,11.881261638733706,11.680190875232777
482.0,11.55423649906889,11.699255121042832
483.0,11.29075884543762,11.699255121042832
484.0,11.246927374301675,11.731843575418996
485.0,11.326117318435754,11.740805400372441
486.0,11.389338919925514,11.76443202979516
487.0,11.428933891992553,11.787406890130356
488.0,11.468528864059593,11.797020484171323
489.0,11.479934823091247,11.829608938547487
490.0,11.54771880819367,11.841014897579145
491.0,11.58731378026071,11.862197392923651
492.0,11.60148975791434,11.88761638733706
493.0,11.60148975791434,11.894785847299815
494.0,11.640921787709498,11.927374301675979
495.0,11.88826815642457,11.941224394785847
496.0,12.208938547486035,11.959962756052143
497.0,12.248533519553074,11.959962756052143
498.0,12.25554003724395,11.992551210428307
499.0,12.29513500931099,12.001838919925515
500.0,12.318435754189945,12.02513966480447
501.0,12.318435754189945,12.02513966480447
502.0,12.318435754189945,12.02513966480447
503.0,12.281121973929238,12.02513966480447
504.0,12.241527001862199,12.02513966480447
505.0,12.220670391061454,12.02513966480447
506.0,12.220670391061454,12.02513966480447
507.0,12.218715083798891,12.02513966480447
508.0,11.822439478584732,12.017970204841715
509.0,11.981308193668532,11.992551210428307
510.0,12.24185288640596,11.992551210428307
511.0,12.253258845437617,11.992551210428307
512.0,12.285847299813781,11.992551210428307
513.0,12.29546089385475,11.992551210428307
514.0,12.318435754189945,12.00917132216015
515.0,12.318435754189945,12.001513035381752
516.0,12.349068901303538,11.992551210428307
517.0,12.393715083798885,11.992551210428307
518.0,12.4487895716946,11.992551210428307
519.0,12.467853817504658,12.011615456238363
520.0,12.429236499068907,12.02513966480447
521.0,12.382146182495344,12.02513966480447
522.0,12.158426443202996,12.02513966480447
523.0,11.717341713221602,12.039641527001864
524.0,11.677746741154563,12.057728119180634
525.0,11.666666666666668,12.057728119180634
526.0,11.699255121042832,12.057728119180634
527.0,11.719134078212292,12.047788640595904
528.0,12.086405959031655,12.008193668528865
529.0,12.335707635009312,11.992551210428307
530.0,12.318435754189945,11.992551210428307
531.0,12.345647113594042,11.997928305400373
532.0,12.318435754189945,12.02513966480447
533.0,12.318435754189945,12.02513966480447
534.0,12.292039106145252,12.02513966480447
535.0,12.318435754189945,12.02513966480447
536.0,12.318435754189945,12.02513966480447
537.0,12.303608007448792,12.02513966480447
538.0,12.307681564245812,12.02513966480447
539.0,12.260754189944137,12.02513966480447
540.0,12.321694599627563,12.02513966480447
541.0,12.330493482309127,12.02513966480447
542.0,12.285847299813781,12.02513966480447
543.0,12.285847299813781,12.02513966480447
544.0,12.3171322160149,12.02513966480447
545.0,12.318435754189945,12.02513966480447
546.0,12.318435754189945,12.02513966480447
547.0,12.318435754189945,12.02513966480447
548.0,12.29171322160149,11.998417132216016
549.0,12.267597765363162,12.02513966480447
550.0,11.731843575418996,12.02513966480447
551.0,11.603770949720673,12.02513966480447
552.0,11.591061452513967,12.02513966480447
553.0,11.688989757914344,12.02513966480447
554.0,11.70283985102421,12.02513966480447
555.0,11.742434823091248,12.02513966480447
556.0,11.76443202979516,12.02513966480447
557.0,12.182704841713232,12.02513966480447
558.0,12.41326815642458,12.02513966480447
559.0,12.416201117318437,12.02513966480447
560.0,12.416201117318437,12.02513966480447
561.0,12.416201117318437,12.02513966480447
562.0,12.416201117318437,12.02513966480447
563.0,12.383612662942273,12.02513966480447
564.0,12.37513966480447,12.02513966480447
565.0,12.304585661080074,12.02513966480447
566.0,11.938454376163895,12.02513966480447
567.0,11.797020484171323,12.02513966480447
568.0,11.797020484171323,11.992551210428307
569.0,11.797020484171323,11.992551210428307
570.0,11.797020484171323,11.992551210428307
571.0,11.797020484171323,11.992551210428307
572.0,11.797020484171323,12.024487895716945
573.0,12.227025139664805,12.02513966480447
574.0,12.266620111731845,12.02513966480447
575.0,12.285847299813781,12.02513966480447
576.0,12.285847299813781,12.02513966480447
577.0,12.318435754189945,12.02513966480447
578.0,12.318435754189945,12.02513966480447
579.0,12.318435754189945,12.009334264432031
580.0,12.352653631284916,11.992551210428307
581.0,12.412046089385475,11.992551210428307
582.0,12.453026070763503,11.996787709497209
583.0,12.481378026070765,12.02513966480447
584.0,12.463128491620113,12.02513966480447
585.0,12.423533519553075,12.02513966480447
586.0,12.416201117318437,12.02513966480447
587.0,12.429562383612664,11.99923184357542
588.0,12.481378026070765,12.02513966480447
589.0,12.398603351955312,12.02513966480447
590.0,12.32332402234637,12.02513966480447
591.0,12.353142458100558,12.02513966480447
592.0,12.347113594040966,12.02513966480447
593.0,12.100011638733701,12.02513966480447
594.0,11.72385940409683,12.002001862197394
595.0,11.754655493482304,11.992551210428307
596.0,11.783007448789572,11.992551210428307
597.0,11.773882681564247,11.992551210428307
598.0,11.731843575418996,11.992551210428307
599.0,11.731843575418996,11.992551210428307
600.0,11.699255121042832,11.959962756052143
601.0,11.666666666666668,11.959962756052143
602.0,11.643311607697084,11.945949720670392
603.0,11.577319987585351,11.885335195530727
604.0,11.51132836747362,11.83417132216015
605.0,11.49435521415272,11.79457635009311
606.0,11.870507448789567,11.745530726256986
607.0,12.123230912476723,11.699255121042832
608.0,12.155493482309126,11.722718808193669
609.0,12.125023277467411,11.670903165735567
610.0,11.96810986964619,11.62918994413408
611.0,11.228026070763498,11.589594972067038
612.0,11.069646182495351,11.531098696461829
613.0,10.98898975791434,11.503724394785849
614.0,10.981983240223466,11.470810055865924
615.0,10.949720670391063,11.431215083798882
616.0,11.265176908752341,11.391620111731845
617.0,11.64532122905028,11.330679702048418
618.0,11.605726256983242,11.279841713221604
619.0,11.595949720670392,11.243016759776538
620.0,11.526536312849164,11.22346368715084
621.0,11.453375232774674,11.161056797020485
622.0,11.382169459962755,11.121461824953444
623.0,10.880633147113592,11.112662942271882
624.0,10.748975791433894,11.074860335195533
625.0,10.92935288640596,11.035265363128493
626.0,11.275605214152701,10.976443202979517
627.0,11.24937150837989,10.92348696461825
628.0,11.242364990689012,10.884543761638735
629.0,11.202770018621976,10.876885474860337
630.0,11.163175046554937,10.837290502793298
631.0,11.123580074487897,10.77602420856611
632.0,11.112662942271882,10.725512104283053
633.0,11.041294227188084,10.685917132216016
634.0,10.972206703910615,10.646322160148976
635.0,10.60754189944136,10.623836126629424
636.0,10.273836126629424,10.599720670391063
637.0,10.171997206703915,10.560125698324025
638.0,10.135009310986966,10.520530726256984
639.0,10.122462756052142,10.480935754189945
640.0,10.102420856610802,10.441340782122905
641.0,10.049301675977658,10.375186219739296
642.0,9.905912476722534,10.33054003724395
643.0,9.866317504655495,10.31457169459963
644.0,9.841713221601491,10.250372439478586
645.0,9.81971601489758,10.210777467411546
646.0,9.809124767225327,10.200186219739294
647.0,9.809124767225327,10.13158752327747
648.0,10.007262569832408,10.09199255121043
649.0,10.428305400372441,10.05239757914339
650.0,10.403864059590319,10.037243947858475
651.0,10.301373370577277,10.005796089385475
652.0,9.667039106145253,9.966201117318437
653.0,9.574976722532591,9.913733705772815
654.0,9.495949720670392,9.854422718808195
655.0,9.456354748603353,9.814827746741155
656.0,9.444134078212285,9.775232774674118
657.0,10.061522346368715,9.735637802607076
658.0,10.021927374301677,9.696042830540039
659.0,9.982332402234638,9.656447858473
660.0,9.972067039106147,9.616852886405962
661.0,9.939478584729983,9.57725791433892
662.0,9.917970204841714,9.537662942271883
663.0,9.856540968342644,9.498067970204842
664.0,9.742644320297957,9.458472998137806
665.0,9.743133147113596,9.450651769087525
666.0,9.711359404096836,9.373091247672257
667.0,9.698161080074488,9.307099627560522
668.0,9.59795158286778,9.287709497206706
669.0,9.60283985102421,9.260498137802609
670.0,9.481610800744914,9.188314711359407
671.0,8.822835195530727,9.15735567970205
672.0,8.78324022346369,9.126070763500932
673.0,8.743645251396647,9.069529795158289
674.0,8.704050279329605,9.059590316573559
675.0,8.664455307262568,9.022928305400374
676.0,8.62486033519553,8.972253258845441
677.0,8.567178770949718,8.911149906890133
678.0,8.513081936685285,8.871554934823092
679.0,8.50558659217877,8.831959962756054
680.0,8.472998137802605,8.824953445065177
681.0,8.459473929236498,8.78535847299814
682.0,8.440409683426441,8.725232774674115
683.0,8.936080074487885,8.673580074487894
684.0,8.99245810055866,8.666573556797017
685.0,8.952863128491622,8.635940409683425
686.0,8.913268156424582,8.604003724394781
687.0,8.873673184357544,8.524813780260708
688.0,8.834078212290503,8.50558659217877
689.0,8.673905959031673,8.468598696461823
690.0,8.070530726256981,8.429003724394784
691.0,8.030935754189942,8.389408752327745
692.0,7.9913407821229026,8.324394785847296
693.0,8.016596834264428,8.277630353817505
694.0,8.591294227188081,8.238035381750464
695.0,8.668528864059589,8.212290502793294
696.0,8.605959031657353,8.19143389199255
697.0,8.515037243947853,8.151838919925508
698.0,8.331890130353813,8.114525139664803
699.0,7.746764432029795,8.105237430167596
700.0,7.723463687150836,8.081936685288639
701.0,7.746764432029795,8.058635940409681
702.0,7.816666666666665,8.049348230912475
703.0,7.756052141527,8.044622905027934
704.0,7.744320297951582,8.016759776536311
705.0,7.64851024208566,8.016759776536311
706.0,7.61885474860335,8.042504655493481
707.0,7.62537243947858,8.049185288640592
708.0,7.582029795158283,8.023929236499066
709.0,7.913454376163852,8.049348230912475
710.0,8.266061452513965,8.028165735567969
711.0,8.277467411545622,8.044948789571693
712.0,8.310055865921786,8.049348230912475
713.0,8.310055865921786,8.049348230912475
714.0,8.326675977653629,8.049348230912475
715.0,8.366270949720668,8.049348230912475
716.0,8.375232774674114,8.018715083798883
717.0,8.337593109869644,8.016759776536311
718.0,8.297998137802605,8.016759776536311
719.0,7.991503724394776,8.035824022346368
720.0,7.788640595903164,8.049348230912475
721.0,7.6908752327746726,8.016759776536311
722.0,7.69837057728119,8.016759776536311
723.0,7.723463687150836,8.016759776536311
724.0,7.744972067039106,8.03826815642458
725.0,7.756052141527,8.020833333333332
726.0,7.723463687150836,8.016759776536311
727.0,7.713524208566106,8.016759776536311
728.0,7.6908752327746726,8.016759776536311
729.0,7.6908752327746726,8.016759776536311
730.0,7.7218342644320295,8.016759776536311
731.0,7.723463687150836,8.016759776536311
732.0,7.735847299813778,8.016759776536311
733.0,7.911173184357534,8.016759776536311
734.0,8.227932960893858,8.016759776536311
735.0,8.310055865921786,8.016759776536311
736.0,8.169273743016735,8.016759776536311
737.0,7.990363128491599,8.031587523277464
738.0,7.895204841713228,8.049348230912475
739.0,7.662034450651769,8.020507448789571
740.0,7.726722532588454,8.016759776536311
741.0,7.756052141527,8.016759776536311
742.0,7.773324022346368,8.016759776536311
743.0,8.152816573556771,8.016759776536311
744.0,8.402607076350092,8.016759776536311
745.0,8.336941340782122,8.022462756052139
746.0,8.310055865921786,8.049348230912475
747.0,8.349487895716946,8.049348230912475
748.0,8.375232774674114,8.049348230912475
749.0,8.375232774674114,8.049348230912475
750.0,8.375232774674114,8.049348230912475
751.0,8.375232774674114,8.049348230912475
752.0,8.375232774674114,8.049348230912475
753.0,8.346066108007445,8.049348230912475
754.0,8.375232774674114,8.049348230912475
755.0,8.375232774674114,8.049348230912475
756.0,8.375232774674114,8.049348230912475
757.0,8.399837057728117,8.049348230912475
758.0,8.376210428305399,8.049348230912475
759.0,8.401792364990685,8.022788640595904
760.0,8.375232774674114,8.03631284916201
761.0,8.355190875232774,8.016759776536311
762.0,8.315595903165734,8.016759776536311
763.0,8.276000931098693,8.016759776536311
764.0,8.244878957169458,8.016759776536311
765.0,8.244878957169458,8.03223929236499
766.0,8.244878957169458,8.049348230912475
767.0,8.244878957169458,8.049348230912475
768.0,8.277467411545622,8.049348230912475
769.0,8.277467411545622,8.049348230912475
770.0,8.259543761638731,8.049348230912475
771.0,8.244878957169458,8.024418063314709
772.0,7.7977653631285175,8.04869646182495
773.0,7.756052141527,8.016759776536311
774.0,7.742690875232773,8.016759776536311
775.0,7.703095903165734,8.016759776536311
776.0,7.6908752327746726,8.016759776536311
777.0,7.6908752327746726,8.016759776536311
778.0,7.699674115456236,8.016759776536311
779.0,7.739269087523276,8.016759776536311
780.0,8.098230912476728,8.016759776536311
781.0,8.274697392923647,8.016759776536311
782.0,8.346880819366852,8.045111731843573
783.0,8.375232774674114,8.028002793296087
784.0,8.338733705772812,8.049348230912475
785.0,7.855446927374317,8.049348230912475
786.0,7.594413407821222,8.049348230912475
787.0,7.599790502793295,8.049348230912475
788.0,7.625698324022345,8.049348230912475
789.0,7.625698324022345,8.049348230912475
790.0,7.542597765363126,8.049348230912475
791.0,7.49322625698324,8.047229981378026
792.0,7.4627560521415255,8.016759776536311
793.0,7.478887337057727,8.032891061452514
794.0,7.587895716945997,8.049348230912475
795.0,7.7161312849161945,8.019203910614525
796.0,7.760614525139664,8.049348230912475
797.0,7.788640595903164,8.049348230912475
798.0,7.788640595903164,8.067923649906888
799.0,7.814222532588454,8.133100558659219
800.0,7.821229050279328,8.17970204841713
801.0,7.828235567970202,8.312499999999991
802.0,7.839804469273742,8.496461824953442
803.0,7.90168320169524,8.633822160148975
804.0,8.053236370641494,8.836685288640595
805.0,8.204789539587754,8.936568901303545
806.0,8.356342708533997,9.045903165735568
807.0,8.507895877480253,9.22383612662942
808.0,8.659449046426504,9.423277467411545
809.0,8.811002215372765,9.542062383612668
810.0,8.96255538431901,9.703212290502794
811.0,9.11410855326527,9.901187150837996
812.0,9.265661722211517,10.061359404096832
813.0,9.417214891157771,10.206052141527003
814.0,9.568768060104023,10.299581005586587
815.0,9.720321229050283,10.497555865921793
816.0,9.871874397996535,10.681191806331475
817.0,10.023427566942788,10.839571694599632
818.0,10.17498073588903,10.969599627560518
819.0,10.326533904835294,11.096694599627565
820.0,10.478087073781545,11.314711359404097
821.0,10.6296402427278,11.48987430167598
822.0,10.781193411674053,11.687849162011181
823.0,10.932746580620307,11.793435754189945
824.0,11.084299749566553,11.850465549348227
825.0,11.23585291851281,12.033286778398512
826.0,11.387406087459066,12.213175046554937
827.0,11.549536241226185,12.410661080074489
828.0,11.71705343074059,12.61433891992552
829.0,11.884570620254976,12.780377094972065
830.0,12.052087809769372,12.949022346368714
831.0,12.219604999283769,13.111149906890128
832.0,12.38712218879817,13.251769087523282
833.0,12.55463937831256,13.40314245810056
834.0,12.722156567826966,13.521927374301681
835.0,12.889673757341349,13.692039106145247
836.0,13.05719094685575,13.833147113594041
837.0,13.224708136370143,14.067946927374296
838.0,13.639432029795172,14.192597765363132
839.0,14.063663873370583,14.349022346368718
840.0,14.487895716946005,14.527932960893859
841.0,14.9121275605214,14.699837057728113
842.0,15.336359404096838,14.76843575418995
843.0,15.355679702048437,14.998021415270017
844.0,14.40148975791434,15.106052141527002
845.0,14.458682495344508,15.242434823091257
846.0,14.613292236563284,15.461592178770951
847.0,14.809901753034088,15.623556797020479
848.0,15.00651126950491,15.77150837988827
849.0,15.203120785975727,15.960032588454379
850.0,15.39973030244654,16.16387337057728
851.0,15.596339818917363,16.290805400372445
852.0,15.792949335388172,16.350279329608938
853.0,15.989558851858986,16.534404096834262
854.0,16.186168368329803,16.732216014897578
855.0,16.38277788480062,16.917481378026075
856.0,16.57938740127143,17.04897579143389
857.0,16.775996917742255,17.19904562383613
858.0,16.97260643421306,17.348463687150833
859.0,17.169215950683874,17.50179236499069
860.0,17.365825467154686,17.73789571694599
861.0,17.562434983625508,17.869716014897584
862.0,17.759044500096323,18.0207635009311
863.0,17.955654016567145,18.20505121042831
864.0,18.152263533037946,18.299068901303535
865.0,18.34887304950877,18.44180633147114
866.0,18.54548256597958,18.691759776536312
867.0,18.7420920824504,18.810544692737434
868.0,18.938701598921217,18.949534450651772
869.0,19.135311115392028,19.107914338919926
870.0,19.33192063186283,19.266294227188077
871.0,19.528530148333655,19.424674115456238
872.0,19.725139664804466,19.583054003724396
873.0,19.921749181275285,19.764082867783987
874.0,20.11835869774611,19.93240223463688
875.0,20.31496821421691,20.070414338919925
876.0,20.511577730687726,20.303258845437615
877.0,20.70818724715854,20.458216945996273
878.0,20.904796763629363,20.555819366852887
879.0,21.101406280100175,20.69171322160149
880.0,21.298015796570997,20.824022346368725
881.0,21.4946253130418,20.99494878957169
882.0,21.691234829512616,21.093202979515826
883.0,21.887844345983428,21.25500465549348
884.0,22.084453862454254,21.456890130353827
885.0,22.281063378925065,21.69820763500931
886.0,22.477672895395884,21.848929236499075
887.0,22.674282411866688,22.04690409683426
888.0,22.870891928337514,22.214897579143393
889.0,23.067501444808318,22.3125
890.0,23.26411096127914,22.49906890130354
891.0,23.46072047774996,22.675861266294234
892.0,23.65732999422077,22.84841713221602
893.0,23.853939510691575,22.974371508379882
894.0,23.59990689013033,23.106843575419
895.0,22.504771880819366,23.29096834264432
896.0,23.028305400372453,23.407635009310987
897.0,24.057774674115507,23.598277467411556
898.0,24.18291433891993,23.696368715083796
899.0,24.222509310986965,23.794134078212284
900.0,24.262104283054004,23.91992551210428
901.0,24.325,23.975814711359405
902.0,24.343575418994412,23.985102420856613
903.0,24.395065176908748,23.985102420856613
904.0,24.506517690875235,23.985102420856613
905.0,24.469040968342647,23.985102420856613
906.0,24.441340782122907,23.985102420856613
907.0,24.343575418994412,23.985102420856613
908.0,24.214525139664815,23.992271880819366
909.0,23.941270949720657,24.017690875232773
910.0,23.926443202979527,23.99650837988827
911.0,23.761382681564243,23.985102420856613
912.0,23.762197392923646,23.985102420856613
913.0,23.927909683426456,23.985102420856613
914.0,24.180633147113596,23.985102420856613
915.0,24.180633147113596,24.008729050279328
916.0,24.180633147113596,24.017690875232773
917.0,23.774418063314712,23.985102420856613
918.0,23.715921787709497,23.985102420856613
919.0,23.756983240223462,23.985102420856613
920.0,23.783054003724395,23.985102420856613
921.0,24.18112197392924,23.985102420856613
922.0,24.213221601489757,23.985102420856613
923.0,24.227723463687152,23.999604283054005
924.0,24.245810055865924,23.996182495344506
925.0,24.245810055865924,24.013617318435752
926.0,24.248743016759775,24.017690875232773
927.0,24.119366852886408,24.017690875232773
928.0,23.72309124767225,24.017690875232773
929.0,23.691806331471135,24.017690875232773
930.0,24.156191806331496,24.017690875232773
931.0,24.256564245810058,23.985102420856613
932.0,24.28621973929237,23.985102420856613
933.0,24.20702979515829,24.00449255121043
934.0,23.837476722532582,23.99129422718808
935.0,23.691806331471135,24.01687616387337
936.0,23.683985102420856,23.985102420856613
937.0,23.674045623836125,23.985102420856613
938.0,23.735474860335195,23.985102420856613
939.0,23.81466480446927,23.985102420856613
940.0,24.21973929236499,23.985102420856613
941.0,24.278398510242084,23.995367783985103
942.0,24.295670391061453,24.017690875232773
943.0,24.33526536312849,24.017690875232773
944.0,24.281005586592176,24.017690875232773
945.0,24.240107076350096,24.011987895716945
946.0,24.213221601489757,23.985102420856613
947.0,24.213221601489757,23.985102420856613
948.0,24.226582867783986,23.985102420856613
949.0,24.245810055865924,23.985102420856613
950.0,24.245810055865924,23.985102420856613
951.0,24.260963687150838,23.985102420856613
952.0,24.300558659217877,23.985102420856613
953.0,24.28182029795158,23.985102420856613
954.0,24.278398510242084,23.985102420856613
955.0,24.29958100558659,23.985102420856613
956.0,24.325977653631288,24.002700186219737
957.0,24.286382681564245,24.017690875232773
958.0,24.24678770949721,24.017690875232773
959.0,24.245810055865924,24.017690875232773
960.0,24.258845437616387,24.00465549348231
961.0,24.338524208566106,23.985102420856613
962.0,24.322067039106148,23.985102420856613
963.0,24.213221601489757,24.017690875232773
964.0,24.213221601489757,24.017690875232773
965.0,24.213221601489757,24.017690875232773
966.0,24.213221601489757,23.995204841713225
967.0,24.213221601489757,23.985102420856613
968.0,24.217132216014896,23.985102420856613
969.0,24.245810055865924,23.985102420856613
970.0,24.22788640595903,24.0030260707635
971.0,24.238151769087526,23.99276070763501
972.0,24.3096834264432,23.985102420856613
973.0,24.3173417132216,24.017690875232773
974.0,24.343575418994412,24.017690875232773
975.0,24.363943202979517,24.017690875232773
976.0,24.37616387337058,24.017690875232773
977.0,24.311312849162015,24.017690875232773
978.0,23.748184357541902,24.017690875232773
979.0,23.75600558659218,24.017690875232773
980.0,23.76675977653631,24.017690875232773
981.0,23.667527932960898,24.017690875232773
982.0,24.213221601489757,23.985102420856613
983.0,24.224464618249534,23.985102420856613
984.0,24.245810055865924,23.985102420856613
985.0,24.245810055865924,23.985102420856613
986.0,24.245810055865924,23.985102420856613
987.0,24.226582867783982,23.985102420856613
988.0,24.305772811918064,23.985102420856613
989.0,24.302188081936688,23.985102420856613
990.0,24.222998137802605,23.985102420856613
991.0,24.243691806331473,23.985102420856613
992.0,24.222346368715083,23.985102420856613
993.0,24.245810055865924,23.985102420856613
994.0,24.245810055865924,23.985102420856613
995.0,24.245810055865924,23.985102420856613
996.0,24.278398510242084,24.01312849162011
997.0,24.278398510242084,23.985102420856613
998.0,24.25982309124767,23.966527001862197
999.0,24.245810055865924,23.952513966480446
1000.0,24.245810055865924,23.919925512104285
1001.0,24.213221601489757,23.880330540037246
1002.0,24.054407200496588,23.826722532588455
1003.0,23.605664183736806,23.747532588454376
1004.0,23.156921166977035,23.6122905027933
1005.0,23.13617318435759,23.526419925512105
1006.0,23.919925512104285,23.477374301675976
1007.0,23.887011173184362,23.414641527001862
1008.0,23.854748603351958,23.35158286778399
1009.0,23.763337988826812,23.272392923649907
1010.0,23.616852886405958,23.128026070763504
1011.0,23.537662942271876,23.06073091247672
1012.0,23.449022346368718,23.00223463687151
1013.0,23.350034916201118,22.948952513966482
1014.0,23.263847506724606,22.875791433892
1015.0,23.18025812124974,22.73207635009311
1016.0,23.09666873577488,22.667225325884544
1017.0,23.01307935030002,22.627630353817505
1018.0,22.929489964825166,22.531331471135946
1019.0,22.845900579350296,22.477723463687152
1020.0,22.76231119387544,22.358938547486034
1021.0,22.71415270018622,22.256936685288643
1022.0,22.69036312849162,22.20153631284916
1023.0,22.619972067039107,22.100349162011174
1024.0,22.428677839851105,22.079329608938558
1025.0,21.406540968342647,21.97276536312849
1026.0,21.326210428305398,21.89357541899441
1027.0,21.286615456238362,21.814385474860334
1028.0,21.24441340782124,21.767783985102426
1029.0,21.07707169459963,21.680935754189953
1030.0,21.037476722532585,21.56215083798882
1031.0,20.95453910614525,21.486708566108007
1032.0,20.835754189944144,21.41843575418995
1033.0,20.78833798882681,21.339245810055857
1034.0,21.031610800744918,21.260055865921785
1035.0,21.63873370577281,21.18086592178771
1036.0,21.614618249534452,21.10167597765364
1037.0,21.637267225325886,21.022486033519545
1038.0,21.647315332091864,20.975884543761637
1039.0,21.47573711980137,20.871601489757918
1040.0,21.304158907510878,20.752327746741162
1041.0,21.194553072625695,20.69969739292365
1042.0,20.59508845437615,20.625558659217873
1043.0,20.033915270018625,20.514757914338922
1044.0,19.99432029795158,20.43556797020484
1045.0,19.690758845437582,20.356378026070757
1046.0,19.58207635009311,20.277188081936686
1047.0,19.582239292364992,20.223743016759784
1048.0,19.553072625698324,20.09664804469274
1049.0,20.093552141527073,20.057053072625695
1050.0,20.563314711359403,19.993016759776538
1051.0,20.468971135940418,19.94527467411546
1052.0,20.400372439478584,19.802048417132223
1053.0,20.37462756052141,19.722858472998134
1054.0,20.245740223463688,19.64366852886406
1055.0,20.067562849162023,19.564478584729986
1056.0,20.017783985102348,19.517877094972057
1057.0,19.285277001862166,19.430377094972062
1058.0,18.805493482309124,19.326908752327746
1059.0,18.77094972067039,19.270041899441342
1060.0,18.71229050279329,19.1717877094972
1061.0,18.96012569832403,19.08933891992551
1062.0,19.23729050279329,19.010148975791434
1063.0,19.390130353817504,18.930959031657363
1064.0,19.340595903165735,18.851769087523277
1065.0,19.293179702048416,18.772579143389198
1066.0,19.29855679702048,18.693389199255122
1067.0,19.280959031657357,18.614199255121044
1068.0,19.14897579143388,18.555214152700184
1069.0,19.016992551210425,18.48840782122905
1070.0,18.885009310986973,18.345670391061454
1071.0,18.753026070763507,18.29743947858473
1072.0,18.641899441340776,18.218249534450646
1073.0,18.562709497206704,18.11641061452514
1074.0,18.48351955307263,18.027281191806335
1075.0,18.404329608938554,18.005121042830552
1076.0,18.286974963790595,17.87998137802607
1077.0,18.071402338092284,17.84038640595903
1078.0,17.85582971239397,17.725512104283062
1079.0,17.640257086695613,17.599231843575406
1080.0,17.4246844609973,17.578212290502787
1081.0,17.20911183529899,17.486475791433893
1082.0,16.99353920960068,17.426350093109875
1083.0,16.777966583902327,17.347160148975785
1084.0,16.74851024208566,17.23733705772812
1085.0,16.708915270018622,17.179818435754193
1086.0,16.629399441340794,17.0770018621974
1087.0,16.490817039106144,16.997811918063313
1088.0,16.352234636871504,16.978584729981378
1089.0,16.22905027932961,16.867621042830542
1090.0,16.217644320297953,16.76024208566108
1091.0,16.17804934823091,16.681052141526997
1092.0,16.12392923649907,16.576443202979515
1093.0,16.06170856610801,16.522509310986965
1094.0,15.99948789571695,16.476070763500935
1095.0,15.937267225325881,16.39688081936685
1096.0,15.875046554934821,16.317690875232774
1097.0,15.812825884543765,16.238500931098702
1098.0,15.805400372439479,16.161592178770952
1099.0,16.000442271880868,16.12199720670391
1100.0,16.457169459962756,16.082402234636874
1101.0,16.447881750465548,16.019506517690882
1102.0,16.457169459962756,15.970623836126626
1103.0,16.387267225325882,15.968342644320298
1104.0,16.359404096834265,15.968342644320298
1105.0,16.04085195530731,15.98708100558659
1106.0,15.779655493482307,16.000931098696462
1107.0,15.77248603351955,16.000931098696462
1108.0,15.707635009310987,16.000931098696462
1109.0,15.721810986964616,16.000931098696462
1110.0,15.697858472998137,16.000931098696462
1111.0,15.703235567970207,16.000931098696462
1112.0,15.772811918063315,16.000931098696462
1113.0,15.90740223463686,16.000931098696462
1114.0,16.245670391061456,16.000931098696462
1115.0,16.261638733705773,16.000931098696462
1116.0,16.261638733705773,16.000931098696462
1117.0,16.261638733705773,16.000931098696462
1118.0,16.261638733705773,16.000931098696462
1119.0,16.28070297951583,16.000931098696462
1120.0,16.346368715083795,16.000931098696462
1121.0,16.2937383612663,16.000931098696462
1122.0,16.261638733705773,16.000931098696462
1123.0,16.276140595903165,16.000931098696462
1124.0,16.337243947858468,15.979422718808197
1125.0,16.330889199255118,15.968342644320298
1126.0,16.356471135940406,16.000931098696462
1127.0,16.3268156424581,15.990991620111732
1128.0,16.3268156424581,15.968342644320298
1129.0,16.3268156424581,15.99229515828678
1130.0,16.3268156424581,16.000931098696462
1131.0,16.3268156424581,15.995554003724395
1132.0,16.35158286778398,15.980726256983237
1133.0,16.372602420856612,16.000931098696462
1134.0,16.280214152700182,16.000931098696462
1135.0,16.260009310986966,16.000931098696462
1136.0,16.212104283054003,16.000931098696462
1137.0,16.261638733705773,16.000931098696462
1138.0,16.283472998137803,16.000931098696462
1139.0,16.32306797020484,16.000931098696462
1140.0,16.3268156424581,15.997672253258848
1141.0,16.3268156424581,15.978608007448793
1142.0,16.309543761638732,15.983659217877095
1143.0,16.221391992551215,15.992621042830539
1144.0,15.789757914338972,15.96964618249535
1145.0,15.772811918063315,15.99522811918063
1146.0,15.96345437616388,15.981052141527002
1147.0,16.261638733705773,15.981215083798885
1148.0,16.31508379888269,15.968342644320298
1149.0,16.3268156424581,15.969483240223466
1150.0,16.288116852886407,16.000931098696462
1151.0,16.10004073556798,16.000931098696462
1152.0,15.911964618249527,16.000931098696462
1153.0,15.72388850093109,16.000931098696462
1154.0,15.707635009310987,16.000931098696462
1155.0,15.707635009310987,16.000931098696462
1156.0,15.707635009310987,16.000931098696462
1157.0,15.707635009310987,16.000931098696462
1158.0,15.707635009310987,16.000931098696462
1159.0,15.772811918063315,16.000931098696462
1160.0,15.772811918063315,16.000931098696462
1161.0,16.093482309124788,16.000931098696462
1162.0,16.240130353817506,16.000931098696462
1163.0,16.233449720670382,16.000931098696462
1164.0,16.3268156424581,16.000931098696462
1165.0,16.3268156424581,16.000931098696462
1166.0,16.3268156424581,16.000931098696462
1167.0,16.3268156424581,15.971438547486038
1168.0,16.290316573556794,15.972253258845441
1169.0,16.283472998137803,16.000931098696462
1170.0,16.290968342644323,16.000931098696462
1171.0,16.261638733705773,16.000931098696462
1172.0,15.782588454376127,16.000931098696462
1173.0,15.713989757914339,16.000931098696462
1174.0,15.726862197392926,16.000931098696462
1175.0,16.05388733705775,16.000931098696462
1176.0,16.261638733705773,16.000931098696462
1177.0,15.796112662942269,16.000931098696462
1178.0,16.196461824953445,16.000931098696462
1179.0,15.990991620111739,16.000931098696462
1180.0,15.772811918063315,16.000931098696462
1181.0,15.742993482309126,16.000931098696462
1182.0,15.74445996275605,16.000931098696462
1183.0,15.761568901303535,16.000931098696462
1184.0,15.758472998137805,16.000931098696462
1185.0,15.74755586592179,16.000931098696462
1186.0,15.77248603351955,16.000931098696462
1187.0,16.235730912476726,16.000931098696462
1188.0,16.27532588454376,16.000931098696462
1189.0,16.273533519553073,16.000931098696462
1190.0,16.28933891992551,16.000931098696462
1191.0,16.292108938547482,15.99881284916201
1192.0,16.2707635009311,15.977467411545625
1193.0,16.358752327746735,16.000931098696462
1194.0,16.424581005586592,16.000931098696462
1195.0,16.424581005586592,16.000931098696462
1196.0,16.359404096834265,16.000931098696462
1197.0,16.347835195530728,16.000931098696462
1198.0,16.3268156424581,16.000931098696462
1199.0,16.3268156424581,16.000931098696462
1200.0,16.3268156424581,16.000931098696462
