time_s,experiment_middle_C,experiment_T1_C,experiment_T2_C,paper_simulation_middle_C,paper_simulation_T1_C,paper_simulation_T2_C,reference_C
0.0,,,,55.19971469329529,56.32667617689016,54.31526390870185,
1.2578616352201257,55.42796005706134,,54.44365192582026,55.19971469329529,56.32667617689016,54.31526390870185,55.0
2.5157232704402515,55.42796005706134,56.44079885877318,54.44365192582026,55.19971469329529,56.32667617689016,54.31526390870185,55.0
3.7735849056603774,55.42796005706134,56.44079885877318,54.44365192582026,55.19971469329529,56.32667617689016,54.31526390870185,55.01426533523538
5.031446540880503,55.42796005706134,56.4265335235378,54.44365192582026,55.19971469329529,56.32667617689016,54.31526390870185,55.01426533523538
6.289308176100628,55.42796005706134,56.4265335235378,54.44365192582026,55.22824536376605,56.32667617689016,54.31526390870185,55.01426533523538
7.547169811320755,55.42796005706134,56.4265335235378,54.44365192582026,55.22824536376605,56.32667617689016,54.31526390870185,55.01426533523538
8.80503144654088,55.42796005706134,56.4265335235378,54.44365192582026,55.22824536376605,56.32667617689016,54.31526390870185,55.01426533523538
10.062893081761006,55.42796005706134,56.4265335235378,54.44365192582026,55.22824536376605,56.32667617689016,54.31526390870185,55.01426533523538
11.320754716981131,55.42796005706134,56.4265335235378,54.44365192582026,55.22824536376605,56.32667617689016,54.31526390870185,55.01426533523538
12.578616352201257,55.42796005706134,56.4265335235378,54.44365192582026,55.22824536376605,56.32667617689016,54.31526390870185,55.01426533523538
13.836477987421382,55.42796005706134,56.4265335235378,54.44365192582026,55.22824536376605,56.32667617689016,54.31526390870185,55.01426533523538
15.09433962264151,55.42796005706134,56.4265335235378,54.44365192582026,55.22824536376605,56.32667617689016,54.31526390870185,55.01426533523538
16.352201257861633,55.42796005706134,56.4265335235378,54.44365192582026,55.24251069900143,56.32667617689016,54.31526390870185,55.01426533523538
17.61006289308176,55.42796005706134,56.4265335235378,54.44365192582026,55.24251069900143,56.32667617689016,54.31526390870185,55.01426533523538
18.867924528301884,55.42796005706134,56.44079885877318,54.44365192582026,55.24251069900143,56.34094151212554,54.32952924393723,55.01426533523538
20.12578616352201,55.570613409415124,56.44079885877318,54.44365192582026,55.24251069900143,56.34094151212554,55.099857346647646,55.01426533523538
21.38364779874214,55.65620542082739,56.51212553495007,54.51497860199714,55.24251069900143,56.34094151212554,54.31526390870185,55.01426533523538
22.641509433962263,55.68473609129815,56.66904422253923,54.657631954350926,55.24251069900143,56.34094151212554,54.32952924393723,55.01426533523538
23.89937106918239,55.69900142653353,56.683309557774606,54.671897289586305,55.24251069900143,56.34094151212554,54.35805991440799,55.0
25.157232704402514,55.67047075606277,56.697574893009985,54.671897289586305,55.22824536376605,56.34094151212554,54.34379457917261,55.0
26.41509433962264,55.67047075606277,56.697574893009985,54.671897289586305,55.24251069900143,56.32667617689016,54.35805991440799,
27.672955974842765,55.613409415121254,56.6262482168331,54.643366619115554,55.25677603423681,56.35520684736091,54.35805991440799,
28.930817610062892,55.570613409415124,56.6262482168331,54.629101283880175,55.25677603423681,56.35520684736091,54.35805991440799,
30.18867924528302,55.49928673323823,56.59771754636234,54.614835948644796,55.25677603423681,56.35520684736091,54.35805991440799,
31.446540880503143,55.51355206847361,56.483594864479315,54.55777460770328,55.27104136947219,56.36947218259629,54.386590584878746,
32.70440251572327,55.51355206847361,56.497860199714694,54.58630527817404,55.27104136947219,56.36947218259629,54.386590584878746,
33.9622641509434,55.4564907275321,56.497860199714694,54.614835948644796,55.29957203994294,56.38373751783167,54.415121255349504,
35.22012578616352,55.42796005706134,56.269614835948644,54.60057061340942,55.29957203994294,56.38373751783167,54.415121255349504,
36.477987421383645,55.44222539229672,56.255349500713265,54.55777460770328,55.313837375178316,56.39800285306705,54.429386590584876,55.0
37.73584905660377,55.47075606276748,56.28388017118402,54.27246790299572,55.328102710413695,56.39800285306705,54.44365192582026,55.01426533523538
38.9937106918239,55.47075606276748,56.2981455064194,54.27246790299572,55.328102710413695,56.4265335235378,54.44365192582026,55.01426533523538
40.25157232704402,55.35663338088445,56.32667617689016,54.28673323823109,55.35663338088445,56.4265335235378,54.457917261055634,55.01426533523538
41.50943396226415,55.49928673323823,56.4265335235378,54.28673323823109,55.370898716119825,56.44079885877318,54.48644793152639,55.0
42.76729559748428,55.62767475035663,56.269614835948644,54.28673323823109,55.385164051355204,56.44079885877318,54.51497860199714,55.0
44.0251572327044,55.65620542082739,56.241084165477886,54.25820256776034,55.41369472182596,56.483594864479315,54.52924393723252,
45.283018867924525,55.65620542082739,56.255349500713265,54.32952924393723,55.42796005706134,56.497860199714694,54.55777460770328,
46.54088050314465,55.72753209700428,56.255349500713265,54.35805991440799,55.44222539229672,56.51212553495007,54.643366619115554,
47.79874213836478,55.613409415121254,56.269614835948644,54.400855920114125,55.47075606276748,56.51212553495007,55.72753209700428,
49.056603773584904,55.62767475035663,56.34094151212554,54.85734664764622,55.49928673323823,56.52639087018545,54.629101283880175,
50.31446540880503,55.613409415121254,56.38373751783167,54.871611982881596,55.52781740370899,56.55492154065621,54.70042796005706,
51.57232704402516,55.67047075606277,56.4265335235378,54.885877318116975,55.52781740370899,56.55492154065621,54.686162624821684,
52.83018867924528,55.7132667617689,56.711840228245364,,55.556348074179745,56.56918687589158,54.71469329529244,
54.088050314465406,55.72753209700428,56.697574893009985,,55.556348074179745,56.58345221112696,54.74322396576319,55.01426533523538
55.34591194968553,55.798858773181166,56.66904422253923,55.18544935805991,55.584878744650496,56.58345221112696,54.77175463623395,55.0
56.60377358490566,55.813124108416545,56.497860199714694,55.19971469329529,55.584878744650496,56.58345221112696,54.80028530670471,55.0
57.861635220125784,55.827389443651924,56.469329529243936,55.19971469329529,55.613409415121254,56.58345221112696,54.81455064194009,55.0
59.11949685534591,55.813124108416545,56.4265335235378,55.171184022824534,55.613409415121254,56.58345221112696,54.843081312410845,55.0
60.37735849056604,55.813124108416545,56.39800285306705,54.91440798858773,55.62767475035663,56.58345221112696,54.85734664764622,55.0
61.63522012578616,55.8416547788873,56.28388017118402,54.72895863052781,55.62767475035663,56.58345221112696,54.85734664764622,55.0
62.893081761006286,55.85592011412268,56.28388017118402,54.72895863052781,55.64194008559201,56.56918687589158,54.871611982881596,55.01426533523538
64.15094339622641,55.85592011412268,56.269614835948644,54.657631954350926,55.64194008559201,56.56918687589158,54.871611982881596,55.01426533523538
65.40880503144653,55.89871611982882,56.269614835948644,54.671897289586305,55.65620542082739,56.58345221112696,55.813124108416545,55.0
66.66666666666666,55.91298145506419,56.697574893009985,54.70042796005706,55.65620542082739,56.55492154065621,,55.0
67.9245283018868,55.92724679029957,56.74037089871612,54.70042796005706,55.65620542082739,56.55492154065621,55.813124108416545,55.0
69.18238993710692,55.984308131241086,56.7546362339515,54.77175463623395,55.65620542082739,56.54065620542083,,55.0
70.44025157232704,55.97004279600571,56.7546362339515,55.25677603423681,55.65620542082739,56.52639087018545,,55.0
71.69811320754717,55.92724679029957,56.74037089871612,55.24251069900143,55.65620542082739,56.51212553495007,,55.0
72.95597484276729,55.85592011412268,56.64051355206847,55.21398002853067,55.65620542082739,56.497860199714694,,55.0
74.21383647798741,55.542082738944366,56.697574893009985,55.18544935805991,55.65620542082739,56.469329529243936,55.88445078459344,55.01426533523538
75.47169811320754,55.52781740370899,56.86875891583452,54.843081312410845,55.65620542082739,56.45506419400856,,
76.72955974842768,55.52781740370899,56.86875891583452,54.81455064194009,55.64194008559201,56.44079885877318,55.85592011412268,
77.9874213836478,55.94151212553495,56.85449358059914,54.81455064194009,55.62767475035663,56.41226818830243,55.057061340941516,
79.24528301886792,55.91298145506419,56.85449358059914,54.843081312410845,55.62767475035663,56.41226818830243,55.071326676176895,
80.50314465408805,55.87018544935806,56.74037089871612,55.18544935805991,55.62767475035663,56.38373751783167,55.071326676176895,
81.76100628930817,55.85592011412268,56.59771754636234,55.21398002853067,55.613409415121254,56.35520684736091,55.08559201141227,
83.0188679245283,55.8416547788873,56.52639087018545,55.19971469329529,55.599144079885875,56.32667617689016,,
84.27672955974842,55.813124108416545,56.483594864479315,55.04279600570614,55.584878744650496,56.31241084165478,,
85.53459119496856,55.74179743223966,56.469329529243936,54.871611982881596,55.584878744650496,56.269614835948644,,55.01426533523538
86.79245283018868,55.7132667617689,56.241084165477886,54.843081312410845,55.570613409415124,56.241084165477886,55.128388017118404,55.0
88.0503144654088,55.72753209700428,56.35520684736091,54.843081312410845,55.556348074179745,56.169757489301,55.128388017118404,55.01426533523538
89.30817610062893,55.756062767475036,56.34094151212554,54.871611982881596,55.556348074179745,56.18402282453638,55.128388017118404,55.01426533523538
90.56603773584905,55.74179743223966,56.34094151212554,55.25677603423681,55.52781740370899,56.15549215406562,55.128388017118404,55.0
91.82389937106917,55.7132667617689,56.34094151212554,55.29957203994294,55.52781740370899,56.12696148359487,55.128388017118404,55.0
93.0817610062893,55.69900142653353,56.32667617689016,55.29957203994294,55.51355206847361,56.08416547788873,55.128388017118404,55.0
94.33962264150944,55.68473609129815,56.269614835948644,55.28530670470756,55.48502139800286,56.055634807417974,55.114122681883025,
95.59748427672956,55.68473609129815,56.28388017118402,55.24251069900143,55.48502139800286,56.01283880171184,55.114122681883025,
96.85534591194968,,56.28388017118402,54.95720399429386,55.47075606276748,55.984308131241086,55.099857346647646,
98.11320754716981,,56.28388017118402,54.95720399429386,55.4564907275321,55.94151212553495,55.099857346647646,
99.37106918238993,,56.269614835948644,54.97146932952924,55.4564907275321,55.91298145506419,55.099857346647646,
100.62893081761005,,56.15549215406562,55.24251069900143,55.41369472182596,55.85592011412268,55.114122681883025,
101.88679245283018,,56.041369472182595,55.22824536376605,55.39942938659058,55.8416547788873,55.114122681883025,
103.14465408805032,,55.570613409415124,55.24251069900143,55.370898716119825,55.813124108416545,55.128388017118404,
104.40251572327044,,55.542082738944366,,55.35663338088445,55.756062767475036,55.128388017118404,55.01426533523538
105.66037735849056,55.91298145506419,55.51355206847361,,55.328102710413695,55.72753209700428,55.128388017118404,55.01426533523538
106.91823899371069,55.94151212553495,55.49928673323823,54.843081312410845,55.328102710413695,55.69900142653353,55.128388017118404,55.01426533523538
108.17610062893081,55.94151212553495,55.4564907275321,54.828815977175466,55.28530670470756,55.65620542082739,55.128388017118404,55.01426533523538
109.43396226415094,55.92724679029957,55.44222539229672,54.81455064194009,55.27104136947219,55.613409415121254,55.128388017118404,55.01426533523538
110.69182389937106,55.92724679029957,55.584878744650496,54.81455064194009,55.24251069900143,55.599144079885875,55.128388017118404,55.01426533523538
111.9496855345912,,55.385164051355204,54.828815977175466,55.24251069900143,55.556348074179745,55.128388017118404,55.0
113.20754716981132,,55.64194008559201,,55.22824536376605,55.51355206847361,55.128388017118404,55.0
114.46540880503144,,55.7132667617689,,55.18544935805991,55.48502139800286,55.128388017118404,55.0
115.72327044025157,,55.74179743223966,,55.21398002853067,55.44222539229672,55.128388017118404,55.01426533523538
116.98113207547169,54.871611982881596,55.72753209700428,,55.19971469329529,55.41369472182596,55.128388017118404,55.01426533523538
118.23899371069182,,55.7132667617689,,55.18544935805991,55.385164051355204,55.128388017118404,55.01426533523538
119.49685534591194,,55.65620542082739,,,55.342368045649074,55.128388017118404,55.01426533523538
120.75471698113208,,55.599144079885875,55.48502139800286,,55.29957203994294,55.128388017118404,55.0
122.0125786163522,,55.62767475035663,55.4564907275321,,55.27104136947219,55.128388017118404,55.0
123.27044025157232,,55.65620542082739,55.4564907275321,,55.25677603423681,55.128388017118404,55.0
124.52830188679245,,55.65620542082739,55.44222539229672,54.91440798858773,55.24251069900143,55.128388017118404,
125.78616352201257,,55.65620542082739,55.41369472182596,,55.21398002853067,55.114122681883025,
127.0440251572327,,55.64194008559201,55.35663338088445,54.97146932952924,55.21398002853067,55.114122681883025,
128.30188679245282,,55.556348074179745,54.828815977175466,,55.19971469329529,55.071326676176895,
129.55974842767296,,,55.28530670470756,,,55.071326676176895,
130.81761006289307,,,55.27104136947219,,,55.071326676176895,
132.0754716981132,,,55.27104136947219,,,55.099857346647646,
133.33333333333331,,,55.29957203994294,54.900142653352354,,,
134.59119496855345,,,55.27104136947219,54.885877318116975,,,55.0
135.8490566037736,,,55.171184022824534,,,,55.01426533523538
137.1069182389937,,55.25677603423681,54.72895863052781,,,54.871611982881596,55.01426533523538
138.36477987421384,,55.25677603423681,54.70042796005706,,,54.85734664764622,55.01426533523538
139.62264150943395,,55.24251069900143,54.643366619115554,,,54.85734664764622,55.0
140.88050314465409,,55.24251069900143,54.643366619115554,,,54.843081312410845,55.0
142.1383647798742,,,54.629101283880175,,,54.843081312410845,55.01426533523538
143.39622641509433,,,54.614835948644796,54.95720399429386,,54.843081312410845,
144.65408805031447,,,54.629101283880175,,,54.85734664764622,
145.91194968553458,,,54.643366619115554,,,54.85734664764622,
147.16981132075472,,54.51497860199714,55.0,,,54.843081312410845,
148.42767295597483,55.25677603423681,54.48644793152639,55.01426533523538,,,54.843081312410845,
149.68553459119497,55.25677603423681,54.48644793152639,54.643366619115554,,,54.843081312410845,
150.94339622641508,55.25677603423681,54.48644793152639,54.60057061340942,,,54.828815977175466,
152.2012578616352,55.24251069900143,54.50071326676177,54.60057061340942,,,54.828815977175466,
153.45911949685535,,54.52924393723252,54.58630527817404,,,54.828815977175466,55.01426533523538
154.71698113207546,,54.52924393723252,54.58630527817404,54.671897289586305,,55.0,55.01426533523538
155.9748427672956,55.24251069900143,54.52924393723252,54.58630527817404,54.643366619115554,,54.75748930099857,55.01426533523538
157.2327044025157,55.27104136947219,,54.51497860199714,,,54.75748930099857,55.01426533523538
158.49056603773585,55.29957203994294,,54.457917261055634,,54.843081312410845,54.72895863052781,55.01426533523538
159.74842767295596,55.29957203994294,,54.457917261055634,55.099857346647646,54.843081312410845,54.71469329529244,55.01426533523538
161.0062893081761,55.27104136947219,,54.44365192582026,55.099857346647646,54.828815977175466,54.686162624821684,55.01426533523538
162.26415094339623,55.156918687589155,,54.44365192582026,55.099857346647646,54.828815977175466,54.70042796005706,55.01426533523538
163.52201257861634,55.156918687589155,54.35805991440799,54.457917261055634,55.099857346647646,54.81455064194009,54.70042796005706,55.01426533523538
164.77987421383648,55.156918687589155,54.30099857346647,54.50071326676177,,54.80028530670471,54.71469329529244,55.01426533523538
166.0377358490566,55.19971469329529,54.28673323823109,54.48644793152639,,,54.686162624821684,55.01426533523538
167.29559748427673,55.21398002853067,54.30099857346647,54.50071326676177,,,54.70042796005706,55.01426533523538
168.55345911949684,55.21398002853067,54.35805991440799,54.85734664764622,,,54.71469329529244,55.01426533523538
169.81132075471697,55.21398002853067,54.415121255349504,54.843081312410845,,,54.70042796005706,55.01426533523538
171.0691823899371,,,54.47218259629101,,,54.686162624821684,55.01426533523538
172.32704402515722,,,54.47218259629101,,,54.686162624821684,55.01426533523538
173.58490566037736,,,54.457917261055634,,,54.686162624821684,55.0
174.84276729559747,54.1583452211127,54.871611982881596,54.429386590584876,,,54.657631954350926,
176.1006289308176,54.1583452211127,54.85734664764622,54.400855920114125,55.0,54.75748930099857,54.657631954350926,
177.35849056603772,54.1583452211127,54.871611982881596,54.415121255349504,54.98573466476462,54.75748930099857,54.629101283880175,
178.61635220125785,54.172610556348076,54.871611982881596,54.415121255349504,,54.75748930099857,54.629101283880175,
179.874213836478,,54.871611982881596,54.429386590584876,54.98573466476462,54.74322396576319,54.58630527817404,
181.1320754716981,,54.843081312410845,,,54.74322396576319,54.629101283880175,
182.38993710691824,,,,54.91440798858773,54.74322396576319,54.629101283880175,
183.64779874213835,,,54.47218259629101,54.91440798858773,54.75748930099857,54.629101283880175,55.0
184.9056603773585,,54.37232524964337,54.457917261055634,54.55777460770328,,54.643366619115554,55.01426533523538
186.1635220125786,,,54.386590584878746,54.55777460770328,,54.657631954350926,55.01426533523538
187.42138364779873,,,54.31526390870185,54.55777460770328,,54.657631954350926,55.01426533523538
188.67924528301887,,,54.31526390870185,,,54.671897289586305,55.01426533523538
189.93710691823898,,,54.35805991440799,54.55777460770328,,54.671897289586305,55.01426533523538
191.19496855345912,,,54.34379457917261,54.55777460770328,,54.671897289586305,55.0
192.45283018867923,,,54.629101283880175,54.55777460770328,,54.657631954350926,
193.71069182389937,,54.47218259629101,54.828815977175466,54.55777460770328,,54.657631954350926,
194.96855345911948,,55.099857346647646,54.828815977175466,54.55777460770328,54.75748930099857,54.657631954350926,
196.22641509433961,54.243937232524964,55.08559201141227,54.78601997146933,54.55777460770328,54.386590584878746,54.629101283880175,
197.48427672955975,54.229671897289585,55.057061340941516,54.457917261055634,,54.77175463623395,54.629101283880175,
198.74213836477986,54.21540656205421,55.057061340941516,54.429386590584876,,54.77175463623395,54.629101283880175,
200.0,54.21540656205421,55.142653352353776,54.47218259629101,,54.77175463623395,54.629101283880175,
201.2578616352201,,,54.47218259629101,,54.75748930099857,54.657631954350926,
202.51572327044025,,,54.457917261055634,,54.77175463623395,54.657631954350926,55.01426533523538
203.77358490566036,,54.31526390870185,54.47218259629101,,,54.657631954350926,55.0
205.0314465408805,,54.37232524964337,54.843081312410845,54.58630527817404,,54.686162624821684,55.01426533523538
206.28930817610063,,54.32952924393723,54.85734664764622,54.58630527817404,,54.686162624821684,55.01426533523538
207.54716981132074,,54.31526390870185,54.85734664764622,54.58630527817404,,54.70042796005706,55.01426533523538
208.80503144654088,,54.31526390870185,55.01426533523538,54.60057061340942,,54.71469329529244,55.01426533523538
210.062893081761,,54.31526390870185,55.142653352353776,54.614835948644796,,54.71469329529244,55.0
211.32075471698113,,54.400855920114125,55.142653352353776,54.60057061340942,,54.71469329529244,55.0
212.57861635220124,,54.51497860199714,55.142653352353776,54.614835948644796,54.81455064194009,54.71469329529244,55.0
213.83647798742138,,54.52924393723252,54.85734664764622,54.614835948644796,54.81455064194009,54.71469329529244,55.01426533523538
215.0943396226415,,54.52924393723252,,54.614835948644796,54.81455064194009,54.71469329529244,55.01426533523538
216.35220125786162,,54.52924393723252,,54.85734664764622,54.843081312410845,54.70042796005706,55.0
217.61006289308176,,54.52924393723252,,54.91440798858773,54.828815977175466,54.71469329529244,55.01426533523538
218.86792452830187,,,54.52924393723252,54.900142653352354,54.843081312410845,54.71469329529244,55.01426533523538
220.125786163522,,,54.415121255349504,,54.843081312410845,54.71469329529244,55.01426533523538
221.38364779874212,,,54.386590584878746,,,54.72895863052781,55.01426533523538
222.64150943396226,,54.900142653352354,54.400855920114125,,,54.74322396576319,55.0
223.8993710691824,,,54.400855920114125,,,54.75748930099857,
225.1572327044025,,,54.50071326676177,54.671897289586305,,54.77175463623395,
226.41509433962264,,54.95720399429386,54.55777460770328,,,54.77175463623395,
227.67295597484275,,54.97146932952924,54.57203994293866,,,54.80028530670471,
228.9308176100629,,54.94293865905849,54.60057061340942,,,54.80028530670471,
230.188679245283,,54.55777460770328,54.614835948644796,,,54.80028530670471,
231.44654088050314,,54.57203994293866,54.614835948644796,54.70042796005706,,54.80028530670471,
232.70440251572327,,54.57203994293866,54.614835948644796,54.70042796005706,,54.80028530670471,
233.96226415094338,,54.58630527817404,54.629101283880175,,,54.80028530670471,55.0
235.22012578616352,,,54.60057061340942,,,54.80028530670471,55.01426533523538
236.47798742138363,,,54.55777460770328,,,54.80028530670471,55.01426533523538
237.73584905660377,,,54.51497860199714,,,54.80028530670471,55.01426533523538
238.99371069182388,,,54.51497860199714,,,54.80028530670471,55.01426533523538
240.25157232704402,,,54.52924393723252,,,54.81455064194009,55.0
241.50943396226415,,,54.5435092724679,,,54.843081312410845,55.0
242.76729559748426,,,54.614835948644796,,,54.843081312410845,
244.0251572327044,,,,54.75748930099857,55.128388017118404,54.85734664764622,
245.2830188679245,,,55.071326676176895,54.77175463623395,,54.885877318116975,
246.54088050314465,,,55.171184022824534,54.77175463623395,,54.885877318116975,
247.79874213836476,,,55.19971469329529,54.77175463623395,,54.885877318116975,
249.0566037735849,,,55.22824536376605,54.78601997146933,,54.885877318116975,
250.314465408805,,,55.21398002853067,54.98573466476462,,54.885877318116975,
251.57232704402514,,,54.686162624821684,,,54.885877318116975,
252.83018867924528,,,54.58630527817404,,,54.871611982881596,55.01426533523538
254.0880503144654,,,54.58630527817404,,,54.871611982881596,55.01426533523538
255.34591194968553,,,54.614835948644796,,,54.871611982881596,55.01426533523538
256.60377358490564,,55.142653352353776,54.70042796005706,,,54.871611982881596,55.01426533523538
257.8616352201258,,55.156918687589155,54.71469329529244,,,54.871611982881596,55.01426533523538
259.1194968553459,,55.171184022824534,54.72895863052781,,,,55.01426533523538
260.37735849056605,,55.156918687589155,54.71469329529244,,,,55.0
261.63522012578613,,55.22824536376605,54.72895863052781,,,,55.01426533523538
262.8930817610063,,55.24251069900143,54.71469329529244,54.871611982881596,,,55.01426533523538
264.1509433962264,,54.885877318116975,54.72895863052781,,,,55.0
265.40880503144655,,54.51497860199714,54.77175463623395,54.900142653352354,,,55.0
266.66666666666663,,54.58630527817404,55.156918687589155,54.900142653352354,,,55.0
267.92452830188677,,54.5435092724679,54.97146932952924,54.900142653352354,,,55.0
269.1823899371069,,54.55777460770328,55.128388017118404,54.900142653352354,,,55.0
270.44025157232704,,54.629101283880175,55.128388017118404,54.900142653352354,,,55.0
271.6981132075472,,,55.142653352353776,54.900142653352354,,,55.0
272.95597484276726,,,55.171184022824534,54.900142653352354,,,
274.2138364779874,,,55.21398002853067,54.900142653352354,,,
275.47169811320754,,,55.22824536376605,54.900142653352354,55.114122681883025,,
276.7295597484277,,,55.21398002853067,,55.114122681883025,54.98573466476462,
277.9874213836478,,,55.156918687589155,,55.114122681883025,55.0,
279.2452830188679,,,55.0,,55.128388017118404,55.01426533523538,
280.50314465408803,,54.643366619115554,55.0,54.928673323823105,,,
281.76100628930817,,54.657631954350926,55.171184022824534,54.928673323823105,,,
283.0188679245283,,54.686162624821684,55.19971469329529,,,,55.0
284.2767295597484,,54.72895863052781,55.24251069900143,,,,55.0
285.5345911949685,,55.08559201141227,55.25677603423681,,,,55.01426533523538
286.79245283018867,,,55.25677603423681,,,,55.01426533523538
288.0503144654088,,,55.22824536376605,,,,55.01426533523538
289.30817610062894,,,55.19971469329529,,,,55.01426533523538
290.566037735849,,,55.18544935805991,,,,55.0
291.82389937106916,,,55.02853067047076,,55.156918687589155,,
293.0817610062893,,55.29957203994294,54.843081312410845,,55.156918687589155,,
294.33962264150944,,55.29957203994294,54.85734664764622,,55.156918687589155,55.071326676176895,
295.5974842767296,,55.29957203994294,55.04279600570614,,55.156918687589155,55.04279600570614,
296.85534591194966,,55.057061340941516,55.18544935805991,54.95720399429386,55.156918687589155,55.04279600570614,
298.1132075471698,,55.313837375178316,55.04279600570614,54.95720399429386,55.156918687589155,55.071326676176895,
299.37106918238993,,55.328102710413695,55.19971469329529,54.95720399429386,,,
300.62893081761007,,55.313837375178316,54.871611982881596,,,,
301.88679245283015,,55.29957203994294,54.843081312410845,,,,55.0
303.1446540880503,,55.27104136947219,54.828815977175466,,,,55.01426533523538
304.4025157232704,,55.27104136947219,54.81455064194009,,,,55.0
305.66037735849056,,55.342368045649074,54.85734664764622,,,,55.0
306.9182389937107,,55.385164051355204,55.24251069900143,,,,55.0
308.1761006289308,,55.39942938659058,55.25677603423681,,,,55.01426533523538
309.4339622641509,,55.39942938659058,55.24251069900143,,,,55.01426533523538
310.69182389937106,,55.39942938659058,55.24251069900143,,55.156918687589155,,55.01426533523538
311.9496855345912,,55.342368045649074,55.24251069900143,,55.156918687589155,,55.01426533523538
313.20754716981133,,55.313837375178316,55.24251069900143,,55.171184022824534,,55.0
314.4654088050314,,55.313837375178316,55.22824536376605,,55.171184022824534,,55.0
315.72327044025155,,55.29957203994294,54.85734664764622,,55.171184022824534,,55.01426533523538
316.9811320754717,,,54.828815977175466,,55.171184022824534,,55.01426533523538
318.23899371069183,,54.70042796005706,54.843081312410845,,55.156918687589155,,55.01426533523538
319.4968553459119,,54.671897289586305,54.828815977175466,,55.156918687589155,,55.01426533523538
320.75471698113205,,54.74322396576319,55.19971469329529,,55.29957203994294,,55.0
322.0125786163522,,54.75748930099857,55.22824536376605,,,,55.01426533523538
323.2704402515723,,54.828815977175466,55.25677603423681,,,55.099857346647646,
324.52830188679246,,54.85734664764622,55.27104136947219,54.95720399429386,,55.099857346647646,
325.78616352201254,,54.843081312410845,55.25677603423681,54.95720399429386,,55.071326676176895,
327.0440251572327,,54.843081312410845,55.25677603423681,54.95720399429386,,55.057061340941516,
328.3018867924528,,55.29957203994294,55.19971469329529,54.95720399429386,,55.071326676176895,
329.55974842767296,,55.313837375178316,55.19971469329529,,,,
330.81761006289304,,55.313837375178316,55.02853067047076,,55.156918687589155,,
332.0754716981132,,55.29957203994294,55.02853067047076,,55.142653352353776,,
333.3333333333333,,54.75748930099857,55.22824536376605,,55.142653352353776,,55.0
334.59119496855345,,54.78601997146933,55.28530670470756,,55.142653352353776,,55.01426533523538
335.8490566037736,,54.80028530670471,55.29957203994294,,55.128388017118404,,55.01426533523538
337.10691823899367,,54.843081312410845,55.313837375178316,,55.128388017118404,54.60057061340942,54.98573466476462
338.3647798742138,54.614835948644796,54.871611982881596,55.313837375178316,,,,54.98573466476462
339.62264150943395,54.60057061340942,55.171184022824534,55.313837375178316,,,,55.0
340.8805031446541,54.60057061340942,55.48502139800286,55.22824536376605,,,,
342.1383647798742,54.60057061340942,55.51355206847361,55.21398002853067,,,,
343.3962264150943,54.60057061340942,,55.18544935805991,54.928673323823105,,,
344.65408805031444,,,54.85734664764622,,,55.04279600570614,
345.9119496855346,,,54.80028530670471,,55.29957203994294,55.04279600570614,
347.1698113207547,,,54.80028530670471,54.928673323823105,55.28530670470756,55.04279600570614,
348.4276729559748,,,54.843081312410845,54.928673323823105,,,
349.68553459119494,,,54.85734664764622,54.928673323823105,,,
350.9433962264151,,,54.843081312410845,,55.128388017118404,,55.0
352.2012578616352,,,55.21398002853067,,55.128388017118404,,55.0
353.45911949685535,,,55.22824536376605,,55.128388017118404,,54.98573466476462
354.71698113207543,,,54.843081312410845,,55.128388017118404,,55.0
355.97484276729557,,55.22824536376605,54.74322396576319,,55.128388017118404,,55.0
357.2327044025157,,55.28530670470756,54.80028530670471,,,,55.01426533523538
358.49056603773585,,55.28530670470756,54.80028530670471,,,,55.0
359.748427672956,,55.28530670470756,54.80028530670471,,,,55.0
361.00628930817606,,55.28530670470756,54.78601997146933,,,,55.0
362.2641509433962,54.415121255349504,,54.80028530670471,,,,55.0
363.52201257861634,54.429386590584876,,54.81455064194009,,,,55.0
364.7798742138365,54.44365192582026,55.29957203994294,54.80028530670471,,,,55.0
366.03773584905656,54.457917261055634,55.313837375178316,54.81455064194009,,,55.64194008559201,55.0
367.2955974842767,55.72753209700428,55.313837375178316,54.81455064194009,,,,55.0
368.55345911949684,55.784593437945794,55.27104136947219,54.81455064194009,,,,55.01426533523538
369.811320754717,55.784593437945794,54.97146932952924,54.81455064194009,,55.128388017118404,,54.98573466476462
371.0691823899371,55.770328102710415,,54.75748930099857,,55.128388017118404,,55.0
372.3270440251572,55.68473609129815,,54.74322396576319,,55.128388017118404,,
373.58490566037733,55.48502139800286,,54.72895863052781,,55.128388017118404,55.89871611982882,
374.84276729559747,55.41369472182596,,54.74322396576319,,55.114122681883025,55.67047075606277,
376.1006289308176,55.67047075606277,,54.74322396576319,,55.128388017118404,55.01426533523538,
377.35849056603774,55.68473609129815,,54.80028530670471,,,55.02853067047076,
378.6163522012578,55.69900142653353,,54.828815977175466,54.928673323823105,,55.04279600570614,
379.87421383647796,55.69900142653353,,54.81455064194009,54.928673323823105,,,
381.1320754716981,55.69900142653353,,54.80028530670471,54.928673323823105,,,
382.38993710691824,55.48502139800286,,54.78601997146933,,,,55.0
383.6477987421383,55.49928673323823,54.614835948644796,54.78601997146933,,,,55.0
384.90566037735846,55.49928673323823,54.671897289586305,55.171184022824534,,,,54.98573466476462
386.1635220125786,55.51355206847361,54.75748930099857,55.21398002853067,,,,54.98573466476462
387.42138364779873,,54.78601997146933,55.21398002853067,,55.128388017118404,,54.98573466476462
388.6792452830189,,55.08559201141227,55.21398002853067,,55.128388017118404,,55.0
389.93710691823895,,55.370898716119825,55.18544935805991,,55.128388017118404,,55.0
391.1949685534591,,55.385164051355204,55.156918687589155,55.071326676176895,55.128388017118404,,
392.45283018867923,,55.385164051355204,55.156918687589155,,55.128388017118404,,
393.71069182389937,,55.370898716119825,55.156918687589155,,55.128388017118404,55.01426533523538,
394.9685534591195,,55.35663338088445,55.156918687589155,54.928673323823105,55.128388017118404,55.01426533523538,
396.2264150943396,,55.35663338088445,55.156918687589155,54.928673323823105,,55.01426533523538,
397.4842767295597,,55.35663338088445,55.01426533523538,54.928673323823105,,,
398.74213836477986,,55.328102710413695,54.843081312410845,54.928673323823105,,,
400.0,,55.27104136947219,54.77175463623395,54.928673323823105,,,54.98573466476462
401.2578616352201,,55.29957203994294,54.80028530670471,,,,55.0
402.5157232704402,,55.29957203994294,54.80028530670471,,,,55.0
403.77358490566036,,55.35663338088445,54.80028530670471,,,,55.01426533523538
405.0314465408805,,55.35663338088445,54.828815977175466,,,,55.01426533523538
406.28930817610063,,55.342368045649074,54.843081312410845,,,,55.01426533523538
407.5471698113207,,55.370898716119825,54.828815977175466,,55.128388017118404,,55.0
408.80503144654085,,55.29957203994294,54.75748930099857,,55.128388017118404,,55.01426533523538
410.062893081761,,54.58630527817404,54.75748930099857,,55.142653352353776,,55.01426533523538
411.3207547169811,,54.60057061340942,54.80028530670471,,55.142653352353776,,55.0
412.57861635220127,,,55.02853067047076,,55.128388017118404,,55.0
413.83647798742135,,,55.18544935805991,,,,55.0
415.0943396226415,,55.41369472182596,55.28530670470756,,,,55.0
416.3522012578616,,,55.28530670470756,,,,55.0
417.61006289308176,,,55.29957203994294,54.928673323823105,,,55.0
418.86792452830184,54.71469329529244,,55.29957203994294,,,54.671897289586305,55.0
420.125786163522,,,55.29957203994294,,,,55.0
421.3836477987421,,,55.27104136947219,,,,
422.64150943396226,,,55.19971469329529,54.928673323823105,,,
423.8993710691824,,,55.18544935805991,54.94293865905849,55.35663338088445,,
425.1572327044025,,,55.19971469329529,,,55.04279600570614,
426.4150943396226,,,55.22824536376605,,55.128388017118404,55.02853067047076,
427.67295597484275,,,55.24251069900143,,55.142653352353776,55.04279600570614,
428.9308176100629,,,55.25677603423681,,55.142653352353776,,
430.188679245283,,55.385164051355204,55.27104136947219,54.91440798858773,55.142653352353776,,
431.4465408805031,,55.47075606276748,55.25677603423681,,55.142653352353776,,55.0
432.70440251572325,,55.47075606276748,54.97146932952924,,55.142653352353776,,55.0
433.9622641509434,,55.584878744650496,55.19971469329529,,,,55.0
435.2201257861635,54.47218259629101,55.584878744650496,55.19971469329529,,,,55.01426533523538
436.4779874213836,,,55.19971469329529,,,,55.01426533523538
437.73584905660374,,,55.24251069900143,,,,55.01426533523538
438.9937106918239,55.65620542082739,,55.35663338088445,,54.643366619115554,,55.0
440.251572327044,55.64194008559201,,55.313837375178316,54.928673323823105,,,
441.50943396226415,55.62767475035663,,55.29957203994294,,,,
442.76729559748424,55.613409415121254,,55.18544935805991,54.95720399429386,,55.08559201141227,
444.0251572327044,55.584878744650496,55.28530670470756,54.828815977175466,54.95720399429386,,55.04279600570614,
445.2830188679245,55.542082738944366,55.25677603423681,54.78601997146933,,55.142653352353776,55.02853067047076,
446.54088050314465,,55.25677603423681,54.75748930099857,,55.142653352353776,55.04279600570614,
447.7987421383648,,55.313837375178316,54.74322396576319,,55.142653352353776,,
449.05660377358487,,55.328102710413695,54.74322396576319,54.95720399429386,55.142653352353776,,
450.314465408805,,55.313837375178316,54.71469329529244,,55.128388017118404,,55.0
451.57232704402514,,55.28530670470756,54.72895863052781,,,,55.01426533523538
452.8301886792453,,54.58630527817404,54.77175463623395,,,,55.01426533523538
454.08805031446536,,54.657631954350926,54.871611982881596,,,,55.0
455.3459119496855,55.42796005706134,54.643366619115554,54.843081312410845,,,,55.01426533523538
456.60377358490564,55.44222539229672,54.657631954350926,54.828815977175466,,,,55.01426533523538
457.8616352201258,,,55.04279600570614,,,,55.01426533523538
459.1194968553459,,,55.25677603423681,,,,55.01426533523538
460.377358490566,55.67047075606277,,55.24251069900143,,,,55.01426533523538
461.63522012578613,55.7132667617689,,55.27104136947219,,,,55.01426533523538
462.8930817610063,55.72753209700428,,55.27104136947219,,,,55.01426533523538
464.1509433962264,55.74179743223966,,55.27104136947219,,55.156918687589155,,55.01426533523538
465.40880503144655,55.74179743223966,,55.29957203994294,,55.142653352353776,,55.01426533523538
466.66666666666663,55.67047075606277,,55.328102710413695,,55.142653352353776,55.8416547788873,55.01426533523538
467.92452830188677,,,55.328102710413695,,55.142653352353776,,55.01426533523538
469.1823899371069,,,54.85734664764622,,55.142653352353776,,55.01426533523538
470.44025157232704,,,54.78601997146933,,55.156918687589155,,
471.6981132075471,,,54.77175463623395,,55.156918687589155,,
472.95597484276726,,,54.78601997146933,54.95720399429386,,55.099857346647646,
474.2138364779874,,,54.871611982881596,,,55.071326676176895,
475.47169811320754,,,55.370898716119825,,54.871611982881596,55.08559201141227,
476.7295597484277,,,55.556348074179745,,,55.08559201141227,
477.98742138364776,54.78601997146933,,55.556348074179745,54.94293865905849,,55.099857346647646,
479.2452830188679,54.78601997146933,,55.556348074179745,,,55.099857346647646,
480.50314465408803,54.78601997146933,,55.542082738944366,,,,
481.76100628930817,54.828815977175466,,55.4564907275321,,,,55.0
483.0188679245283,,,55.27104136947219,,,54.828815977175466,55.0
484.2767295597484,,,55.25677603423681,,55.156918687589155,,55.0
485.5345911949685,,,55.27104136947219,,55.142653352353776,,55.01426533523538
486.79245283018867,,,55.342368045649074,,55.142653352353776,,55.01426533523538
488.0503144654088,,,55.52781740370899,,55.142653352353776,,55.0
489.3081761006289,,,55.49928673323823,,55.156918687589155,,
490.566037735849,,,55.47075606276748,,,,
491.82389937106916,,,55.44222539229672,54.95720399429386,,55.099857346647646,
493.0817610062893,,,55.29957203994294,,,55.071326676176895,
494.33962264150944,,,55.28530670470756,,,55.071326676176895,
495.5974842767295,,,55.27104136947219,,,55.099857346647646,
496.85534591194966,,,55.25677603423681,,,55.099857346647646,
498.1132075471698,,,55.24251069900143,,,,
499.37106918238993,,,55.057061340941516,,,,55.0
500.62893081761,,,54.74322396576319,,,,55.0
501.88679245283015,,,54.74322396576319,,55.18544935805991,,55.0
503.1446540880503,55.28530670470756,,54.75748930099857,,55.156918687589155,,55.0
504.4025157232704,55.29957203994294,,54.75748930099857,,55.156918687589155,55.35663338088445,55.01426533523538
505.66037735849056,55.29957203994294,,54.77175463623395,,55.156918687589155,,55.0
506.91823899371064,55.328102710413695,,54.78601997146933,,55.142653352353776,,55.0
508.1761006289308,55.370898716119825,,54.80028530670471,,55.142653352353776,,55.01426533523538
509.4339622641509,,,54.843081312410845,,55.156918687589155,,55.01426533523538
510.69182389937106,,,55.18544935805991,,,,55.01426533523538
511.9496855345912,55.52781740370899,55.114122681883025,55.24251069900143,,,,55.0
513.2075471698113,55.51355206847361,54.871611982881596,55.313837375178316,,,,55.0
514.4654088050314,55.52781740370899,54.871611982881596,55.313837375178316,,,,55.0
515.7232704402516,55.52781740370899,54.85734664764622,55.313837375178316,,,55.35663338088445,55.01426533523538
516.9811320754717,55.542082738944366,54.843081312410845,55.29957203994294,,,,55.01426533523538
518.2389937106918,55.52781740370899,54.843081312410845,55.28530670470756,,,,55.01426533523538
519.496855345912,55.52781740370899,54.843081312410845,55.27104136947219,,,,55.0
520.7547169811321,55.52781740370899,55.22824536376605,,,,,
522.0125786163521,55.49928673323823,54.871611982881596,55.21398002853067,,,55.584878744650496,
523.2704402515723,55.48502139800286,54.74322396576319,55.21398002853067,,55.142653352353776,55.01426533523538,
524.5283018867924,55.4564907275321,54.71469329529244,55.21398002853067,,55.142653352353776,55.0,
525.7861635220125,55.4564907275321,54.70042796005706,55.21398002853067,,55.142653352353776,55.0,
527.0440251572327,55.4564907275321,54.70042796005706,55.21398002853067,,55.142653352353776,,
528.3018867924528,,54.70042796005706,55.21398002853067,54.95720399429386,55.128388017118404,,
529.559748427673,,54.78601997146933,55.24251069900143,,,,
530.8176100628931,,54.81455064194009,55.27104136947219,,,,55.0
532.0754716981132,,54.81455064194009,55.35663338088445,,,,55.0
533.3333333333333,,54.80028530670471,55.370898716119825,,,,55.01426533523538
534.5911949685534,,54.80028530670471,55.370898716119825,,,,55.01426533523538
535.8490566037735,,54.80028530670471,55.370898716119825,,,,55.0
537.1069182389937,,,55.328102710413695,,,,55.0
538.3647798742138,,,54.78601997146933,,,,55.0
539.622641509434,,,54.78601997146933,54.928673323823105,,,
540.8805031446541,,,54.77175463623395,,,,
542.1383647798742,,55.25677603423681,54.74322396576319,,55.114122681883025,55.0,
543.3962264150944,,55.29957203994294,54.78601997146933,,55.114122681883025,54.98573466476462,
544.6540880503144,,55.342368045649074,54.828815977175466,,55.114122681883025,54.98573466476462,
545.9119496855345,,55.44222539229672,55.21398002853067,,55.114122681883025,,
547.1698113207547,,55.44222539229672,55.21398002853067,,55.099857346647646,,
548.4276729559748,,55.44222539229672,55.19971469329529,54.900142653352354,,,55.01426533523538
549.6855345911949,,55.44222539229672,55.19971469329529,,,,55.01426533523538
550.9433962264151,,55.41369472182596,55.171184022824534,,,,55.01426533523538
552.2012578616352,,55.39942938659058,55.01426533523538,,,,55.01426533523538
553.4591194968554,,55.39942938659058,54.871611982881596,,,,55.01426533523538
554.7169811320755,,55.35663338088445,54.828815977175466,,,,55.0
555.9748427672956,,54.643366619115554,54.828815977175466,,,,55.0
557.2327044025157,,54.60057061340942,54.80028530670471,54.900142653352354,,,55.0
558.4905660377358,,54.58630527817404,54.78601997146933,,55.156918687589155,,55.0
559.7484276729559,,54.58630527817404,54.80028530670471,,55.171184022824534,,55.01426533523538
561.0062893081761,,54.60057061340942,55.128388017118404,,,,55.0
562.2641509433962,,54.643366619115554,55.171184022824534,,,,55.0
563.5220125786163,,54.60057061340942,54.97146932952924,,,,55.0
564.7798742138365,,,54.78601997146933,,,,55.0
566.0377358490566,,,54.81455064194009,,,,55.0
567.2955974842768,,,54.81455064194009,,,,55.0
568.5534591194968,,,54.81455064194009,,,,55.0
569.8113207547169,,,54.97146932952924,,,,55.01426533523538
571.069182389937,,54.629101283880175,55.128388017118404,,54.871611982881596,,
572.3270440251572,,54.72895863052781,55.24251069900143,,54.871611982881596,,
573.5849056603773,,54.686162624821684,55.313837375178316,,54.871611982881596,54.98573466476462,
574.8427672955975,,54.70042796005706,55.328102710413695,,54.871611982881596,54.97146932952924,
576.1006289308176,,54.70042796005706,55.29957203994294,,,54.95720399429386,
577.3584905660377,,54.629101283880175,55.313837375178316,,,54.900142653352354,
578.6163522012579,,54.58630527817404,55.29957203994294,,,,
579.8742138364779,,54.52924393723252,54.74322396576319,,55.22824536376605,,55.0
581.132075471698,,54.51497860199714,54.72895863052781,,,54.885877318116975,55.0
582.3899371069182,,54.52924393723252,54.72895863052781,55.099857346647646,,54.885877318116975,55.01426533523538
583.6477987421383,,,54.72895863052781,,,54.871611982881596,55.01426533523538
584.9056603773585,,55.22824536376605,54.72895863052781,,,54.885877318116975,55.0
586.1635220125786,,55.24251069900143,54.74322396576319,,,54.885877318116975,55.0
587.4213836477987,,55.24251069900143,54.74322396576319,,,,55.01426533523538
588.6792452830189,,55.24251069900143,54.74322396576319,,,,
589.937106918239,,55.19971469329529,54.74322396576319,,54.843081312410845,,
591.1949685534591,,55.18544935805991,54.77175463623395,,54.828815977175466,54.94293865905849,
592.4528301886792,,55.18544935805991,54.78601997146933,,54.81455064194009,54.95720399429386,
593.7106918238993,,55.24251069900143,55.142653352353776,,54.828815977175466,54.94293865905849,
594.9685534591194,,55.27104136947219,55.156918687589155,,,54.928673323823105,
596.2264150943396,,55.25677603423681,55.156918687589155,,,54.900142653352354,
597.4842767295597,,55.27104136947219,55.128388017118404,,,54.885877318116975,
598.7421383647799,,55.27104136947219,54.671897289586305,,,54.871611982881596,55.0
600.0,,,54.71469329529244,,,54.871611982881596,55.0
601.2578616352201,,,55.156918687589155,,,54.85734664764622,55.0
602.5157232704403,,,55.156918687589155,,,54.85734664764622,55.0
603.7735849056603,,,55.156918687589155,,,54.85734664764622,55.01426533523538
605.0314465408804,,,55.156918687589155,,,54.85734664764622,55.01426533523538
606.2893081761006,,,54.57203994293866,,,54.871611982881596,55.01426533523538
607.5471698113207,,,54.60057061340942,55.099857346647646,,54.871611982881596,55.01426533523538
608.8050314465409,,,54.643366619115554,,,,55.01426533523538
610.062893081761,,54.643366619115554,,,54.81455064194009,,55.01426533523538
611.3207547169811,55.27104136947219,54.629101283880175,54.77175463623395,,54.828815977175466,,55.0
612.5786163522013,55.29957203994294,54.643366619115554,54.77175463623395,,54.828815977175466,,55.0
613.8364779874214,55.313837375178316,54.71469329529244,54.77175463623395,,54.828815977175466,,55.0
615.0943396226414,55.313837375178316,55.142653352353776,54.74322396576319,,54.81455064194009,,55.0
616.3522012578616,,55.156918687589155,54.671897289586305,,,54.871611982881596,55.0
617.6100628930817,,55.171184022824534,54.657631954350926,,,54.871611982881596,55.0
618.8679245283018,,55.18544935805991,54.643366619115554,,,54.85734664764622,55.01426533523538
620.125786163522,,55.171184022824534,54.643366619115554,,,54.871611982881596,
621.3836477987421,,55.22824536376605,54.629101283880175,,,54.85734664764622,
622.6415094339623,,55.21398002853067,54.614835948644796,,54.98573466476462,54.85734664764622,
623.8993710691824,55.51355206847361,55.21398002853067,54.55777460770328,,55.0,54.871611982881596,
625.1572327044025,55.49928673323823,55.21398002853067,54.5435092724679,,,54.871611982881596,
626.4150943396227,55.48502139800286,55.24251069900143,54.55777460770328,,54.78601997146933,54.871611982881596,
627.6729559748427,,55.21398002853067,54.55777460770328,54.97146932952924,54.78601997146933,54.871611982881596,
628.9308176100628,,,54.58630527817404,,54.78601997146933,54.885877318116975,
630.188679245283,,,54.70042796005706,,54.78601997146933,54.885877318116975,55.0
631.4465408805031,,54.70042796005706,55.171184022824534,,,54.900142653352354,55.01426533523538
632.7044025157232,55.385164051355204,54.686162624821684,55.18544935805991,,,54.871611982881596,55.01426533523538
633.9622641509434,55.385164051355204,54.55777460770328,55.18544935805991,,,54.871611982881596,55.01426533523538
635.2201257861635,55.385164051355204,54.55777460770328,55.18544935805991,,,54.85734664764622,55.0
636.4779874213837,55.370898716119825,54.55777460770328,55.18544935805991,,,54.85734664764622,55.0
637.7358490566038,,54.5435092724679,55.156918687589155,,,54.85734664764622,
638.9937106918238,,54.60057061340942,,54.97146932952924,,54.85734664764622,
640.251572327044,,54.643366619115554,55.114122681883025,,,54.828815977175466,
641.5094339622641,,54.657631954350926,55.071326676176895,,54.94293865905849,54.828815977175466,
642.7672955974842,,54.657631954350926,55.071326676176895,,54.94293865905849,54.828815977175466,
644.0251572327044,,55.18544935805991,54.70042796005706,,,54.828815977175466,
645.2830188679245,,55.19971469329529,54.671897289586305,,,54.828815977175466,
646.5408805031446,,55.171184022824534,54.643366619115554,54.95720399429386,,54.85734664764622,
647.7987421383648,,55.171184022824534,54.643366619115554,,,54.843081312410845,55.0
649.0566037735849,,55.156918687589155,54.643366619115554,,54.74322396576319,54.843081312410845,55.01426533523538
650.314465408805,,55.128388017118404,54.629101283880175,,54.74322396576319,54.843081312410845,55.01426533523538
651.5723270440251,,,54.629101283880175,,54.74322396576319,54.843081312410845,55.01426533523538
652.8301886792452,,,54.57203994293866,55.099857346647646,54.72895863052781,54.843081312410845,55.01426533523538
654.0880503144654,,,54.55777460770328,,54.72895863052781,54.843081312410845,55.01426533523538
655.3459119496855,,55.128388017118404,54.5435092724679,,,54.828815977175466,55.01426533523538
656.6037735849056,,55.128388017118404,54.5435092724679,,,54.81455064194009,55.01426533523538
657.8616352201258,55.313837375178316,55.142653352353776,54.52924393723252,,,54.80028530670471,55.01426533523538
659.1194968553459,55.328102710413695,55.156918687589155,54.5435092724679,,,54.78601997146933,55.01426533523538
660.377358490566,55.328102710413695,55.171184022824534,54.5435092724679,,,54.77175463623395,55.01426533523538
661.6352201257861,55.342368045649074,55.171184022824534,54.55777460770328,,54.871611982881596,54.77175463623395,55.01426533523538
662.8930817610062,,55.156918687589155,54.58630527817404,,54.871611982881596,54.77175463623395,55.01426533523538
664.1509433962264,,,54.58630527817404,,54.871611982881596,54.77175463623395,55.0
665.4088050314465,,,54.614835948644796,,,54.77175463623395,55.0
666.6666666666666,,,54.614835948644796,,,54.78601997146933,55.0
667.9245283018868,,,54.629101283880175,,54.671897289586305,54.78601997146933,
669.1823899371069,,,54.629101283880175,,54.671897289586305,54.78601997146933,
670.440251572327,54.44365192582026,,54.614835948644796,,54.671897289586305,54.80028530670471,
671.6981132075472,54.429386590584876,,54.614835948644796,,54.671897289586305,54.80028530670471,
672.9559748427673,54.429386590584876,55.01426533523538,54.60057061340942,,54.671897289586305,54.78601997146933,
674.2138364779873,54.415121255349504,55.01426533523538,54.58630527817404,,,54.77175463623395,
675.4716981132075,,,54.57203994293866,,,54.77175463623395,
676.7295597484276,,,54.58630527817404,,,54.74322396576319,
677.9874213836478,,54.47218259629101,54.57203994293866,,54.843081312410845,54.74322396576319,
679.2452830188679,,54.51497860199714,55.128388017118404,,54.843081312410845,54.72895863052781,55.01426533523538
680.503144654088,,54.51497860199714,,,54.828815977175466,54.71469329529244,55.0
681.7610062893082,55.25677603423681,54.47218259629101,54.57203994293866,,54.828815977175466,54.71469329529244,55.01426533523538
683.0188679245283,55.27104136947219,,54.51497860199714,55.099857346647646,54.828815977175466,54.71469329529244,55.01426533523538
684.2767295597484,55.22824536376605,,54.457917261055634,,54.81455064194009,54.72895863052781,55.01426533523538
685.5345911949685,55.22824536376605,,54.457917261055634,,,54.74322396576319,55.0
686.7924528301886,55.22824536376605,54.900142653352354,54.457917261055634,,,54.74322396576319,55.0
688.0503144654087,55.171184022824534,54.900142653352354,54.44365192582026,,,54.78601997146933,
689.3081761006289,55.156918687589155,54.91440798858773,54.47218259629101,55.0,54.643366619115554,54.78601997146933,
690.566037735849,55.25677603423681,54.614835948644796,54.48644793152639,55.01426533523538,54.643366619115554,54.75748930099857,
691.8238993710692,55.27104136947219,54.28673323823109,54.51497860199714,,54.643366619115554,54.74322396576319,
693.0817610062893,55.328102710413695,54.28673323823109,54.52924393723252,,,54.74322396576319,
694.3396226415094,55.41369472182596,54.30099857346647,54.50071326676177,,,54.71469329529244,
695.5974842767296,55.42796005706134,54.30099857346647,54.57203994293866,,,54.71469329529244,
696.8553459119496,,55.19971469329529,54.71469329529244,,54.50071326676177,54.71469329529244,
698.1132075471697,,55.22824536376605,54.85734664764622,,54.81455064194009,54.70042796005706,55.01426533523538
699.3710691823899,54.44365192582026,55.22824536376605,54.85734664764622,,54.81455064194009,54.70042796005706,55.01426533523538
700.62893081761,54.44365192582026,55.21398002853067,54.85734664764622,,54.80028530670471,54.686162624821684,55.01426533523538
701.8867924528302,,55.156918687589155,54.871611982881596,,54.80028530670471,54.686162624821684,55.0
703.1446540880503,,,55.142653352353776,,,54.686162624821684,55.0
704.4025157232704,,,55.128388017118404,,,54.686162624821684,55.0
705.6603773584906,,,55.142653352353776,,,54.70042796005706,55.0
706.9182389937107,,,55.128388017118404,,,54.71469329529244,55.0
708.1761006289308,,,55.0,,,54.72895863052781,55.0
709.4339622641509,55.29957203994294,55.128388017118404,54.871611982881596,,,54.72895863052781,55.01426533523538
710.691823899371,,,54.85734664764622,,,54.72895863052781,55.01426533523538
711.9496855345911,,,54.85734664764622,,,54.71469329529244,55.01426533523538
713.2075471698113,,,54.70042796005706,,,54.71469329529244,55.01426533523538
714.4654088050314,,,54.386590584878746,,,54.71469329529244,55.01426533523538
715.7232704402516,,,54.37232524964337,,,54.70042796005706,55.0
716.9811320754717,,54.900142653352354,54.37232524964337,,54.78601997146933,54.686162624821684,55.0
718.2389937106918,,,54.37232524964337,,54.80028530670471,54.686162624821684,55.01426533523538
719.496855345912,,,54.457917261055634,,54.80028530670471,54.686162624821684,
720.754716981132,,,54.843081312410845,55.02853067047076,54.80028530670471,54.686162624821684,
722.0125786163521,,54.55777460770328,54.900142653352354,,,54.70042796005706,
723.2704402515723,,54.55777460770328,54.91440798858773,,,54.70042796005706,
724.5283018867924,,54.57203994293866,54.900142653352354,,,54.71469329529244,
725.7861635220125,,54.55777460770328,54.885877318116975,,,54.71469329529244,
727.0440251572327,,,54.55777460770328,,,54.72895863052781,
728.3018867924528,,,54.48644793152639,,,54.74322396576319,55.01426533523538
729.559748427673,,55.156918687589155,54.48644793152639,,54.643366619115554,54.74322396576319,55.0
730.8176100628931,,55.171184022824534,54.48644793152639,,54.643366619115554,54.74322396576319,55.01426533523538
732.0754716981131,,55.18544935805991,54.47218259629101,,54.643366619115554,54.74322396576319,55.01426533523538
733.3333333333333,,55.156918687589155,54.47218259629101,,,54.74322396576319,55.01426533523538
734.5911949685534,,54.31526390870185,54.50071326676177,,,54.74322396576319,55.01426533523538
735.8490566037735,,54.25820256776034,54.51497860199714,,54.843081312410845,54.74322396576319,55.0
737.1069182389937,,54.28673323823109,54.5435092724679,,54.843081312410845,54.74322396576319,
738.3647798742138,,54.27246790299572,54.5435092724679,55.01426533523538,54.843081312410845,54.74322396576319,
739.622641509434,,54.27246790299572,54.55777460770328,55.01426533523538,54.843081312410845,54.74322396576319,
740.8805031446541,55.071326676176895,54.27246790299572,54.57203994293866,55.01426533523538,,54.75748930099857,
742.1383647798742,,54.27246790299572,54.5435092724679,,,54.77175463623395,
743.3962264150944,,54.27246790299572,54.5435092724679,55.02853067047076,54.671897289586305,54.77175463623395,
744.6540880503144,,54.32952924393723,54.5435092724679,55.071326676176895,,54.78601997146933,
745.9119496855345,,,54.55777460770328,55.099857346647646,,54.80028530670471,
747.1698113207547,,,54.57203994293866,55.099857346647646,,54.80028530670471,55.0
748.4276729559748,54.37232524964337,54.51497860199714,54.614835948644796,55.099857346647646,,54.828815977175466,55.01426533523538
749.6855345911949,55.21398002853067,54.55777460770328,54.657631954350926,,,54.81455064194009,55.01426533523538
750.9433962264151,55.21398002853067,54.55777460770328,54.657631954350926,,,54.81455064194009,55.01426533523538
752.2012578616352,55.22824536376605,54.57203994293866,54.657631954350926,,,54.81455064194009,55.01426533523538
753.4591194968554,55.24251069900143,54.57203994293866,54.657631954350926,,,54.81455064194009,55.01426533523538
754.7169811320755,,,54.671897289586305,,,54.81455064194009,55.01426533523538
755.9748427672955,,,54.671897289586305,,,54.828815977175466,55.0
757.2327044025157,,,55.128388017118404,,,54.828815977175466,55.0
758.4905660377358,,,55.156918687589155,,,54.828815977175466,55.0
759.7484276729559,,,55.171184022824534,,,54.843081312410845,55.0
761.0062893081761,,,55.171184022824534,,,54.843081312410845,55.0
762.2641509433962,,,55.156918687589155,,,54.843081312410845,55.0
763.5220125786163,,55.18544935805991,55.142653352353776,,,54.85734664764622,55.0
764.7798742138365,,55.22824536376605,55.142653352353776,,,54.85734664764622,55.0
766.0377358490566,,55.21398002853067,55.142653352353776,,,54.885877318116975,55.0
767.2955974842766,,54.671897289586305,55.142653352353776,,,54.885877318116975,55.0
768.5534591194968,,54.70042796005706,55.128388017118404,,,54.885877318116975,
769.8113207547169,,54.58630527817404,55.114122681883025,,,54.900142653352354,
771.069182389937,,54.60057061340942,55.099857346647646,,,54.91440798858773,
772.3270440251572,,54.629101283880175,55.071326676176895,,,54.91440798858773,
773.5849056603773,,54.74322396576319,55.08559201141227,54.81455064194009,,54.91440798858773,
774.8427672955975,,,,,,54.885877318116975,
776.1006289308176,55.18544935805991,,,,,54.885877318116975,
777.3584905660377,55.18544935805991,54.75748930099857,,,,54.885877318116975,
778.6163522012579,55.171184022824534,54.686162624821684,54.77175463623395,,,54.871611982881596,55.0
779.8742138364779,55.171184022824534,54.629101283880175,54.74322396576319,,,,55.0
781.132075471698,,54.58630527817404,54.70042796005706,,,,55.01426533523538
782.3899371069182,,54.58630527817404,54.71469329529244,,,,55.01426533523538
783.6477987421383,,,54.71469329529244,55.099857346647646,,,55.01426533523538
784.9056603773585,,,54.71469329529244,,,,55.01426533523538
786.1635220125786,,,54.74322396576319,,,,
787.4213836477987,,,55.18544935805991,,,,
788.6792452830189,,54.74322396576319,55.27104136947219,,,,
789.937106918239,,,55.142653352353776,,,54.98573466476462,
791.194968553459,,,54.80028530670471,,,54.97146932952924,
792.4528301886792,,,54.70042796005706,,,54.95720399429386,
793.7106918238993,,,54.671897289586305,,,,
794.9685534591194,55.51355206847361,55.19971469329529,54.629101283880175,55.04279600570614,,,
796.2264150943396,55.52781740370899,55.19971469329529,54.614835948644796,,,,55.0
797.4842767295597,55.599144079885875,55.21398002853067,54.60057061340942,,,,55.0
798.7421383647799,55.613409415121254,55.22824536376605,54.57203994293866,,,,55.0
800.0,55.599144079885875,55.28530670470756,54.60057061340942,,,,55.01426533523538
801.2578616352201,,55.44222539229672,54.75748930099857,,,,55.01426533523538
802.5157232704402,,55.44222539229672,55.142653352353776,,,,55.01426533523538
803.7735849056603,,,55.21398002853067,,,,55.01426533523538
805.0314465408804,,,55.21398002853067,,,,55.01426533523538
806.2893081761006,55.52781740370899,,54.85734664764622,,,,55.01426533523538
807.5471698113207,55.49928673323823,54.57203994293866,54.828815977175466,,,,55.01426533523538
808.8050314465409,55.48502139800286,54.57203994293866,54.81455064194009,,,,55.01426533523538
810.062893081761,55.48502139800286,54.57203994293866,54.81455064194009,,,,55.01426533523538
811.3207547169811,55.47075606276748,54.57203994293866,54.81455064194009,,,,55.01426533523538
812.5786163522013,,54.71469329529244,55.19971469329529,,,,55.01426533523538
813.8364779874213,,54.75748930099857,55.21398002853067,,55.128388017118404,,55.01426533523538
815.0943396226414,,54.77175463623395,55.19971469329529,,55.128388017118404,,55.01426533523538
816.3522012578616,,54.77175463623395,55.21398002853067,,55.142653352353776,,55.0
817.6100628930817,,54.75748930099857,55.19971469329529,,55.142653352353776,,
818.8679245283018,,54.78601997146933,55.19971469329529,,55.156918687589155,,
820.125786163522,,54.828815977175466,55.22824536376605,,,55.071326676176895,
821.3836477987421,,,55.25677603423681,,,55.08559201141227,
822.6415094339623,,,55.328102710413695,,,55.08559201141227,
823.8993710691824,,,55.342368045649074,55.01426533523538,,55.114122681883025,
825.1572327044025,54.78601997146933,,55.342368045649074,,,55.142653352353776,
826.4150943396226,54.75748930099857,,55.35663338088445,54.900142653352354,,55.142653352353776,
827.6729559748427,,55.39942938659058,55.328102710413695,54.91440798858773,,55.171184022824534,55.0
828.9308176100628,,55.385164051355204,55.313837375178316,,,55.171184022824534,55.0
830.188679245283,,54.85734664764622,55.328102710413695,,,55.171184022824534,55.0
831.4465408805031,,55.42796005706134,55.342368045649074,,55.27104136947219,55.171184022824534,55.01426533523538
832.7044025157232,,55.44222539229672,55.342368045649074,,55.29957203994294,55.18544935805991,55.01426533523538
833.9622641509434,,55.42796005706134,,,55.313837375178316,55.19971469329529,55.01426533523538
835.2201257861635,,55.570613409415124,54.871611982881596,,55.342368045649074,55.19971469329529,
836.4779874213837,,55.62767475035663,55.44222539229672,,55.35663338088445,55.21398002853067,
837.7358490566037,,55.599144079885875,55.4564907275321,,,55.24251069900143,
838.9937106918238,,55.64194008559201,55.08559201141227,,,55.27104136947219,
840.251572327044,,55.770328102710415,55.08559201141227,,,55.29957203994294,
841.5094339622641,,55.67047075606277,55.49928673323823,,,55.313837375178316,
842.7672955974842,,55.62767475035663,55.51355206847361,,,55.342368045649074,
844.0251572327044,,55.64194008559201,,,,55.35663338088445,
845.2830188679245,,55.542082738944366,55.19971469329529,,55.24251069900143,55.370898716119825,
846.5408805031446,,55.556348074179745,55.19971469329529,,55.27104136947219,55.39942938659058,55.0
847.7987421383648,,55.584878744650496,55.21398002853067,,55.28530670470756,55.41369472182596,55.01426533523538
849.0566037735848,,55.65620542082739,55.19971469329529,,55.29957203994294,55.41369472182596,55.01426533523538
850.314465408805,,55.67047075606277,55.19971469329529,,55.328102710413695,55.41369472182596,55.0
851.5723270440251,,55.69900142653353,55.21398002853067,,55.42796005706134,55.42796005706134,55.0
852.8301886792452,,55.7132667617689,55.21398002853067,,55.556348074179745,55.42796005706134,55.0
854.0880503144654,55.92724679029957,55.756062767475036,55.24251069900143,,55.570613409415124,55.42796005706134,55.0
855.3459119496855,55.92724679029957,55.770328102710415,55.25677603423681,,55.584878744650496,55.47075606276748,55.0
856.6037735849056,55.94151212553495,55.770328102710415,55.29957203994294,,55.599144079885875,55.47075606276748,55.01426533523538
857.8616352201258,55.97004279600571,55.784593437945794,55.48502139800286,,55.613409415121254,55.49928673323823,55.01426533523538
859.1194968553459,55.984308131241086,55.813124108416545,55.7132667617689,,,55.51355206847361,55.01426533523538
860.377358490566,55.99857346647646,,55.756062767475036,,,55.52781740370899,55.01426533523538
861.6352201257861,55.99857346647646,,55.784593437945794,,,55.570613409415124,55.01426533523538
862.8930817610062,56.01283880171184,55.41369472182596,55.798858773181166,,,55.584878744650496,55.01426533523538
864.1509433962264,56.01283880171184,55.42796005706134,55.813124108416545,,,55.613409415121254,55.01426533523538
865.4088050314465,55.99857346647646,55.42796005706134,55.813124108416545,,,55.64194008559201,55.0
866.6666666666666,55.92724679029957,55.44222539229672,55.798858773181166,,55.52781740370899,55.65620542082739,
867.9245283018868,55.28530670470756,55.44222539229672,55.798858773181166,,55.542082738944366,55.65620542082739,
869.1823899371069,55.22824536376605,55.44222539229672,,,55.570613409415124,55.65620542082739,
870.440251572327,,55.42796005706134,55.51355206847361,,55.756062767475036,55.65620542082739,
871.6981132075472,,,55.4564907275321,,55.784593437945794,55.65620542082739,
872.9559748427672,,55.94151212553495,55.41369472182596,,55.798858773181166,55.65620542082739,
874.2138364779873,,56.041369472182595,55.370898716119825,,55.813124108416545,55.65620542082739,
875.4716981132075,,56.055634807417974,55.370898716119825,,55.813124108416545,55.67047075606277,
876.7295597484276,,56.11269614835949,55.42796005706134,,55.8416547788873,55.68473609129815,55.01426533523538
877.9874213836478,,56.12696148359487,55.47075606276748,,55.85592011412268,55.72753209700428,55.0
879.2452830188679,,56.09843081312411,55.542082738944366,,,55.756062767475036,55.01426533523538
880.503144654088,,55.370898716119825,55.613409415121254,,,55.784593437945794,55.01426533523538
881.7610062893082,,55.35663338088445,55.584878744650496,,,55.813124108416545,55.01426533523538
883.0188679245283,,55.370898716119825,55.584878744650496,,55.69900142653353,55.827389443651924,55.01426533523538
884.2767295597483,,,55.599144079885875,,55.7132667617689,55.85592011412268,55.0
885.5345911949685,,,55.64194008559201,,55.72753209700428,55.88445078459344,
886.7924528301886,55.41369472182596,,55.65620542082739,,55.72753209700428,55.88445078459344,
888.0503144654087,55.41369472182596,55.62767475035663,56.041369472182595,,55.74179743223966,55.87018544935806,
889.3081761006289,55.44222539229672,55.62767475035663,56.06990014265335,,55.74179743223966,55.85592011412268,
890.566037735849,56.31241084165478,55.65620542082739,56.06990014265335,,55.8416547788873,55.85592011412268,
891.8238993710692,56.34094151212554,56.169757489301,55.68473609129815,,55.97004279600571,55.827389443651924,
893.0817610062893,56.35520684736091,56.18402282453638,55.65620542082739,,55.97004279600571,55.827389443651924,
894.3396226415094,56.35520684736091,56.18402282453638,55.64194008559201,,55.984308131241086,55.827389443651924,
895.5974842767296,,56.169757489301,55.613409415121254,,55.99857346647646,55.813124108416545,55.0
896.8553459119496,,56.18402282453638,55.62767475035663,,56.01283880171184,55.827389443651924,55.01426533523538
898.1132075471697,,,56.14122681883024,,56.027104136947216,55.87018544935806,55.01426533523538
899.3710691823899,,,56.21255349500713,,,55.88445078459344,55.01426533523538
900.62893081761,,,56.22681883024251,,,55.92724679029957,55.01426533523538
901.8867924528302,,55.72753209700428,56.269614835948644,,55.784593437945794,55.95577746077033,55.01426533523538
903.1446540880503,,55.7132667617689,56.269614835948644,,55.813124108416545,55.984308131241086,55.01426533523538
904.4025157232704,,,56.269614835948644,,55.813124108416545,55.99857346647646,55.01426533523538
905.6603773584906,,,56.269614835948644,,55.827389443651924,56.01283880171184,55.01426533523538
906.9182389937107,,,56.269614835948644,,55.827389443651924,56.01283880171184,55.01426533523538
908.1761006289307,,,56.255349500713265,,55.813124108416545,55.99857346647646,55.01426533523538
909.4339622641509,,55.62767475035663,56.241084165477886,,55.827389443651924,55.984308131241086,55.01426533523538
910.691823899371,,55.613409415121254,56.241084165477886,,,55.94151212553495,55.01426533523538
911.9496855345911,,56.18402282453638,55.65620542082739,,56.08416547788873,55.91298145506419,55.01426533523538
913.2075471698113,,56.21255349500713,55.570613409415124,,56.055634807417974,55.89871611982882,55.01426533523538
914.4654088050314,,56.241084165477886,55.556348074179745,,56.055634807417974,55.87018544935806,55.01426533523538
915.7232704402516,,56.241084165477886,55.542082738944366,,56.041369472182595,55.85592011412268,55.01426533523538
916.9811320754717,,56.255349500713265,55.542082738944366,,56.041369472182595,55.85592011412268,
918.2389937106918,,56.241084165477886,55.556348074179745,,56.027104136947216,55.87018544935806,
919.4968553459119,,56.28388017118402,55.67047075606277,,56.027104136947216,55.87018544935806,
920.754716981132,,55.4564907275321,55.72753209700428,,56.027104136947216,55.89871611982882,
922.0125786163521,,55.4564907275321,55.89871611982882,,55.770328102710415,55.91298145506419,
923.2704402515723,56.41226818830243,55.48502139800286,56.08416547788873,,55.770328102710415,55.94151212553495,
924.5283018867924,56.41226818830243,55.52781740370899,56.15549215406562,,55.756062767475036,55.94151212553495,
925.7861635220125,56.41226818830243,55.556348074179745,56.12696148359487,,55.74179743223966,55.92724679029957,55.01426533523538
927.0440251572327,56.38373751783167,55.584878744650496,56.08416547788873,,55.72753209700428,55.91298145506419,55.01426533523538
928.3018867924528,56.34094151212554,55.584878744650496,56.08416547788873,,55.68473609129815,55.88445078459344,55.01426533523538
929.559748427673,,55.570613409415124,56.08416547788873,,,55.8416547788873,55.01426533523538
930.8176100628931,,,56.06990014265335,,,55.784593437945794,55.01426533523538
932.0754716981131,,,56.06990014265335,,,55.756062767475036,55.0
933.3333333333333,,56.241084165477886,56.027104136947216,,55.88445078459344,55.69900142653353,55.01426533523538
934.5911949685534,,56.28388017118402,56.041369472182595,,55.87018544935806,55.67047075606277,
935.8490566037735,,56.2981455064194,56.055634807417974,55.04279600570614,55.85592011412268,55.64194008559201,
937.1069182389937,,,56.055634807417974,,55.827389443651924,55.613409415121254,
938.3647798742138,,,55.95577746077033,,55.798858773181166,55.613409415121254,
939.622641509434,,,55.91298145506419,,55.784593437945794,55.62767475035663,
940.8805031446541,,,55.8416547788873,,55.62767475035663,55.62767475035663,
942.1383647798742,,,55.584878744650496,,55.48502139800286,55.64194008559201,
943.3962264150942,,,55.784593437945794,,55.4564907275321,55.64194008559201,
944.6540880503144,,,55.87018544935806,,55.44222539229672,55.64194008559201,55.0
945.9119496855345,,,55.87018544935806,,55.385164051355204,55.613409415121254,55.0
947.1698113207547,,,55.8416547788873,,55.35663338088445,55.570613409415124,55.01426533523538
948.4276729559748,,,55.49928673323823,,,55.51355206847361,55.01426533523538
949.6855345911949,,,,,,55.47075606276748,55.0
950.9433962264151,,,55.128388017118404,,,55.41369472182596,55.0
952.2012578616352,,,54.843081312410845,,,55.342368045649074,55.0
953.4591194968554,,55.613409415121254,54.843081312410845,,55.52781740370899,55.28530670470756,55.0
954.7169811320754,,55.613409415121254,54.85734664764622,,55.48502139800286,55.25677603423681,55.0
955.9748427672955,,55.613409415121254,55.570613409415124,,55.4564907275321,55.24251069900143,55.0
957.2327044025157,,55.613409415121254,55.570613409415124,,55.42796005706134,55.24251069900143,55.0
958.4905660377358,,,55.556348074179745,,55.42796005706134,55.25677603423681,55.0
959.7484276729559,,,55.542082738944366,,55.385164051355204,55.25677603423681,55.01426533523538
961.0062893081761,,,55.51355206847361,,55.142653352353776,55.27104136947219,55.01426533523538
962.2641509433962,,54.871611982881596,55.51355206847361,,55.142653352353776,55.27104136947219,55.01426533523538
963.5220125786163,,54.871611982881596,55.49928673323823,,,55.27104136947219,55.0
964.7798742138365,,54.78601997146933,55.49928673323823,,,55.22824536376605,55.0
966.0377358490566,,54.75748930099857,55.49928673323823,,,55.21398002853067,
967.2955974842766,,54.72895863052781,55.542082738944366,,,55.18544935805991,
968.5534591194968,,54.71469329529244,,,,55.128388017118404,
969.8113207547169,,54.629101283880175,54.74322396576319,,,55.071326676176895,
971.069182389937,55.47075606276748,54.614835948644796,54.74322396576319,,,55.01426533523538,
972.3270440251572,55.47075606276748,55.328102710413695,54.74322396576319,,55.171184022824534,54.98573466476462,
973.5849056603773,55.47075606276748,55.313837375178316,54.74322396576319,,55.156918687589155,54.885877318116975,
974.8427672955975,55.48502139800286,55.313837375178316,55.21398002853067,,55.156918687589155,54.871611982881596,
976.1006289308176,55.47075606276748,,55.25677603423681,,55.142653352353776,54.871611982881596,55.0
977.3584905660377,,,55.25677603423681,,55.128388017118404,54.885877318116975,55.0
978.6163522012578,,,55.22824536376605,,,54.85734664764622,55.0
979.8742138364779,,54.5435092724679,55.22824536376605,,54.75748930099857,54.871611982881596,55.0
981.132075471698,,54.51497860199714,55.19971469329529,,54.77175463623395,,55.0
982.3899371069182,,54.57203994293866,,,54.75748930099857,,55.0
983.6477987421383,,54.55777460770328,55.128388017118404,,54.75748930099857,,55.0
984.9056603773585,,54.5435092724679,55.128388017118404,,54.72895863052781,54.885877318116975,
986.1635220125786,,55.18544935805991,54.614835948644796,,54.70042796005706,54.85734664764622,
987.4213836477987,,55.18544935805991,54.614835948644796,,,54.843081312410845,
988.6792452830189,,55.171184022824534,55.04279600570614,,,54.80028530670471,
989.9371069182389,,55.142653352353776,55.04279600570614,,,54.75748930099857,
991.194968553459,,55.114122681883025,54.48644793152639,,,54.71469329529244,
992.4528301886792,,55.114122681883025,54.457917261055634,,54.885877318116975,54.686162624821684,
993.7106918238993,,55.128388017118404,54.44365192582026,,54.843081312410845,54.671897289586305,55.01426533523538
994.9685534591194,,,54.44365192582026,,54.828815977175466,54.657631954350926,55.01426533523538
996.2264150943396,,,54.429386590584876,55.099857346647646,54.828815977175466,54.671897289586305,55.01426533523538
997.4842767295597,55.171184022824534,,54.44365192582026,,54.843081312410845,54.686162624821684,55.0
998.7421383647799,55.156918687589155,,54.457917261055634,,,54.71469329529244,55.0
1000.0,,,54.47218259629101,,54.57203994293866,54.72895863052781,55.0
1001.25786163522,,,54.457917261055634,,54.57203994293866,54.74322396576319,55.01426533523538
1002.5157232704402,,,54.44365192582026,,54.55777460770328,54.75748930099857,55.01426533523538
1003.7735849056603,,,54.429386590584876,,54.55777460770328,54.75748930099857,55.01426533523538
1005.0314465408804,,,54.429386590584876,,54.5435092724679,54.74322396576319,55.01426533523538
1006.2893081761006,,54.32952924393723,54.415121255349504,54.900142653352354,54.52924393723252,54.72895863052781,55.01426533523538
1007.5471698113207,,54.31526390870185,54.415121255349504,54.900142653352354,54.52924393723252,54.70042796005706,55.01426533523538
1008.8050314465409,,54.201141226818834,54.34379457917261,,,54.657631954350926,55.01426533523538
1010.062893081761,,54.172610556348076,54.32952924393723,,,54.629101283880175,55.01426533523538
1011.3207547169811,,54.186875891583455,54.31526390870185,,54.74322396576319,54.57203994293866,55.01426533523538
1012.5786163522013,,54.186875891583455,54.34379457917261,,54.72895863052781,54.5435092724679,55.01426533523538
1013.8364779874213,,54.50071326676177,54.30099857346647,,54.71469329529244,54.52924393723252,55.0
1015.0943396226414,,54.871611982881596,54.35805991440799,,54.70042796005706,54.51497860199714,
1016.3522012578616,,54.85734664764622,54.58630527817404,,54.70042796005706,54.51497860199714,
1017.6100628930817,,54.843081312410845,54.75748930099857,,54.70042796005706,54.52924393723252,
1018.8679245283018,,54.81455064194009,54.74322396576319,,54.70042796005706,54.55777460770328,
1020.125786163522,,54.30099857346647,54.72895863052781,,54.429386590584876,54.58630527817404,
1021.3836477987421,,54.25820256776034,54.78601997146933,,54.44365192582026,54.60057061340942,
1022.6415094339623,,54.27246790299572,54.828815977175466,,54.429386590584876,54.60057061340942,
1023.8993710691824,,54.27246790299572,54.81455064194009,,54.429386590584876,54.614835948644796,
1025.1572327044025,,54.25820256776034,54.81455064194009,,54.415121255349504,54.58630527817404,55.0
1026.4150943396226,,54.21540656205421,54.80028530670471,,54.386590584878746,54.55777460770328,55.01426533523538
1027.6729559748428,,,54.28673323823109,,,54.52924393723252,55.01426533523538
1028.9308176100628,,,54.186875891583455,,,54.48644793152639,55.01426533523538
1030.188679245283,,,54.14407988587732,,,54.48644793152639,55.01426533523538
1031.446540880503,,,54.12981455064194,,54.614835948644796,54.44365192582026,55.01426533523538
1032.7044025157231,,,54.12981455064194,,54.60057061340942,54.415121255349504,55.0
1033.9622641509434,,,54.12981455064194,,54.60057061340942,54.400855920114125,
1035.2201257861634,,,54.14407988587732,,54.58630527817404,54.400855920114125,
1036.4779874213837,,,54.201141226818834,,54.58630527817404,54.415121255349504,
1037.7358490566037,,,54.27246790299572,,54.57203994293866,54.44365192582026,
1038.993710691824,,,54.457917261055634,,,54.44365192582026,
1040.251572327044,,,54.30099857346647,,54.32952924393723,54.457917261055634,
1041.5094339622642,,,54.457917261055634,,54.32952924393723,54.48644793152639,
1042.7672955974842,,54.172610556348076,54.671897289586305,,54.32952924393723,54.48644793152639,
1044.0251572327043,,54.1583452211127,54.657631954350926,,54.32952924393723,54.47218259629101,55.0
1045.2830188679245,,54.75748930099857,54.201141226818834,,54.32952924393723,54.47218259629101,55.01426533523538
1046.5408805031445,,54.75748930099857,54.186875891583455,,54.30099857346647,54.44365192582026,55.01426533523538
1047.7987421383648,,54.74322396576319,54.1583452211127,,,54.44365192582026,55.0
1049.0566037735848,,54.74322396576319,54.14407988587732,,,54.400855920114125,55.01426533523538
1050.314465408805,,54.74322396576319,54.14407988587732,,54.52924393723252,54.386590584878746,55.01426533523538
1051.572327044025,,54.828815977175466,54.58630527817404,,54.50071326676177,54.34379457917261,55.01426533523538
1052.8301886792453,,54.843081312410845,54.643366619115554,,54.50071326676177,54.35805991440799,55.01426533523538
1054.0880503144654,55.142653352353776,54.828815977175466,54.629101283880175,,54.48644793152639,54.34379457917261,55.01426533523538
1055.3459119496854,55.156918687589155,54.81455064194009,54.671897289586305,54.900142653352354,54.50071326676177,54.34379457917261,55.01426533523538
1056.6037735849056,55.156918687589155,,54.643366619115554,54.900142653352354,54.51497860199714,54.35805991440799,55.0
1057.8616352201257,55.156918687589155,54.04422253922967,54.671897289586305,,,54.386590584878746,55.01426533523538
1059.119496855346,,54.015691868758914,54.657631954350926,,54.27246790299572,54.386590584878746,55.01426533523538
1060.377358490566,,54.00142653352354,54.657631954350926,,54.27246790299572,54.415121255349504,55.01426533523538
1061.6352201257862,,54.00142653352354,54.671897289586305,,54.27246790299572,54.429386590584876,55.01426533523538
1062.8930817610062,,53.958630527817405,54.60057061340942,,54.30099857346647,54.429386590584876,55.01426533523538
1064.1509433962265,54.85734664764622,54.04422253922967,54.58630527817404,,54.27246790299572,54.429386590584876,55.0
1065.4088050314465,54.871611982881596,,54.21540656205421,55.071326676176895,54.25820256776034,54.400855920114125,
1066.6666666666665,54.871611982881596,54.02995720399429,54.201141226818834,,,54.386590584878746,
1067.9245283018868,54.900142653352354,54.02995720399429,54.186875891583455,,,54.35805991440799,
1069.1823899371068,,54.04422253922967,54.186875891583455,,54.48644793152639,54.34379457917261,
1070.440251572327,,54.0870185449358,54.52924393723252,,54.47218259629101,54.32952924393723,
1071.698113207547,,54.643366619115554,54.5435092724679,,54.47218259629101,54.31526390870185,
1072.9559748427673,,54.686162624821684,54.55777460770328,55.01426533523538,54.47218259629101,54.31526390870185,
1074.2138364779873,,54.686162624821684,54.55777460770328,,54.47218259629101,54.31526390870185,
1075.4716981132076,,54.686162624821684,54.5435092724679,,54.47218259629101,54.34379457917261,55.0
1076.7295597484276,,54.671897289586305,54.37232524964337,,,54.37232524964337,55.01426533523538
1077.9874213836476,,54.643366619115554,54.52924393723252,,,54.37232524964337,55.01426533523538
1079.245283018868,,54.400855920114125,54.57203994293866,,54.25820256776034,54.400855920114125,55.01426533523538
1080.503144654088,,54.14407988587732,54.58630527817404,,54.27246790299572,54.415121255349504,55.0
1081.7610062893082,,54.14407988587732,54.58630527817404,,54.27246790299572,54.429386590584876,55.01426533523538
1083.0188679245282,,54.14407988587732,54.60057061340942,,54.27246790299572,54.429386590584876,
1084.2767295597484,,54.12981455064194,54.60057061340942,,54.27246790299572,54.400855920114125,
1085.5345911949685,,,54.229671897289585,,54.27246790299572,54.400855920114125,
1086.7924528301887,,,54.201141226818834,,,54.37232524964337,
1088.0503144654087,,,54.201141226818834,,54.47218259629101,54.37232524964337,
1089.3081761006288,,54.657631954350926,54.10128388017118,,54.48644793152639,54.34379457917261,
1090.566037735849,,54.614835948644796,54.0870185449358,,54.47218259629101,54.34379457917261,
1091.823899371069,54.843081312410845,54.629101283880175,54.12981455064194,54.928673323823105,54.47218259629101,54.34379457917261,
1093.0817610062893,54.843081312410845,54.04422253922967,54.37232524964337,,54.48644793152639,54.34379457917261,55.0
1094.3396226415093,54.828815977175466,54.0870185449358,54.58630527817404,,54.48644793152639,54.35805991440799,55.01426533523538
1095.5974842767296,54.828815977175466,54.10128388017118,54.58630527817404,,,54.37232524964337,55.01426533523538
1096.8553459119496,54.81455064194009,54.11554921540656,54.58630527817404,,,54.400855920114125,55.01426533523538
1098.1132075471698,,54.12981455064194,54.614835948644796,,,54.44365192582026,55.01426533523538
1099.3710691823899,,54.457917261055634,54.614835948644796,,54.31526390870185,54.44365192582026,55.01426533523538
1100.6289308176101,,54.686162624821684,54.614835948644796,,54.31526390870185,54.457917261055634,55.01426533523538
1101.8867924528302,,54.671897289586305,,,54.31526390870185,54.457917261055634,55.01426533523538
1103.1446540880502,,54.71469329529244,,,54.31526390870185,54.457917261055634,55.01426533523538
1104.4025157232704,,54.72895863052781,54.243937232524964,,54.31526390870185,54.429386590584876,55.01426533523538
1105.6603773584905,,54.71469329529244,54.243937232524964,,54.32952924393723,54.429386590584876,55.01426533523538
1106.9182389937107,,54.71469329529244,54.229671897289585,,,54.429386590584876,55.01426533523538
1108.1761006289307,,54.657631954350926,54.1583452211127,,54.52924393723252,54.415121255349504,55.01426533523538
1109.433962264151,,54.657631954350926,54.14407988587732,,54.5435092724679,54.400855920114125,55.01426533523538
1110.691823899371,,54.643366619115554,54.14407988587732,,54.5435092724679,54.400855920114125,55.01426533523538
1111.9496855345913,,54.643366619115554,54.14407988587732,,54.55777460770328,54.429386590584876,55.0
1113.2075471698113,,54.629101283880175,54.1583452211127,,54.55777460770328,54.44365192582026,55.0
1114.4654088050313,,54.015691868758914,54.186875891583455,,,54.457917261055634,
1115.7232704402516,54.843081312410845,53.93009985734665,54.201141226818834,,,54.48644793152639,
1116.9811320754716,54.97146932952924,53.93009985734665,54.21540656205421,,54.72895863052781,54.50071326676177,
1118.2389937106918,55.0,53.98716119828816,54.28673323823109,,54.75748930099857,54.52924393723252,
1119.4968553459119,55.02853067047076,54.04422253922967,54.52924393723252,,54.415121255349504,54.5435092724679,
1120.754716981132,55.114122681883025,54.1583452211127,54.74322396576319,,54.429386590584876,54.57203994293866,
1122.0125786163521,,54.25820256776034,54.77175463623395,54.94293865905849,54.44365192582026,54.57203994293866,
1123.2704402515724,,54.27246790299572,54.78601997146933,,54.457917261055634,54.57203994293866,
1124.5283018867924,55.156918687589155,54.28673323823109,54.78601997146933,,54.457917261055634,54.57203994293866,55.0
1125.7861635220124,55.18544935805991,54.885877318116975,54.74322396576319,,54.671897289586305,54.57203994293866,55.01426533523538
1127.0440251572327,55.18544935805991,54.828815977175466,54.429386590584876,,54.686162624821684,54.57203994293866,55.0
1128.3018867924527,55.18544935805991,54.81455064194009,54.415121255349504,,54.686162624821684,54.57203994293866,55.01426533523538
1129.559748427673,55.18544935805991,54.78601997146933,54.415121255349504,,54.686162624821684,54.57203994293866,55.01426533523538
1130.817610062893,,54.32952924393723,54.44365192582026,,54.71469329529244,54.60057061340942,55.01426533523538
1132.0754716981132,,54.30099857346647,54.77175463623395,,54.72895863052781,54.60057061340942,55.01426533523538
1133.3333333333333,,54.30099857346647,54.78601997146933,,,54.629101283880175,
1134.5911949685535,,54.30099857346647,54.643366619115554,,,54.643366619115554,
1135.8490566037735,,54.32952924393723,54.871611982881596,,,54.671897289586305,
1137.1069182389936,,54.415121255349504,54.95720399429386,,54.58630527817404,54.70042796005706,
1138.3647798742138,,54.415121255349504,54.97146932952924,,54.58630527817404,54.72895863052781,
1139.6226415094338,,54.400855920114125,54.885877318116975,,54.60057061340942,54.74322396576319,
1140.880503144654,,54.386590584878746,54.55777460770328,,54.629101283880175,54.75748930099857,
1142.138364779874,,54.400855920114125,54.5435092724679,,54.643366619115554,54.75748930099857,
1143.3962264150944,,54.429386590584876,54.55777460770328,,54.657631954350926,54.75748930099857,55.0
1144.6540880503144,,,54.55777460770328,,54.871611982881596,54.75748930099857,55.01426533523538
1145.9119496855346,,,54.57203994293866,,54.85734664764622,54.74322396576319,55.01426533523538
1147.1698113207547,55.22824536376605,54.457917261055634,54.55777460770328,,54.871611982881596,54.74322396576319,55.01426533523538
1148.4276729559747,55.22824536376605,54.457917261055634,54.55777460770328,,54.871611982881596,54.77175463623395,55.01426533523538
1149.685534591195,55.24251069900143,54.52924393723252,,,,54.77175463623395,55.01426533523538
1150.943396226415,55.22824536376605,54.55777460770328,,,,54.80028530670471,55.01426533523538
1152.2012578616352,,54.60057061340942,,,,54.81455064194009,55.01426533523538
1153.4591194968552,,54.671897289586305,,,,54.828815977175466,55.01426533523538
1154.7169811320755,,54.671897289586305,,,,54.843081312410845,55.01426533523538
1155.9748427672955,,54.671897289586305,55.128388017118404,,,54.85734664764622,55.01426533523538
1157.2327044025158,,54.671897289586305,55.156918687589155,,,54.85734664764622,55.0
1158.4905660377358,,54.671897289586305,55.171184022824534,,54.78601997146933,54.871611982881596,55.0
1159.7484276729558,,54.60057061340942,55.171184022824534,,54.80028530670471,,55.0
1161.006289308176,,54.58630527817404,55.18544935805991,,54.828815977175466,,55.0
1162.264150943396,,54.58630527817404,55.171184022824534,,54.828815977175466,,55.0
1163.5220125786163,,54.55777460770328,55.142653352353776,,54.828815977175466,,
1164.7798742138364,55.42796005706134,54.57203994293866,55.128388017118404,,,54.900142653352354,
1166.0377358490566,55.42796005706134,54.60057061340942,55.128388017118404,,,54.900142653352354,
1167.2955974842766,55.44222539229672,54.629101283880175,54.78601997146933,,55.057061340941516,54.928673323823105,
1168.553459119497,55.47075606276748,55.21398002853067,54.686162624821684,,55.057061340941516,54.928673323823105,
1169.811320754717,54.386590584878746,55.24251069900143,54.70042796005706,,55.071326676176895,54.928673323823105,
1171.069182389937,54.37232524964337,55.25677603423681,54.686162624821684,,,54.900142653352354,
1172.3270440251572,54.37232524964337,55.370898716119825,54.78601997146933,,,,
1173.5849056603772,54.386590584878746,,54.828815977175466,,,,55.0
1174.8427672955975,,,54.843081312410845,,,,55.01426533523538
1176.1006289308175,,54.629101283880175,55.21398002853067,,,,55.01426533523538
1177.3584905660377,,,54.85734664764622,,,,55.0
1178.6163522012578,,,54.828815977175466,,,,55.0
1179.874213836478,,,54.81455064194009,,,,55.0
1181.132075471698,55.47075606276748,,54.828815977175466,,,,55.0
1182.3899371069183,55.47075606276748,,54.85734664764622,,,,
1183.6477987421383,55.47075606276748,,54.885877318116975,,,55.099857346647646,
1184.9056603773583,55.47075606276748,,54.900142653352354,,55.156918687589155,55.071326676176895,
1186.1635220125786,,,55.057061340941516,,55.171184022824534,55.02853067047076,
1187.4213836477986,,,55.25677603423681,,55.156918687589155,55.02853067047076,
1188.6792452830189,,,55.28530670470756,,55.156918687589155,55.04279600570614,
1189.937106918239,,,55.28530670470756,,55.171184022824534,,
1191.1949685534591,,54.885877318116975,55.313837375178316,,55.171184022824534,,
1192.4528301886792,,54.871611982881596,55.35663338088445,,55.18544935805991,,55.01426533523538
1193.7106918238994,,54.85734664764622,55.370898716119825,,,55.128388017118404,55.0
1194.9685534591194,,54.843081312410845,55.385164051355204,,,55.128388017118404,55.01426533523538
1196.2264150943395,,54.828815977175466,55.385164051355204,,,55.142653352353776,55.01426533523538
1197.4842767295597,,54.843081312410845,55.29957203994294,,,55.156918687589155,55.01426533523538
1198.7421383647797,,54.843081312410845,,,55.328102710413695,55.156918687589155,55.0
1200.0,,54.843081312410845,,,,55.142653352353776,
