scenario,sensor_count,sensor_nodes_1_based,node_1_rmse_C,node_2_rmse_C,node_3_rmse_C,node_4_rmse_C,node_5_rmse_C,mean_node_rmse_C,hotspot_rmse_C,hotspot_position_accuracy,maximum_absolute_error_C,q95_absolute_error_C
capacity_plus_12pct,1,4,0.061211151165465605,0.04806521637298168,0.04318907582515104,0.05447587250937814,0.03623703303996847,0.04940265088395857,0.0394889332997361,0.8975853455453788,0.3603001743904528,0.09284570211683417
capacity_plus_12pct,1,5,0.06246458662877802,0.04269378591296977,0.027397278200344127,0.03274053436828936,0.053714226079551244,0.04567790596146004,0.040754179566620564,0.9184013322231473,0.29999999999999716,0.08788660684097636
capacity_plus_12pct,1,2,0.05711676139754704,0.051430224152809526,0.028288296296023942,0.04515656887948715,0.0664192948773102,0.05129962678470701,0.06601858210778087,0.9117402164862615,0.5719992809793979,0.09443588149700731
capacity_plus_12pct,1,3,0.06219982289498376,0.04005999150757348,0.050028950633152255,0.04554873992452538,0.06290298509148991,0.052930123807413944,0.06603893951815179,0.9134054954204829,0.3246435532596408,0.09825271322336279
capacity_plus_12pct,1,1,0.04924827748008732,0.03498238182625295,0.02136309699172938,0.04233617151918112,0.06342085333025908,0.04454233456412274,0.06883292528736312,0.9250624479600333,0.4797869135110915,0.08220825394521118
capacity_plus_12pct,2,"2,4",0.048926188801025776,0.05135028636040835,0.03688194999890769,0.05435569256260854,0.03791169456539156,0.04643864768571935,0.03877315389161665,0.8684429641965029,0.582144349275616,0.08851444634088068
capacity_plus_12pct,2,"2,5",0.056869375641623886,0.051368499140935116,0.023989061538879527,0.029802419330686936,0.05362562757269291,0.04519339729186951,0.03935155939122675,0.8767693588676103,0.5741887034389137,0.0892783317059525
capacity_plus_12pct,2,"4,5",0.05916297568927947,0.04585955030983837,0.042748783948721315,0.053846064920977106,0.05305432909836571,0.0512737264486932,0.04048612708288321,0.8534554537885096,0.30731966891467266,0.09915807744181679
capacity_plus_12pct,2,"3,5",0.05666727367186791,0.036852418733163965,0.049904333730551774,0.03230310479655702,0.05355351796696953,0.04684270074005765,0.04052259504059943,0.8859283930058285,0.29999999999999716,0.09386918195488508
capacity_plus_12pct,2,"3,4",0.049571740883945045,0.03312838005645996,0.04963564561401725,0.05401839671126174,0.042980315903393906,0.04644101444490923,0.04299908644496417,0.8692756036636137,0.36377856468346437,0.08906442746292385
capacity_plus_12pct,2,"1,4",0.04921040215403302,0.04078246872226706,0.0402804995027611,0.05441735131443279,0.03666404914316226,0.04475017921547779,0.04659370381542919,0.8684429641965029,0.51750543933165,0.08811780552082951
capacity_plus_12pct,2,"1,5",0.049211947045865005,0.03496293842373578,0.01960170073998473,0.030658449385648677,0.05365686563977937,0.03961678739167172,0.04738525848823151,0.8884263114071607,0.481035145269999,0.08402669474458549
capacity_plus_12pct,2,"2,3",0.05937818570209806,0.05104999511814098,0.04959353887866401,0.04208032903777821,0.05905442155925467,0.05262997023554251,0.0598854019123469,0.8751040799333888,0.641596995340926,0.09333972177586676
capacity_plus_12pct,2,"1,2",0.04875040708522592,0.050946193730627184,0.03169560536579396,0.03750602643755727,0.06132201088609388,0.04720978560503523,0.06672318363365551,0.8459616985845129,0.3620602851053576,0.091612066229132
capacity_plus_12pct,2,"1,3",0.04908938071641285,0.03194040314746128,0.04986215267013767,0.047171926180111436,0.06262352391295921,0.0491184024334307,0.06891358232707173,0.8892589508742714,0.39788748973621324,0.09031213946930879
capacity_plus_12pct,3,"2,3,5",0.059372342148235384,0.0510498974425851,0.04938912204044747,0.031149412583118114,0.053546054305076335,0.0498154960888824,0.039712036440274504,0.855120732722731,0.6416105756544681,0.0958698325279073
capacity_plus_12pct,3,"2,4,5",0.04962459050313813,0.051348754832545564,0.03697961687650604,0.053658603049108994,0.05305423231950707,0.04931690160175163,0.03991080674632042,0.8184845961698585,0.6037933841851952,0.09784620739309562
capacity_plus_12pct,3,"3,4,5",0.049579972667513336,0.03312986627365299,0.049635470474216035,0.053164079993106836,0.053054774629612285,0.048292173632444174,0.04058568044161668,0.8226477935054122,0.29999999999999716,0.09609668103355062
capacity_plus_12pct,3,"2,3,4",0.05932353961430454,0.05104955684012496,0.04906182069409098,0.05401780223130404,0.04296842033566683,0.051568614408000264,0.04312811034850988,0.8401332223147377,0.6416314859811934,0.09523336723276543
capacity_plus_12pct,3,"1,2,5",0.048750381109028774,0.050842915057209385,0.030067366811830868,0.028566728039374375,0.053625058591466906,0.04372036842617222,0.047236261496256315,0.8218151540383014,0.3542899063618634,0.09237366423741947
capacity_plus_12pct,3,"1,3,5",0.049081613229488584,0.03134349288998134,0.0496845847926843,0.03346082403115368,0.053551436908741194,0.044378734568731405,0.04759415039083355,0.8634471273938384,0.38003203408447206,0.09241914473753639
capacity_plus_12pct,3,"1,2,4",0.04875004777164079,0.050799230106466475,0.04379248458532094,0.05437322092854306,0.038185717381041075,0.04751737957705887,0.04780641089593081,0.8084929225645295,0.3788434832905594,0.09301814423879767
capacity_plus_12pct,3,"1,4,5",0.04920778740259507,0.04027482276808621,0.04017865562026663,0.053757970546551646,0.053054313098889576,0.047670686156569324,0.04811204319049061,0.8251457119067444,0.5179567918904695,0.09705785621989947
capacity_plus_12pct,3,"1,3,4",0.049068489662454924,0.029659864173193162,0.049395767700384015,0.05401799426374455,0.04297090401894425,0.04580787788955141,0.0504773904996767,0.8451290591174022,0.36827714000823875,0.09058465032931906
capacity_plus_12pct,3,"1,2,3",0.048750739144999417,0.05040812162186557,0.049593345086582155,0.04206692639906673,0.059035734783048764,0.050263222036682785,0.06535466069240567,0.8234804329725229,0.325040240360309,0.09425313771990745
conduction_plus_20pct,1,5,0.08545346382576408,0.06477977442834654,0.041813162677658715,0.032269998208862824,0.052259906185053245,0.058342959826850636,0.05609729621156178,0.9159034138218152,0.29999999999999716,0.1304633575859171
conduction_plus_20pct,1,4,0.08378075304932323,0.06041077261949753,0.034108664553749724,0.04971745946335736,0.052230912608799494,0.05836432306653648,0.06426155890815667,0.9109075770191507,0.4576277543900318,0.1312154936508464
conduction_plus_20pct,1,2,0.035874681942879044,0.05157193119510244,0.04556099963132429,0.06853799877726335,0.08910209668076204,0.06108862821900759,0.07679387194080238,0.9159034138218152,0.40426454690160796,0.1355033320399017
conduction_plus_20pct,1,3,0.06494396689939214,0.03964195788135589,0.04980449817003734,0.05630515364943487,0.08446792682450388,0.06095045970094396,0.07683703178139276,0.9042464612822648,0.3931342240664435,0.13777488518339856
conduction_plus_20pct,1,1,0.05291481606994928,0.0347912371466164,0.03215831249773428,0.0580016233044648,0.0839349680375152,0.05559466192004823,0.07926819426290038,0.9117402164862615,0.3211278322140032,0.1280835597093173
conduction_plus_20pct,2,"3,5",0.047553436726459127,0.02900757591555928,0.04961349833165184,0.0283039028486193,0.05203515020981721,0.04259820605500055,0.03798959518101443,0.8975853455453788,0.35262265495364886,0.0849933597765145
conduction_plus_20pct,2,"2,5",0.03601341817282279,0.051374674861292234,0.026267372479176456,0.026811464610062726,0.052121896348474195,0.04015431502603831,0.04088705043960924,0.8992506244796004,0.4034231120219687,0.08303691843689623
conduction_plus_20pct,2,"4,5",0.06641034164796977,0.04195633598144448,0.027549827093750232,0.048885792960360545,0.05137225453886986,0.04890519373124522,0.042524334065151825,0.8792672772689425,0.3050742031871181,0.09873116720689697
conduction_plus_20pct,2,"2,4",0.03605602200130006,0.05127123875877062,0.024432851580758697,0.04960656133242282,0.04352647634760882,0.04214523924063276,0.044566032312251334,0.890924229808493,0.4157799989306312,0.08328023766009811
conduction_plus_20pct,2,"1,5",0.052850423976662245,0.034619695754910515,0.02322685274123378,0.02703519460260677,0.05216985289761393,0.03995941099540374,0.050022299319302375,0.8859283930058285,0.3255154058891492,0.08552517340300625
conduction_plus_20pct,2,"3,4",0.04725993489351447,0.029455087499446923,0.04900517735641274,0.049014966738188684,0.05195065779086412,0.046052033272640576,0.05080688010530859,0.8767693588676103,0.527009517069942,0.0861513326155759
conduction_plus_20pct,2,"1,4",0.052800834469947405,0.033577403479254406,0.02291884516280471,0.04964534941765605,0.051502793497831816,0.04372148685854479,0.059552273627644786,0.8792672772689425,0.4668532731018402,0.08818774406331614
conduction_plus_20pct,2,"2,3",0.03769952584799846,0.05092587526276016,0.04927719975112752,0.04509637964158446,0.06678961380301465,0.05086743045306772,0.0659908739481893,0.8742714404662781,0.407939922488616,0.09654692968449163
conduction_plus_20pct,2,"1,3",0.05267161052711381,0.030178720932493422,0.04972418097977642,0.05369723776235629,0.0781727363810346,0.055048920031834585,0.07992564514116778,0.8676103247293921,0.4019963803064215,0.10846530857869544
conduction_plus_20pct,2,"1,2",0.05217515389990178,0.05098455951595929,0.04220354846239405,0.06382828992698411,0.08498260531701557,0.060661198962439315,0.0805285267008891,0.8634471273938384,0.32220126039172925,0.12831589286129913
conduction_plus_20pct,3,"3,4,5",0.04718326255733632,0.02940402044573985,0.04900674766032408,0.047938932761309574,0.05137237067352831,0.045672266733943576,0.03804554270391337,0.8542880932556203,0.329507446662312,0.09084386127949531
conduction_plus_20pct,3,"2,4,5",0.03676991136252135,0.051266049859799476,0.028510933200243498,0.048685723560866374,0.05137218639586525,0.044277553626008964,0.0399019081525224,0.8467943380516236,0.39739600980446,0.08955532481798517
conduction_plus_20pct,3,"2,3,5",0.03772772597995581,0.05092630738656942,0.0489351693871472,0.02875260063488769,0.052023038390177787,0.0445973753963482,0.041076343209455204,0.8484596169858452,0.4081336335523318,0.09040339806606995
conduction_plus_20pct,3,"1,4,5",0.05277688618391769,0.030742006557599073,0.022904226834514544,0.048749759146128224,0.05137232972274422,0.043059794628614805,0.049265482436948206,0.8426311407160699,0.2864208625036184,0.09033642665630738
conduction_plus_20pct,3,"1,2,5",0.052175082134043003,0.050712510008132795,0.026325654863201212,0.02679150560795398,0.05210698952438369,0.04340497920983431,0.04959746091126697,0.8559533721898418,0.2638844372114093,0.09170078238836227
conduction_plus_20pct,3,"1,3,5",0.05265201959850742,0.028278173872310835,0.049408372435653096,0.02933380929823535,0.05203812667108037,0.04377560176051289,0.04970036955833794,0.8601165695253955,0.32715000776255465,0.09131398917582062
conduction_plus_20pct,3,"2,3,4",0.03772304569283767,0.05092574162655124,0.04824949136557182,0.049015032839158174,0.05190467810772626,0.04783522093036676,0.05272083615031703,0.8351373855120733,0.5267250354076651,0.09066823115605872
conduction_plus_20pct,3,"1,2,4",0.05217504586352615,0.050560895303651654,0.02489015569962989,0.04960352945916671,0.04443100755491165,0.04545939718621602,0.05336169174186389,0.858451290591174,0.42939329360875433,0.0905478523878202
conduction_plus_20pct,3,"1,3,4",0.05263917639331111,0.0276406777432387,0.04877111235466105,0.04901498756851853,0.051965236594971716,0.04693903743899331,0.05968377298741994,0.8417985012489592,0.5269795324125326,0.09111972946069642
conduction_plus_20pct,3,"1,2,3",0.05217564215056785,0.050069066152615235,0.0492787367204343,0.045158415075847225,0.06685743469570425,0.053229318872654766,0.0714809342956825,0.8426311407160699,0.37477545995861306,0.1033083683159589
cooling_minus_15pct,1,3,0.4183331836280352,0.2732850763897507,0.05890058652837237,0.2696413628212659,0.4097980032388223,0.3142602528471398,0.39379034229239834,0.9383846794338052,0.8465383653601819,0.6823112006268447
cooling_minus_15pct,1,2,0.14528332022354754,0.05828684315489846,0.36843858134682217,0.6183439386955979,0.7455987752303147,0.4687255801834441,0.6302554411988992,0.5778517901748543,1.3812036525465103,1.070944848950913
cooling_minus_15pct,1,4,0.7570222973859692,0.6289528162091408,0.3769021408113117,0.0593061461600746,0.13906555557690772,0.47614621183526445,0.6422786086558984,0.559533721898418,1.3644843713383992,1.0880466479263902
cooling_minus_15pct,1,1,0.06410370529461029,0.4174665376237927,0.7202957018750155,0.9203641929869639,1.0193175252666056,0.7187895322353963,0.8953275957856703,0.488759367194005,1.8035916269479628,1.551408208182862
cooling_minus_15pct,1,5,1.0282810805179408,0.9274815038858915,0.724345533911964,0.41866131331958767,0.061719467576853336,0.7240644945097419,0.9085809912700792,0.5237302248126561,1.8072793984213718,1.5653729233085432
cooling_minus_15pct,2,"2,5",0.18016856998137784,0.05613465425057088,0.17990856330685123,0.18615214879985947,0.058237043941738335,0.14561804830307132,0.1460731441680786,0.5936719400499584,0.603626408004601,0.32456202132149203
cooling_minus_15pct,2,"1,4",0.060603551102456084,0.18875937402355236,0.18457096962573524,0.056930505824802,0.17656247732788355,0.1468228356967694,0.14869786930509915,0.5945045795170691,0.44184840109009116,0.3211578498867411
cooling_minus_15pct,2,"2,4",0.18972440925418543,0.05517937221690734,0.10065306147758396,0.05578371481974591,0.19046582620211258,0.13308659373494838,0.17535475429714314,0.9342214820982515,0.6083965835801308,0.30192341182375204
cooling_minus_15pct,2,"1,5",0.061572537900884745,0.25741890535925627,0.3384735418589338,0.25671843046299875,0.0591964740022569,0.22540123507741944,0.22930808806828573,0.11490424646128226,0.6785401824033457,0.4892310175600756
cooling_minus_15pct,2,"1,3",0.05927888149654464,0.10169926541338084,0.05654578167827185,0.3016697716806206,0.4520212146539855,0.24995278812040145,0.3561387367027476,0.6519567027477102,0.8901053002561099,0.5792359206138361
cooling_minus_15pct,2,"3,5",0.45405968254567847,0.3014671022798652,0.05654034146773774,0.1030139959860234,0.05705868993056353,0.2506459641603631,0.35644968531417176,0.6536219816819318,0.9120719878073089,0.5677486829554967
cooling_minus_15pct,2,"3,4",0.45491544547573315,0.3038728543664187,0.05498119022200403,0.054499989129280196,0.19640576218808453,0.26224232216298793,0.3653216635578416,0.765195670274771,0.9281827860121865,0.5760133438773323
cooling_minus_15pct,2,"2,3",0.19673748808833263,0.05380812047771042,0.05478389177301106,0.3064104718380696,0.45645335681002147,0.2633777788810639,0.3658129819154231,0.7593671940049959,0.8981781859260778,0.5882677404879391
cooling_minus_15pct,2,"1,2",0.05799069491357847,0.05637559646022084,0.3689790095139269,0.6131772213516148,0.7375658501536577,0.4610154717863727,0.6222263427341529,0.5503746877601998,1.379781219490262,1.066475104970904
cooling_minus_15pct,2,"4,5",0.7447722402209063,0.6199953227559681,0.37432145147562507,0.05678614554167998,0.05562299266222681,0.46594313445225183,0.6297604671123489,0.5362198168193172,1.3495423718368613,1.081070459027879
cooling_minus_15pct,3,"1,3,5",0.05943936843379726,0.113094367198438,0.05401750638703722,0.11411845259475534,0.05721781428874308,0.08430677897144444,0.07602912274152811,0.5678601165695254,0.4196607586193508,0.18217230318154237
cooling_minus_15pct,3,"1,2,5",0.0579972536134235,0.05403369290363075,0.19139905680509695,0.1925201267436691,0.05831597864805469,0.12913688311900912,0.12153168009502716,0.36969192339716905,0.4077411514764435,0.31910442584456433
cooling_minus_15pct,3,"1,4,5",0.060663109956345544,0.19437119153816462,0.19410657900764625,0.0541815468637942,0.05562896601117864,0.13051264988775574,0.12207119145107381,0.37385512073272276,0.414102386947782,0.3169528622055168
cooling_minus_15pct,3,"2,4,5",0.18892086683314963,0.05527015056272224,0.10736187009729882,0.05294980927726714,0.05563203217771922,0.1059915656321064,0.13386716285526812,0.8126561199000832,0.6198326303407242,0.21785129682646842
cooling_minus_15pct,3,"1,2,4",0.05800047448577597,0.05306382101024028,0.10979217719881923,0.0558926478719078,0.1890589201955486,0.1068657192054391,0.1372513691490334,0.8068276436303081,0.4432513749353433,0.22710994410140872
cooling_minus_15pct,3,"2,3,5",0.1970737196512674,0.053817621701316355,0.052277281755982466,0.11806913029241134,0.05725366437298912,0.11107259174315508,0.1403112041355575,0.7310574521232306,0.6492075620593241,0.23578522942924848
cooling_minus_15pct,3,"1,3,4",0.05945808546250988,0.1168433144136833,0.052512412128250766,0.05451134793881636,0.19675439472475803,0.11102158022220888,0.1453375799613863,0.7268942547876769,0.4531097055983011,0.24354017416586662
cooling_minus_15pct,3,"2,3,4",0.1972153469398292,0.0538183583043719,0.05078893758673729,0.054511409227558885,0.19692485977691462,0.13124078563807548,0.18167437488716429,0.9342214820982515,0.6494803220766769,0.3073782505582159
cooling_minus_15pct,3,"3,4,5",0.45517003082166396,0.30412767089913756,0.05498720878973386,0.05155816677892947,0.055630150333421335,0.24837469616808294,0.35880450623264304,0.6469608659450458,0.9285928316588254,0.5765334643688632
cooling_minus_15pct,3,"1,2,3",0.05799849212450257,0.05170714984489716,0.05478980175651614,0.3066544187536175,0.4567000765317226,0.24966027687860845,0.360391088966316,0.6486261448792673,0.8985611861221159,0.5866086106001362
load_preview_minus_10pct,1,3,0.2962314275533443,0.1906971775589552,0.051643446641725085,0.20289637028379295,0.31656221303258125,0.23158760311152413,0.17948832528072411,0.2581182348043297,0.5911914465460484,0.49175706807816794
load_preview_minus_10pct,1,4,0.5514061931023241,0.4586345336612022,0.2757638282971578,0.05570943634199687,0.11051523110559004,0.34806817489083813,0.19514420975449556,0.38800999167360534,0.9906520328831547,0.808227605710347
load_preview_minus_10pct,1,2,0.10298108121271232,0.060775051799126095,0.2887485109344809,0.47925798972493044,0.577251108630687,0.36347805317689946,0.21190501334390374,0.3913405495420483,1.0015940657624185,0.8137986005601533
load_preview_minus_10pct,1,5,0.7413451704548907,0.6703707693040242,0.5261557823133196,0.3086896642511534,0.05668006069799606,0.5242769259565063,0.24240871447073833,0.5728559533721899,1.2954179933251737,1.1457818573514573
load_preview_minus_10pct,1,1,0.05810918367075643,0.31240011672589224,0.5410757271464113,0.6946914650559785,0.7717192235292596,0.5425643269236331,0.25063484046804346,0.5403830141548709,1.2907863380207516,1.1472333623653612
load_preview_minus_10pct,2,"1,5",0.05689577181271587,0.19189717641414472,0.2515889904089788,0.19600551118794202,0.05542175934175271,0.1702048219560638,0.056941465008503375,0.9308909242298085,0.538716705966074,0.3675232440373677
load_preview_minus_10pct,2,"2,5",0.13219439981165543,0.059498678165372326,0.1435916994834619,0.14907412268530412,0.05490800363177799,0.11564775062469623,0.07712425355118603,0.6652789342214821,0.5851169274087908,0.24911409860448974
load_preview_minus_10pct,2,"1,4",0.05639663265495868,0.14186861770961393,0.1373966370926024,0.05425810756102717,0.13603322500559878,0.11281320959137638,0.0815184456854884,0.6361365528726062,0.3679174857989196,0.2493985441736797
load_preview_minus_10pct,2,"2,4",0.14328364367441734,0.05889037528845322,0.07744297120951028,0.05355572923354256,0.14381317782632627,0.10348539886016034,0.09590059143839448,0.33638634471273937,0.42723440522797773,0.23115576253318584
load_preview_minus_10pct,2,"3,5",0.3275410310585575,0.21526409758523748,0.0508113550356722,0.07940877652042445,0.054161530398607785,0.18190259904698497,0.12426568814823247,0.5678601165695254,0.6387524795249888,0.4281909632361989
load_preview_minus_10pct,2,"3,4",0.32699716528489015,0.21528871717448633,0.05026441955631342,0.05260850160698212,0.15057739521665367,0.19039122674739353,0.13588646528170667,0.2614487926727727,0.6375469712748654,0.4238801820022531
load_preview_minus_10pct,2,"1,3",0.055689828458272285,0.07587238621538428,0.05090323916311674,0.2207840750286982,0.3382103249091216,0.18685874204994385,0.13969028455837357,0.517901748542881,0.6385640939000581,0.42590989272191176
load_preview_minus_10pct,2,"2,3",0.15014300157551744,0.057885164368140694,0.05025178978787714,0.2179758061994874,0.33336006524721307,0.1934224603001731,0.14292034378958368,0.23064113238967526,0.635984268136724,0.4237722455394778
load_preview_minus_10pct,2,"4,5",0.5497434688361993,0.45868489497814413,0.27838744605123533,0.05405194554098039,0.053318469955679314,0.34521696267225277,0.1837346416870085,0.5270607826810991,0.9949687971100332,0.8127607344805129
load_preview_minus_10pct,2,"1,2",0.054960750697592306,0.059246395085397405,0.287700770262761,0.47379724972645965,0.5694772358792834,0.3572368146456101,0.19854780181821918,0.4787676935886761,1.0085881507862595,0.818322304816431
load_preview_minus_10pct,3,"1,2,5",0.05496418357554896,0.057868059596819156,0.15125100752895287,0.15355078348066156,0.05495022795903115,0.10568255460238035,0.05244824435666311,0.8509575353871773,0.5874240646093369,0.2446145213089466
load_preview_minus_10pct,3,"1,3,5",0.05577082524916387,0.08503215907586373,0.050171025596405044,0.08728874867754305,0.054248235384878746,0.06844001975969234,0.053588947000510284,0.8609492089925063,0.5524048030246718,0.1384817524849055
load_preview_minus_10pct,3,"1,4,5",0.05644238069727638,0.14697577633976414,0.14586657396905825,0.05245633223392998,0.05332226971113017,0.10164606220558309,0.053802360727985665,0.855120732722731,0.35889992046924846,0.24003816070640485
load_preview_minus_10pct,3,"2,3,5",0.15039085446159195,0.05789049504074433,0.04967896547365153,0.08587562802176722,0.054236385779261105,0.08803740927902434,0.07498677364031786,0.5678601165695254,0.4966332499378794,0.17149970317348256
load_preview_minus_10pct,3,"2,4,5",0.1425634369882991,0.05893800376024905,0.08348054863747126,0.05167715023362045,0.05332377834621934,0.08518330475786669,0.07596869162301201,0.5695253955037469,0.46571247105391933,0.1726738764277485
load_preview_minus_10pct,3,"1,2,4",0.05496555732466843,0.05720401078422829,0.08392344730168416,0.05361614033707986,0.14245364421602488,0.08544517260077754,0.07673984749429819,0.5603663613655288,0.4576194407279388,0.18092786519599147
load_preview_minus_10pct,3,"1,3,4",0.05577292569151221,0.0845862117442379,0.04970215362944844,0.05261517675289874,0.15082076044974377,0.08746543218919693,0.0772780564910195,0.5578684429641965,0.5561768249935,0.18472484020761898
load_preview_minus_10pct,3,"2,3,4",0.15049936772639927,0.05789090255898166,0.049244959622483285,0.052614485047893116,0.1509264633205412,0.10389760699906526,0.0933330107993404,0.2714404662781016,0.351622445337604,0.24023966267396732
load_preview_minus_10pct,3,"3,4,5",0.32720387935626694,0.21549917394764295,0.05026581816244923,0.05069221366550275,0.05332272566874985,0.17968969848742086,0.1226520198362259,0.5129059117402165,0.6379459074031928,0.4242645708634414
load_preview_minus_10pct,3,"1,2,3",0.05496505240859972,0.056160158691952136,0.05025239133520959,0.21818852425552734,0.33357297997749297,0.1830724383042747,0.1315050782821087,0.47543713572023316,0.6363974425374863,0.42413571829243935
measurement_noise,1,4,0.08126320800493476,0.06370444833392402,0.05176725091914298,0.07991478260242195,0.05742489292990582,0.06786133624813452,0.0654483493510451,0.8784346378018318,0.49938846798543324,0.15336821852209398
measurement_noise,1,5,0.08062181312071837,0.06136290756156484,0.043059306296033724,0.04117111149356293,0.08051563126819518,0.06371375728068182,0.07008577734714044,0.8975853455453788,0.4617544516719505,0.14337299539642606
measurement_noise,1,3,0.08321367453417144,0.05843981845678821,0.07643460162187504,0.058010233622147155,0.06726341562384207,0.06938520104765558,0.07212655230656168,0.8817651956702748,0.5163749517240674,0.1431684785609676
measurement_noise,1,2,0.0851508693105437,0.07730371700384109,0.04884517698655741,0.059303971448781634,0.08415978986586142,0.07240472053901353,0.07506519462961657,0.8984179850124896,0.6932007031791372,0.1490997262092052
measurement_noise,1,1,0.0863396683162376,0.044670587090874736,0.03653433953525885,0.05576629504501415,0.07842118225683828,0.06331590500164513,0.08753926751204419,0.8892589508742714,0.3493951984198489,0.14469794948197431
measurement_noise,2,"3,4",0.06957925908388413,0.05290071494427972,0.07378197513975078,0.07743084466017237,0.06190952241039045,0.06769322486286403,0.06353554918515668,0.8318068276436303,0.4974189702810179,0.13285707701957822
measurement_noise,2,"3,5",0.07024693870385684,0.051337354213151214,0.0755342403203656,0.041921513652958375,0.07984482587561958,0.06543422242482586,0.06365041567829435,0.8476269775187344,0.4617544516719505,0.13281593763159946
measurement_noise,2,"2,5",0.08291984534044317,0.07700514975769346,0.04328191282419472,0.03651395696544489,0.0801783783451948,0.0669935209188897,0.0646103689008381,0.861781848459617,0.6861151498450155,0.12808533684351328
measurement_noise,2,"2,4",0.08344252080497104,0.0766272490745712,0.045047299375293025,0.07920857576225374,0.06110038698378328,0.07052787324722679,0.06464897027708147,0.8234804329725229,0.7206773877144812,0.13120477095019542
measurement_noise,2,"2,3",0.09841975485242138,0.07524471344912687,0.07418048750509974,0.055700138613148834,0.059113970459120986,0.0740917360016784,0.0649969423501244,0.8318068276436303,0.8522699665676257,0.13015986381120692
measurement_noise,2,"4,5",0.08109469408181755,0.06485635812829411,0.0551364590642307,0.0767508587186581,0.0770947030093574,0.07163380942290189,0.06535966298606713,0.8251457119067444,0.4617544516719505,0.15467944799535333
measurement_noise,2,"1,4",0.08604144675130243,0.0450596825915783,0.04307696212088637,0.07950451441545489,0.0582082260778662,0.0648047770082492,0.0771856138946629,0.8243130724396336,0.49692463596547753,0.13846470765105323
measurement_noise,2,"1,3",0.08553769505443237,0.04683485776363857,0.07584666582691851,0.05555531899730423,0.060856492314930524,0.06641208326772319,0.07873206495078208,0.8184845961698585,0.5508208713986633,0.13670684208749156
measurement_noise,2,"1,5",0.0861169301307798,0.043274331063830704,0.030305118668024503,0.0365797464704797,0.0802218843630849,0.0599680284556086,0.07925447673707663,0.8417985012489592,0.4617544516719505,0.13076424826149524
measurement_noise,2,"1,2",0.08303070069897686,0.07473490389753584,0.054645027989307066,0.0478661844259039,0.07319582310531533,0.0679915911486831,0.08223112511360589,0.8109908409658618,0.4750962798630667,0.14328899697666772
measurement_noise,3,"3,4,5",0.06952890783633199,0.052793565840195594,0.07377725804046216,0.07326351027148229,0.0771023292597387,0.06982381332694727,0.062310624871982585,0.787676935886761,0.4617544516719505,0.1382674788437896
measurement_noise,3,"2,4,5",0.08402020811792961,0.07661876859825884,0.04533764154981438,0.07579411822158794,0.07709802704054036,0.07303997117404296,0.0631711921112695,0.7793505412156536,0.7395102204542354,0.13839988723574806
measurement_noise,3,"2,3,4",0.09815371063776446,0.07525297282741034,0.07056321979140581,0.07741804048419583,0.06184536255149994,0.0775818673147202,0.06521942565264621,0.7593671940049959,0.8510676507224915,0.13792493025903527
measurement_noise,3,"2,3,5",0.09826916265306371,0.07524785862102515,0.07274360212380944,0.04272017286242352,0.07976681912298311,0.07589263311801116,0.06606605951308059,0.7793505412156536,0.8516907114175893,0.13760818776573558
measurement_noise,3,"1,2,3",0.08301655377935736,0.07236422487635591,0.07418357209888624,0.05545086709401295,0.058750536003210875,0.06950964789847502,0.07715925350126852,0.7810158201498751,0.5219799693969023,0.13734534722748332
measurement_noise,3,"1,4,5",0.08598593304255742,0.0455388616510502,0.045960155764464355,0.07612118147563733,0.07709408395065939,0.0682900235305344,0.0773059904340503,0.7543713572023314,0.4617544516719505,0.14414181211300275
measurement_noise,3,"1,3,4",0.08544081077983301,0.04785134564651284,0.07262066318216416,0.07743175957583977,0.06186831182196889,0.07026664862739024,0.07745139205152038,0.7435470441298918,0.5858340682935079,0.14073360689396713
measurement_noise,3,"1,2,5",0.08303193068762868,0.07429926897662774,0.054858651376819695,0.03938520730846531,0.08016347681708977,0.06841276501530219,0.07791700250657928,0.7751873438800999,0.5012667150100256,0.13913937566425716
measurement_noise,3,"1,3,5",0.08546356653468246,0.04676885094262053,0.07459455045095342,0.042058055991134755,0.07981770440430454,0.0681108502228938,0.07808096312262154,0.7660283097418817,0.5537274701093793,0.1396808485781378
measurement_noise,3,"1,2,4",0.08303251787957784,0.07378953607789451,0.053308130176690414,0.07930151679673851,0.06295446562758544,0.07132046930813976,0.07927465145804864,0.7477102414654455,0.5246569530760183,0.1440024690383851
nominal,1,5,0.07482091797378479,0.05132689216220536,0.027582162267321436,0.029338807250922947,0.053086591092536224,0.050343514111639634,0.05173631291036292,0.9050791007493755,0.29999999999999716,0.10953439251819505
nominal,1,3,0.07434360694464336,0.05697652084680592,0.050063685018353975,0.03711701508354197,0.06613621082752281,0.058363241120241986,0.06387917468455437,0.9125728559533722,0.3980846575629542,0.12506019035823943
nominal,1,2,0.039348336908259944,0.052771775505248614,0.03703593292819768,0.05622629667055158,0.07756990427421048,0.054558773303070705,0.06797586225382787,0.9017485428809325,0.29999999999999716,0.12535525117227453
nominal,1,1,0.05141178639556165,0.026969714183538652,0.02863952726152231,0.051210850117944635,0.07399344775333874,0.049574875220249975,0.07223226229012893,0.9175686927560366,0.29999999999999716,0.10707423252345621
nominal,1,4,0.08275738717250308,0.0600550243556299,0.038553606594245254,0.05548615957209916,0.06154421657981219,0.061332171267422096,0.07480629053939726,0.8992506244796004,0.6308772558384277,0.13138893948493263
nominal,2,"2,5",0.03808107609198504,0.05271761836529978,0.027529557392933036,0.02936392692536569,0.05300627735377237,0.041615136227259916,0.04026055646557789,0.8734388009991674,0.30051681262936114,0.08827388544651883
nominal,2,"3,5",0.0671592439302189,0.05397865700774669,0.049920035210284,0.02215779640693582,0.05287864780744443,0.05138713595558634,0.040882559675032154,0.8825978351373855,0.43401510195348436,0.10054060988293262
nominal,2,"2,3",0.035046662217652076,0.052413699624649444,0.04968397872204871,0.027638711591654846,0.04616172423086842,0.04321750882456689,0.04741600556450408,0.8734388009991674,0.29999999999999716,0.08735538395977333
nominal,2,"4,5",0.0699242529169206,0.04532091723441291,0.03746791791068725,0.05468184937564712,0.052422352227307074,0.053076245575030656,0.04757582410434168,0.839300582847627,0.36703242084865195,0.10736387949415589
nominal,2,"1,5",0.05137595901205792,0.02501630629726207,0.01685140552729467,0.027927466854150648,0.053036781358034434,0.03779449217841684,0.048690852528682965,0.8784346378018318,0.2869170249189281,0.08395445057976618
nominal,2,"1,3",0.051213957279790445,0.02688583684341968,0.04988978011715494,0.027212070880416356,0.04920722997206839,0.042418288712040425,0.055986110026105616,0.8717735220649458,0.29999999999999716,0.0880898800413235
nominal,2,"2,4",0.03739495043925482,0.05262993838357314,0.035203162316758574,0.05533332207558392,0.05699042548812922,0.04840917371521931,0.05900941873386715,0.8634471273938384,0.6225170416020092,0.09096965113277096
nominal,2,"3,4",0.06631739293821268,0.05433986062991293,0.049702245997450094,0.05498348020561077,0.06236205770273042,0.05785039265731939,0.06378734126443401,0.8692756036636137,0.6543468474059537,0.10705723126502707
nominal,2,"1,4",0.051349295477344854,0.025328216707462544,0.027999480537274263,0.055413055706380075,0.060265094268133056,0.04639984471487463,0.0677231995171487,0.8634471273938384,0.6304071615663318,0.08997109891764837
nominal,2,"1,2",0.0508509661646613,0.05218853975686356,0.030938243175861208,0.044311214619522386,0.06702400088870986,0.05044271953181974,0.06833362228086537,0.8534554537885096,0.29999999999999716,0.10483322776300956
nominal,3,"2,3,5",0.035045559395482505,0.05241361518091002,0.04943792153272736,0.023333930974517175,0.05286768359471301,0.04417906897739051,0.04034144747271179,0.8301415487094088,0.29999999999999716,0.0926054739269532
nominal,3,"2,4,5",0.041351429422364236,0.052616968633016674,0.04147831778112815,0.05444545628112945,0.052422340112684415,0.0488084959856442,0.040601111817343924,0.7968359700249792,0.47831609854179646,0.09628326769625915
nominal,3,"3,4,5",0.0662588505016783,0.054304835733877344,0.0497031826025671,0.05397071032368683,0.05242203445398709,0.055624750037819685,0.04079117420740277,0.8151540383014155,0.44499715317648736,0.10661822831726939
nominal,3,"1,3,5",0.05120531007148329,0.02743163389447941,0.04967684692055789,0.02215796544165829,0.05286854626181967,0.04272780372066398,0.047753950123515146,0.8234804329725229,0.2812952932461883,0.09142302771074215
nominal,3,"1,4,5",0.051331607951213144,0.02569148542998983,0.035351479936158815,0.05457111772882936,0.05242225717644102,0.045322871642868655,0.04850845169451487,0.791007493755204,0.37623947698344296,0.09408617632397669
nominal,3,"1,2,5",0.050850825338197216,0.05209231316888425,0.025614136310617968,0.027502401545240956,0.052992213388440575,0.0436349774340759,0.04854258246136048,0.8234804329725229,0.3005029625424953,0.0926758853637054
nominal,3,"1,2,3",0.05085104565735023,0.0516496276507541,0.04968422658441639,0.027630369839022395,0.046129825355436714,0.04607262392563143,0.05417852991982224,0.832639467110741,0.29999999999999716,0.09284014052287547
nominal,3,"2,3,4",0.035050044628434376,0.05241408059729301,0.049137472756093044,0.054983339569262914,0.06232827606957996,0.05157172545138511,0.06383111979502638,0.8259783513738551,0.6545371771190105,0.09625928630887728
nominal,3,"1,2,4",0.050850830130010016,0.05196232415064485,0.03440045690404546,0.05532035812514237,0.059398509666941025,0.05110343719360294,0.06698354978323676,0.8184845961698585,0.6236947923085481,0.09549451598123257
nominal,3,"1,3,4",0.05120867289844473,0.028922588857727232,0.04942369850046013,0.05498289393841312,0.062342205705840724,0.050618604362091174,0.06879332039300277,0.8251457119067444,0.6544373588148034,0.09512302159003812
